TransactionID,CustomerID,CardID,MerchantName,TransactionDate,Amount,TransactionType,Status,FraudFlag,Channel
TXN050001,C182,CRD0269,Google Play,2025-12-07,334.97,Purchase,Approved,1,Online
TXN050002,C413,CRD0626,Woolworths,2026-01-28,1213.7,Purchase,Declined,0,POS
TXN050003,C252,CRD0364,Bash.com,2026-02-02,351.83,Purchase,Declined,0,Online
TXN050004,C259,CRD0374,Wimpy,2026-03-16,115.62,Purchase,Approved,0,POS
TXN050005,C285,CRD0414,Gold Reef City,2025-11-30,270.69,Withdrawal,Declined,0,ATM
TXN050006,C490,CRD0739,Dis-Chem,2026-03-16,621.42,Withdrawal,Approved,0,ATM
TXN050007,C123,CRD0186,Dis-Chem,2026-04-15,449.44,Purchase,Approved,0,Online
TXN050008,C092,CRD0143,Nu Metro,2026-02-27,73.86,Purchase,Declined,0,Online
TXN050009,C473,CRD0719,Wimpy,2026-04-07,340.39,Withdrawal,Approved,0,ATM
TXN050010,C502,CRD0756,Mugg and Bean,2025-12-05,333.22,Purchase,Approved,0,Online
TXN050011,C307,CRD0450,Steers,2026-04-16,46.18,Purchase,Approved,0,POS
TXN050012,C303,CRD0444,Nandos,2026-02-24,139.72,Purchase,Declined,0,POS
TXN050013,C546,CRD0800,ShowMax,2025-12-12,94.99,Purchase,Approved,0,Online
TXN050014,C413,CRD0625,Totalsports,2026-04-15,1361.78,Purchase,Approved,0,Online
TXN050015,C496,CRD0749,Pep,2026-02-03,220.25,Purchase,Approved,0,POS
TXN050016,C348,CRD0520,Woolworths,2025-12-11,482.23,Withdrawal,Approved,0,ATM
TXN050017,C316,CRD0467,Chicken Licken,2026-02-26,86.89,Withdrawal,Approved,0,ATM
TXN050018,C544,CRD0798,Steers,2026-05-27,141.7,Withdrawal,Approved,0,ATM
TXN050019,C066,CRD0101,Loot.co.za,2026-04-03,735.18,Withdrawal,Approved,0,Online
TXN050020,C236,CRD0342,Checkers,2026-02-20,645.77,Purchase,Approved,0,Online
TXN050021,C399,CRD0602,Wimpy,2026-02-21,203.14,Purchase,Approved,0,POS
TXN050022,C111,CRD0169,Sportsmans Whouse,2026-04-28,300.39,Purchase,Declined,0,POS
TXN050023,C141,CRD0213,Ocean Basket,2026-05-09,176.6,Purchase,Approved,0,Online
TXN050024,C278,CRD0402,Avis SA,2025-12-01,1270.35,Purchase,Approved,0,Online
TXN050025,C546,CRD0800,Bash.com,2026-02-07,906.83,Purchase,Approved,0,Online
TXN050026,C097,CRD0150,Pep,2026-05-27,182.28,Purchase,Approved,0,POS
TXN050027,C389,CRD0587,DStv,2026-03-09,109.64,Purchase,Approved,0,Online
TXN050028,C054,CRD0084,McDonalds,2026-04-16,61.58,Purchase,Approved,0,POS
TXN050029,C015,CRD0022,Spotify,2026-01-25,77.75,Purchase,Approved,1,Online
TXN050030,C353,CRD0531,Mugg and Bean,2026-01-07,269.57,Purchase,Approved,0,ATM
TXN050031,C451,CRD0685,Truworths,2026-02-08,172.8,Purchase,Declined,0,ATM
TXN050032,C199,CRD0292,Google Play,2026-02-28,28.55,Refund,Declined,0,Online
TXN050033,C062,CRD0095,Faithful to Nature,2026-01-27,594.7,Purchase,Approved,0,Online
TXN050034,C393,CRD0593,Wimpy,2026-04-27,155.14,Purchase,Approved,0,POS
TXN050035,C137,CRD0207,Amazon.co.za,2025-12-27,5837.22,Withdrawal,Approved,1,Online
TXN050036,C500,CRD0754,ShowMax,2026-02-08,112.35,Purchase,Approved,0,Online
TXN050037,C007,CRD0010,Steers,2026-02-10,179.12,Purchase,Approved,0,Online
TXN050038,C071,CRD0111,Pick n Pay,2026-02-19,433.22,Purchase,Approved,0,POS
TXN050039,C531,CRD0785,Google Play,2026-03-28,279.52,Purchase,Approved,1,Online
TXN050040,C498,CRD0751,Apple iTunes,2026-02-26,152.55,Purchase,Approved,0,Online
TXN050041,C260,CRD0376,Faithful to Nature,2026-01-06,799.99,Purchase,Approved,0,Online
TXN050042,C527,CRD0781,Game,2025-12-26,2886.78,Purchase,Approved,0,POS
TXN050043,C464,CRD0707,KFC,2026-05-02,46.47,Purchase,Approved,0,ATM
TXN050044,C224,CRD0327,Google Play,2025-11-25,40.71,Purchase,Approved,0,Online
TXN050045,C248,CRD0358,Clicks,2026-05-14,293.32,Payment,Approved,0,Online
TXN050046,C091,CRD0142,Ocean Basket,2025-11-26,246.36,Purchase,Approved,0,POS
TXN050047,C343,CRD0514,Spotify,2025-12-27,64.68,Purchase,Approved,0,Online
TXN050048,C120,CRD0181,Avis SA,2026-02-27,3437.33,Purchase,Approved,0,POS
TXN050049,C540,CRD0794,Wimpy,2026-04-24,233.13,Purchase,Approved,0,Online
TXN050050,C457,CRD0697,Google Play,2026-04-26,96.32,Purchase,Approved,0,Online
TXN050051,C019,CRD0031,Mugg and Bean,2026-04-07,349.25,Purchase,Approved,0,Online
TXN050052,C260,CRD0377,Wimpy,2026-01-28,159.06,Withdrawal,Approved,0,ATM
TXN050053,C480,CRD0728,Samsung Store,2026-03-26,8887.08,Purchase,Approved,0,POS
TXN050054,C406,CRD0616,Google Play,2026-03-25,134.82,Purchase,Approved,0,Online
TXN050055,C426,CRD0648,Google Play,2025-12-25,35.46,Purchase,Approved,0,Online
TXN050056,C055,CRD0085,Pep,2025-12-26,154.82,Purchase,Approved,0,POS
TXN050057,C221,CRD0324,Amazon.co.za,2026-03-20,508.68,Purchase,Approved,0,Online
TXN050058,C279,CRD0404,Checkers,2026-05-25,1501.76,Purchase,Approved,0,POS
TXN050059,C085,CRD0129,Cape Union Mart,2026-04-18,459.12,Purchase,Approved,0,Online
TXN050060,C403,CRD0607,Romans Pizza,2026-03-11,93.43,Purchase,Approved,0,Online
TXN050061,C238,CRD0345,Checkers,2026-04-27,1780.45,Purchase,Declined,0,Online
TXN050062,C009,CRD0013,Montecasino,2026-03-12,319.68,Refund,Approved,0,Online
TXN050063,C426,CRD0647,Nandos,2026-03-27,283.38,Purchase,Approved,0,Online
TXN050064,C257,CRD0370,Vida e Caffe,2025-12-27,41.37,Purchase,Declined,0,POS
TXN050065,C062,CRD0095,Debonairs,2025-12-26,127.84,Purchase,Approved,0,POS
TXN050066,C306,CRD0448,Apple iTunes,2026-01-28,31.78,Purchase,Declined,0,Online
TXN050067,C333,CRD0497,Google Play,2026-02-28,109.16,Purchase,Approved,0,Online
TXN050068,C531,CRD0785,McDonalds,2026-04-25,82.26,Purchase,Pending,0,POS
TXN050069,C150,CRD0226,Apple iTunes,2026-03-29,156.71,Purchase,Approved,0,Online
TXN050070,C166,CRD0246,Shell,2026-01-25,1380.48,Purchase,Approved,0,POS
TXN050071,C109,CRD0166,Google Play,2026-02-10,13.05,Refund,Approved,0,Online
TXN050072,C406,CRD0616,Pep,2026-01-21,363.6,Purchase,Approved,0,POS
TXN050073,C041,CRD0065,Uber Eats,2026-05-13,109.24,Purchase,Approved,0,Online
TXN050074,C349,CRD0524,Clicks,2026-01-30,147.15,Purchase,Approved,0,Online
TXN050075,C205,CRD0300,McDonalds,2026-04-30,43.39,Purchase,Approved,0,ATM
TXN050076,C122,CRD0185,Vida e Caffe,2026-03-17,112.12,Purchase,Approved,0,POS
TXN050077,C048,CRD0074,Spotify,2025-12-15,47.68,Payment,Approved,0,Online
TXN050078,C230,CRD0336,Bash.com,2026-01-25,522.71,Purchase,Approved,0,Online
TXN050079,C366,CRD0550,Mugg and Bean,2026-04-25,90.56,Withdrawal,Approved,0,ATM
TXN050080,C425,CRD0646,Mugg and Bean,2025-12-21,286.39,Payment,Declined,0,Online
TXN050081,C077,CRD0120,Debonairs,2026-04-28,103.33,Purchase,Approved,0,ATM
TXN050082,C383,CRD0577,Nandos,2026-05-12,318.99,Payment,Approved,0,Online
TXN050083,C298,CRD0436,Superbalist,2026-02-12,629.74,Purchase,Approved,0,Online
TXN050084,C331,CRD0493,Pick n Pay,2026-01-27,1134.38,Purchase,Declined,0,Online
TXN050085,C032,CRD0052,Wimpy,2026-01-10,250.42,Purchase,Approved,0,POS
TXN050086,C315,CRD0466,KFC,2025-12-28,181.31,Purchase,Approved,0,Online
TXN050087,C299,CRD0438,Vida e Caffe,2025-12-19,119.2,Purchase,Approved,0,POS
TXN050088,C513,CRD0767,Checkers,2026-04-20,787.81,Purchase,Approved,0,POS
TXN050089,C203,CRD0298,McDonalds,2025-12-29,87.66,Purchase,Approved,0,Online
TXN050090,C412,CRD0624,Pick n Pay,2026-02-25,1105.85,Purchase,Approved,0,POS
TXN050091,C453,CRD0692,Google Play,2025-11-24,208.97,Purchase,Approved,0,Online
TXN050092,C275,CRD0399,Uber Eats,2026-01-27,169.43,Purchase,Declined,0,Online
TXN050093,C055,CRD0086,Checkers,2026-04-25,52.47,Purchase,Approved,0,POS
TXN050094,C349,CRD0522,Sportsmans Whouse,2025-12-18,1244.31,Payment,Approved,0,Online
TXN050095,C362,CRD0541,Vida e Caffe,2025-12-27,45.13,Purchase,Approved,0,Online
TXN050096,C220,CRD0322,Dis-Chem,2025-11-27,168.74,Withdrawal,Pending,0,ATM
TXN050097,C191,CRD0281,Woolworths,2025-12-09,976.38,Payment,Approved,0,Online
TXN050098,C331,CRD0494,Dis-Chem,2025-12-24,323.33,Purchase,Approved,0,POS
TXN050099,C223,CRD0326,Wimpy,2026-01-27,73.93,Withdrawal,Approved,0,ATM
TXN050100,C217,CRD0318,Vida e Caffe,2025-11-30,134.83,Purchase,Approved,0,POS
TXN050101,C539,CRD0793,Pep,2026-01-01,202.53,Purchase,Declined,0,Online
TXN050102,C382,CRD0576,DStv,2026-04-14,440.2,Purchase,Approved,0,Online
TXN050103,C398,CRD0599,Incredible Connect,2026-04-21,4137.08,Withdrawal,Approved,0,ATM
TXN050104,C041,CRD0064,BP,2026-03-07,601.64,Purchase,Approved,0,Online
TXN050105,C525,CRD0779,Mr Price,2025-12-06,115.22,Refund,Declined,0,Online
TXN050106,C390,CRD0588,Ocean Basket,2026-03-09,240.88,Withdrawal,Approved,0,ATM
TXN050107,C005,CRD0007,Clicks,2026-04-29,501.57,Purchase,Approved,0,Online
TXN050108,C112,CRD0170,Nandos,2026-05-08,259.6,Purchase,Approved,0,Online
TXN050109,C367,CRD0552,Wimpy,2026-02-27,63.59,Payment,Approved,0,Online
TXN050110,C463,CRD0705,Chicken Licken,2026-01-13,154.32,Purchase,Approved,0,Online
TXN050111,C304,CRD0445,Wimpy,2026-01-28,99.08,Purchase,Approved,0,ATM
TXN050112,C038,CRD0059,Wimpy,2026-05-26,244.21,Purchase,Approved,0,POS
TXN050113,C098,CRD0152,Wimpy,2026-02-28,120.94,Purchase,Approved,0,POS
TXN050114,C165,CRD0244,Chicken Licken,2026-03-20,81.66,Purchase,Approved,0,POS
TXN050115,C314,CRD0464,Romans Pizza,2026-02-14,109.07,Purchase,Approved,0,ATM
TXN050116,C041,CRD0066,Woolworths,2026-01-30,2031.61,Purchase,Approved,0,Online
TXN050117,C060,CRD0093,Nandos,2026-04-11,464.03,Purchase,Approved,1,POS
TXN050118,C094,CRD0145,Wimpy,2026-05-09,341.09,Purchase,Approved,1,POS
TXN050119,C097,CRD0150,Steers,2026-01-28,98.29,Payment,Approved,0,Online
TXN050120,C130,CRD0195,Ster-Kinekor,2026-01-29,138.99,Purchase,Approved,0,POS
TXN050121,C115,CRD0176,Takealot,2026-01-14,18.65,Refund,Approved,0,Online
TXN050122,C479,CRD0727,Dis-Chem,2025-12-22,183.1,Withdrawal,Approved,0,ATM
TXN050123,C463,CRD0705,Amazon.co.za,2026-04-02,2950.8,Purchase,Approved,0,Online
TXN050124,C404,CRD0610,Incredible Connect,2026-04-09,8606.49,Payment,Declined,0,Online
TXN050125,C320,CRD0473,Spur,2025-12-27,390.8,Purchase,Approved,0,POS
TXN050126,C448,CRD0681,Nu Metro,2025-11-27,229.48,Purchase,Approved,0,ATM
TXN050127,C025,CRD0042,ShowMax,2026-01-15,105.07,Purchase,Declined,0,Online
TXN050128,C239,CRD0347,Vida e Caffe,2026-05-02,106.25,Purchase,Pending,0,POS
TXN050129,C249,CRD0361,KFC,2026-04-23,37.59,Purchase,Approved,0,Online
TXN050130,C360,CRD0539,Uber Eats,2026-04-20,104.65,Withdrawal,Declined,0,Online
TXN050131,C010,CRD0016,ShowMax,2025-11-28,84.39,Purchase,Approved,0,Online
TXN050132,C374,CRD0563,Apple iTunes,2026-03-29,626.25,Purchase,Approved,1,Online
TXN050133,C076,CRD0119,Vida e Caffe,2026-03-17,108.93,Purchase,Pending,0,POS
TXN050134,C028,CRD0048,Romans Pizza,2026-05-27,112.89,Withdrawal,Approved,0,ATM
TXN050135,C146,CRD0220,Bash.com,2025-12-06,708.82,Payment,Approved,0,Online
TXN050136,C052,CRD0081,Dis-Chem,2026-01-25,474.83,Purchase,Pending,0,Online
TXN050137,C102,CRD0157,Pick n Pay,2025-12-01,458.09,Purchase,Declined,0,Online
TXN050138,C063,CRD0096,KFC,2025-12-09,61.36,Purchase,Approved,0,Online
TXN050139,C137,CRD0208,Clicks,2026-01-25,320.72,Purchase,Approved,0,Online
TXN050140,C489,CRD0738,Mr Price,2026-04-22,535.61,Purchase,Approved,0,POS
TXN050141,C440,CRD0670,Takealot,2026-02-28,1685.45,Purchase,Approved,0,Online
TXN050142,C409,CRD0620,Nandos,2026-02-26,97.25,Refund,Approved,0,ATM
TXN050143,C142,CRD0214,Pep,2025-12-28,156.28,Withdrawal,Approved,0,ATM
TXN050144,C236,CRD0342,KFC,2026-05-05,94.52,Purchase,Approved,0,POS
TXN050145,C373,CRD0561,Steers,2026-01-24,144.63,Purchase,Approved,0,POS
TXN050146,C339,CRD0508,Uber Eats,2026-01-20,184.6,Payment,Approved,0,Online
TXN050147,C101,CRD0155,Spotify,2026-02-12,33.05,Purchase,Approved,0,Online
TXN050148,C319,CRD0470,Wimpy,2026-04-26,28.35,Refund,Approved,0,POS
TXN050149,C324,CRD0481,Checkers,2026-02-23,82.89,Purchase,Approved,0,Online
TXN050150,C138,CRD0210,Spotify,2026-03-13,58.55,Purchase,Approved,0,Online
TXN050151,C019,CRD0030,Mr Price,2026-03-05,405.1,Withdrawal,Approved,0,ATM
TXN050152,C277,CRD0401,Dis-Chem,2026-03-20,549.01,Purchase,Approved,0,ATM
TXN050153,C497,CRD0750,Ster-Kinekor,2026-01-16,231.95,Purchase,Approved,0,POS
TXN050154,C029,CRD0049,Sportsmans Whouse,2025-12-28,2161.13,Purchase,Approved,0,POS
TXN050155,C361,CRD0540,Clicks,2025-12-23,713.19,Purchase,Approved,0,Online
TXN050156,C003,CRD0003,Amazon.co.za,2026-03-25,1227.31,Purchase,Approved,0,Online
TXN050157,C241,CRD0349,Dis-Chem,2026-05-10,1076.1,Purchase,Approved,0,Online
TXN050158,C024,CRD0040,Vida e Caffe,2026-01-18,52.95,Purchase,Approved,0,POS
TXN050159,C365,CRD0548,Pep,2026-04-21,149.49,Purchase,Approved,0,Online
TXN050160,C427,CRD0651,Dis-Chem,2025-12-09,69.46,Withdrawal,Approved,0,ATM
TXN050161,C392,CRD0591,Ster-Kinekor,2026-02-08,108.86,Purchase,Approved,0,POS
TXN050162,C546,CRD0800,Edgars,2026-01-27,954.71,Purchase,Approved,0,Online
TXN050163,C193,CRD0283,Google Play,2026-03-06,40.77,Purchase,Approved,0,Online
TXN050164,C348,CRD0520,Dis-Chem,2026-03-27,215.38,Withdrawal,Approved,0,ATM
TXN050165,C543,CRD0797,Engen,2025-12-07,1132.65,Purchase,Declined,0,Online
TXN050166,C399,CRD0602,Dis-Chem,2026-02-08,914.18,Purchase,Declined,0,POS
TXN050167,C046,CRD0071,Takealot,2026-01-11,848.23,Purchase,Approved,0,Online
TXN050168,C504,CRD0758,Edgars,2026-03-31,169.58,Purchase,Approved,0,Online
TXN050169,C383,CRD0579,Apple iTunes,2026-03-27,428.52,Withdrawal,Approved,0,Online
TXN050170,C349,CRD0522,Vida e Caffe,2026-04-05,63.46,Withdrawal,Pending,0,ATM
TXN050171,C010,CRD0015,Vida e Caffe,2026-02-15,69.24,Withdrawal,Approved,0,ATM
TXN050172,C034,CRD0055,Gold Reef City,2026-02-06,518.27,Purchase,Approved,0,ATM
TXN050173,C433,CRD0660,Pep,2025-12-21,38.23,Refund,Approved,0,POS
TXN050174,C278,CRD0403,Ster-Kinekor,2026-03-26,105.96,Purchase,Approved,0,Online
TXN050175,C369,CRD0555,McDonalds,2025-11-27,153.59,Purchase,Approved,0,POS
TXN050176,C429,CRD0653,Avis SA,2026-05-28,3673.06,Purchase,Approved,0,POS
TXN050177,C310,CRD0455,Nandos,2025-12-29,15.09,Refund,Approved,0,POS
TXN050178,C061,CRD0094,Nandos,2026-01-31,188.73,Purchase,Approved,0,POS
TXN050179,C077,CRD0120,KFC,2026-01-13,144.16,Purchase,Approved,0,POS
TXN050180,C364,CRD0543,TicketPro,2025-11-25,969.95,Purchase,Approved,0,POS
TXN050181,C137,CRD0208,Google Play,2026-01-26,17.89,Purchase,Approved,0,Online
TXN050182,C281,CRD0408,McDonalds,2026-04-04,151.51,Purchase,Pending,0,POS
TXN050183,C047,CRD0072,Wimpy,2026-04-08,85.9,Purchase,Approved,0,POS
TXN050184,C316,CRD0467,FlySafair,2025-12-26,512.46,Purchase,Approved,0,POS
TXN050185,C280,CRD0407,Europcar,2025-11-21,3606.32,Purchase,Declined,0,Online
TXN050186,C261,CRD0378,Loot.co.za,2025-12-29,1689.32,Withdrawal,Approved,0,Online
TXN050187,C184,CRD0271,Avis SA,2025-12-28,767.44,Purchase,Approved,0,ATM
TXN050188,C064,CRD0098,Woolworths,2026-03-28,826.24,Purchase,Approved,0,Online
TXN050189,C471,CRD0716,KFC,2026-01-27,35.87,Purchase,Approved,0,POS
TXN050190,C407,CRD0617,Woolworths,2025-12-18,1210.23,Purchase,Approved,0,POS
TXN050191,C112,CRD0171,Game,2026-02-11,5737.02,Purchase,Approved,0,POS
TXN050192,C145,CRD0218,DStv,2026-02-05,580.31,Payment,Approved,0,Online
TXN050193,C467,CRD0711,Game,2026-04-19,6062.7,Purchase,Approved,0,ATM
TXN050194,C168,CRD0249,McDonalds,2025-12-22,66.29,Purchase,Approved,0,POS
TXN050195,C415,CRD0629,Apple iTunes,2026-01-11,15.77,Refund,Approved,0,Online
TXN050196,C258,CRD0372,Romans Pizza,2026-01-15,283.3,Payment,Approved,0,Online
TXN050197,C490,CRD0740,Pep,2026-04-29,108.86,Refund,Approved,0,POS
TXN050198,C342,CRD0513,Woolworths,2026-05-15,1632.43,Purchase,Approved,0,ATM
TXN050199,C522,CRD0776,Faithful to Nature,2025-12-06,1382.06,Withdrawal,Approved,0,Online
TXN050200,C505,CRD0759,KFC,2025-11-28,45.45,Purchase,Approved,0,POS
TXN050201,C059,CRD0092,Truworths,2026-02-24,118.5,Refund,Approved,0,POS
TXN050202,C432,CRD0657,Zando,2026-01-10,1212.57,Purchase,Approved,0,Online
TXN050203,C258,CRD0372,Faithful to Nature,2026-05-12,149.37,Purchase,Approved,0,Online
TXN050204,C285,CRD0415,Ocean Basket,2026-04-07,167.69,Purchase,Approved,0,POS
TXN050205,C407,CRD0617,Google Play,2026-02-13,343.48,Purchase,Approved,1,Online
TXN050206,C193,CRD0283,Faithful to Nature,2025-12-28,239.46,Purchase,Approved,0,Online
TXN050207,C280,CRD0407,Mugg and Bean,2026-02-24,368.78,Purchase,Approved,0,POS
TXN050208,C319,CRD0470,Woolworths,2026-03-07,803.8,Payment,Approved,0,Online
TXN050209,C340,CRD0510,Truworths,2026-03-27,649.93,Withdrawal,Declined,0,ATM
TXN050210,C224,CRD0327,McDonalds,2026-02-24,69.11,Purchase,Approved,0,POS
TXN050211,C091,CRD0141,Makro,2025-11-23,1689.59,Payment,Approved,0,Online
TXN050212,C223,CRD0326,Pick n Pay,2026-05-06,289.55,Purchase,Approved,0,Online
TXN050213,C096,CRD0148,Google Play,2026-03-26,49.13,Refund,Approved,0,Online
TXN050214,C035,CRD0056,Woolworths,2026-03-25,1228.37,Purchase,Approved,0,POS
TXN050215,C259,CRD0375,Romans Pizza,2026-02-11,219.06,Purchase,Approved,0,ATM
TXN050216,C353,CRD0531,Spotify,2026-02-02,60.43,Purchase,Approved,0,Online
TXN050217,C069,CRD0106,Apple iTunes,2026-04-01,63.02,Purchase,Approved,0,Online
TXN050218,C230,CRD0336,Ster-Kinekor,2026-02-07,198.17,Purchase,Approved,0,ATM
TXN050219,C120,CRD0181,Ster-Kinekor,2026-05-27,188.09,Purchase,Approved,0,POS
TXN050220,C357,CRD0536,BP,2025-12-31,322.98,Purchase,Approved,0,POS
TXN050221,C038,CRD0060,Google Play,2026-01-01,23.27,Purchase,Approved,0,Online
TXN050222,C361,CRD0540,Mugg and Bean,2026-03-16,259.67,Purchase,Approved,0,Online
TXN050223,C311,CRD0458,Chicken Licken,2026-03-28,141.59,Purchase,Approved,0,POS
TXN050224,C470,CRD0715,Mr Price,2026-01-03,91.7,Purchase,Declined,0,ATM
TXN050225,C334,CRD0498,Avis SA,2026-01-05,2111.02,Withdrawal,Approved,0,ATM
TXN050226,C362,CRD0541,Steers,2026-03-18,215.89,Purchase,Approved,0,POS
TXN050227,C256,CRD0369,Apple iTunes,2026-04-27,119.07,Withdrawal,Approved,0,Online
TXN050228,C261,CRD0378,Clicks,2026-02-25,511.15,Purchase,Approved,0,Online
TXN050229,C374,CRD0563,Ster-Kinekor,2026-03-22,447.51,Payment,Approved,1,Online
TXN050230,C398,CRD0598,Mr Price,2026-02-25,911.84,Purchase,Approved,0,POS
TXN050231,C017,CRD0025,McDonalds,2026-03-25,103.94,Purchase,Approved,0,Online
TXN050232,C361,CRD0540,Vida e Caffe,2025-11-23,70.86,Withdrawal,Approved,0,ATM
TXN050233,C450,CRD0683,Sportsmans Whouse,2026-01-13,401.9,Purchase,Approved,0,Online
TXN050234,C081,CRD0124,Google Play,2026-03-08,139.49,Withdrawal,Declined,0,Online
TXN050235,C332,CRD0495,Google Play,2026-05-06,26.79,Refund,Pending,0,Online
TXN050236,C410,CRD0622,SAA,2026-01-05,1315.55,Purchase,Approved,0,ATM
TXN050237,C300,CRD0440,Pep,2025-11-28,189.19,Purchase,Approved,0,POS
TXN050238,C047,CRD0072,Romans Pizza,2026-04-01,204.31,Purchase,Approved,0,POS
TXN050239,C306,CRD0449,Pep,2026-04-27,186.55,Purchase,Declined,0,ATM
TXN050240,C328,CRD0489,Chicken Licken,2026-05-01,58.72,Purchase,Approved,0,POS
TXN050241,C132,CRD0198,Google Play,2026-04-14,36.53,Refund,Approved,0,Online
TXN050242,C086,CRD0130,Ster-Kinekor,2026-01-26,193.08,Purchase,Approved,0,POS
TXN050243,C478,CRD0726,Cape Union Mart,2026-01-25,218.48,Purchase,Approved,0,POS
TXN050244,C415,CRD0630,Takealot,2026-02-08,799.23,Payment,Approved,0,Online
TXN050245,C383,CRD0578,Debonairs,2026-02-01,265.3,Withdrawal,Approved,0,ATM
TXN050246,C425,CRD0644,Google Play,2026-04-28,205.07,Purchase,Approved,0,Online
TXN050247,C436,CRD0663,Ster-Kinekor,2025-12-04,77.83,Purchase,Approved,0,POS
TXN050248,C294,CRD0430,Google Play,2025-12-25,100.08,Purchase,Approved,0,Online
TXN050249,C040,CRD0063,Woolworths,2025-12-28,799.63,Purchase,Approved,0,POS
TXN050250,C112,CRD0172,Mr Price,2026-01-19,301.46,Purchase,Approved,0,POS
TXN050251,C386,CRD0584,Pep,2026-02-06,538.49,Purchase,Approved,1,POS
TXN050252,C301,CRD0441,Zando,2026-01-27,795.3,Purchase,Approved,0,Online
TXN050253,C321,CRD0476,Chicken Licken,2026-05-14,106.07,Withdrawal,Approved,0,ATM
TXN050254,C261,CRD0378,Romans Pizza,2026-03-26,167.17,Withdrawal,Approved,0,ATM
TXN050255,C355,CRD0533,Apple iTunes,2025-12-31,290.54,Payment,Approved,0,Online
TXN050256,C328,CRD0488,Montecasino,2026-01-23,1618.56,Withdrawal,Declined,0,ATM
TXN050257,C107,CRD0163,Pick n Pay,2026-03-15,129.74,Withdrawal,Pending,0,ATM
TXN050258,C333,CRD0497,Totalsports,2026-03-02,1128.51,Purchase,Approved,0,Online
TXN050259,C211,CRD0311,Mugg and Bean,2026-02-22,202.04,Purchase,Approved,0,POS
TXN050260,C301,CRD0441,Engen,2026-05-25,1259.69,Payment,Approved,0,Online
TXN050261,C260,CRD0377,Checkers,2025-12-26,298.02,Purchase,Approved,0,POS
TXN050262,C063,CRD0097,Checkers,2026-02-26,218.71,Withdrawal,Approved,0,ATM
TXN050263,C245,CRD0354,Nandos,2026-05-01,308.15,Withdrawal,Pending,0,ATM
TXN050264,C521,CRD0775,ShowMax,2025-12-25,138.56,Withdrawal,Approved,1,Online
TXN050265,C217,CRD0318,Woolworths,2025-12-27,1011.22,Purchase,Approved,0,POS
TXN050266,C149,CRD0224,Ocean Basket,2026-03-16,517.09,Purchase,Approved,0,Online
TXN050267,C252,CRD0364,Nandos,2026-03-15,244.44,Purchase,Approved,0,Online
TXN050268,C262,CRD0379,KFC,2026-04-28,57.79,Purchase,Approved,0,POS
TXN050269,C351,CRD0528,Truworths,2025-12-26,194.75,Purchase,Declined,0,Online
TXN050270,C109,CRD0166,Steers,2025-12-27,79.53,Purchase,Approved,0,POS
TXN050271,C545,CRD0799,BP,2026-03-22,967.36,Withdrawal,Approved,0,ATM
TXN050272,C371,CRD0558,Faithful to Nature,2026-04-25,432.8,Purchase,Approved,0,Online
TXN050273,C120,CRD0181,Makro,2026-01-27,7299.46,Purchase,Approved,0,Online
TXN050274,C199,CRD0293,Spotify,2026-02-17,60.24,Purchase,Approved,0,Online
TXN050275,C295,CRD0432,Romans Pizza,2026-01-13,89.21,Purchase,Approved,0,POS
TXN050276,C320,CRD0471,Engen,2026-03-23,415.44,Refund,Approved,0,Online
TXN050277,C064,CRD0098,Cape Union Mart,2026-03-28,1262.93,Purchase,Approved,0,Online
TXN050278,C052,CRD0081,Apple iTunes,2026-03-20,346.08,Purchase,Approved,0,Online
TXN050279,C046,CRD0071,KFC,2025-12-26,41.12,Withdrawal,Approved,0,ATM
TXN050280,C273,CRD0396,Amazon.co.za,2026-03-11,1393.79,Purchase,Approved,0,Online
TXN050281,C406,CRD0616,Edgars,2026-03-01,1332.78,Purchase,Approved,0,POS
TXN050282,C218,CRD0319,Debonairs,2026-03-20,104.97,Purchase,Approved,0,POS
TXN050283,C067,CRD0104,Steers,2026-04-03,114.58,Withdrawal,Approved,0,ATM
TXN050284,C059,CRD0092,Sportsmans Whouse,2025-12-29,1044.61,Purchase,Approved,0,Online
TXN050285,C381,CRD0574,Vida e Caffe,2026-01-31,84.74,Purchase,Approved,0,ATM
TXN050286,C431,CRD0656,Spotify,2025-12-16,73.88,Withdrawal,Approved,1,Online
TXN050287,C349,CRD0522,Google Play,2026-04-11,38.63,Refund,Approved,0,Online
TXN050288,C370,CRD0557,KFC,2026-03-24,83.48,Purchase,Pending,0,Online
TXN050289,C289,CRD0420,Google Play,2025-12-19,20.33,Purchase,Declined,0,Online
TXN050290,C436,CRD0664,Clicks,2025-12-05,300.01,Payment,Approved,0,Online
TXN050291,C172,CRD0254,Vida e Caffe,2026-02-22,71.43,Purchase,Approved,0,POS
TXN050292,C137,CRD0208,Google Play,2026-03-13,205.85,Purchase,Approved,0,Online
TXN050293,C152,CRD0229,FlySafair,2026-04-07,3250.7,Purchase,Approved,0,POS
TXN050294,C005,CRD0005,Chicken Licken,2026-04-23,10.04,Refund,Approved,0,ATM
TXN050295,C177,CRD0260,Uber Eats,2026-01-19,79.42,Purchase,Approved,0,Online
TXN050296,C004,CRD0004,Pick n Pay,2025-12-23,934.28,Purchase,Approved,0,Online
TXN050297,C046,CRD0071,TicketPro,2026-02-17,267.37,Purchase,Approved,0,POS
TXN050298,C287,CRD0418,Takealot,2026-04-20,1891.38,Purchase,Approved,0,Online
TXN050299,C385,CRD0583,McDonalds,2026-02-19,123.9,Purchase,Approved,0,Online
TXN050300,C186,CRD0273,McDonalds,2026-03-03,74.97,Purchase,Approved,0,POS
TXN050301,C046,CRD0071,Amazon.co.za,2026-02-07,702.01,Purchase,Approved,0,Online
TXN050302,C532,CRD0786,McDonalds,2026-01-26,56.53,Purchase,Approved,0,POS
TXN050303,C438,CRD0667,Google Play,2026-01-28,57.98,Purchase,Declined,0,Online
TXN050304,C378,CRD0570,Truworths,2026-02-12,235.72,Purchase,Approved,0,Online
TXN050305,C258,CRD0372,Spotify,2026-02-10,69.2,Purchase,Approved,0,Online
TXN050306,C321,CRD0474,Checkers,2025-12-25,212.8,Refund,Approved,0,POS
TXN050307,C148,CRD0223,Clicks,2025-11-26,205.09,Purchase,Approved,0,Online
TXN050308,C373,CRD0561,KFC,2025-12-08,61.43,Purchase,Approved,0,POS
TXN050309,C125,CRD0189,Edgars,2025-12-11,1551.52,Purchase,Approved,0,POS
TXN050310,C368,CRD0554,Builders Warehouse,2026-01-12,8116.81,Withdrawal,Approved,0,ATM
TXN050311,C471,CRD0716,Engen,2026-01-27,271.36,Withdrawal,Approved,0,ATM
TXN050312,C041,CRD0065,ShowMax,2025-12-27,23.78,Refund,Approved,0,Online
TXN050313,C144,CRD0216,Vida e Caffe,2025-12-03,44.98,Purchase,Approved,0,POS
TXN050314,C266,CRD0386,Loot.co.za,2026-02-16,1516.38,Purchase,Approved,0,Online
TXN050315,C160,CRD0238,Apple iTunes,2026-05-18,189.83,Withdrawal,Approved,0,Online
TXN050316,C339,CRD0508,TicketPro,2026-05-27,914.47,Withdrawal,Approved,0,ATM
TXN050317,C099,CRD0153,Uber Eats,2025-12-27,60.77,Purchase,Approved,0,Online
TXN050318,C228,CRD0331,Wimpy,2026-05-17,80.29,Withdrawal,Approved,0,ATM
TXN050319,C190,CRD0278,Foschini,2026-01-10,2409.71,Payment,Approved,0,Online
TXN050320,C523,CRD0777,DStv,2025-12-26,326.32,Purchase,Pending,0,Online
TXN050321,C375,CRD0564,Clicks,2025-11-30,247.75,Withdrawal,Approved,0,ATM
TXN050322,C016,CRD0023,Clicks,2026-02-17,345.56,Payment,Approved,0,Online
TXN050323,C230,CRD0336,Wimpy,2025-11-27,250.07,Purchase,Approved,0,POS
TXN050324,C478,CRD0726,Nandos,2026-02-08,131.9,Purchase,Approved,0,ATM
TXN050325,C124,CRD0187,Checkers,2025-12-10,2604.52,Purchase,Approved,0,ATM
TXN050326,C526,CRD0780,Pep,2026-01-10,258.86,Purchase,Approved,0,Online
TXN050327,C364,CRD0543,Google Play,2026-02-16,264.25,Purchase,Approved,0,Online
TXN050328,C052,CRD0081,Ster-Kinekor,2025-11-25,147.15,Withdrawal,Approved,0,ATM
TXN050329,C483,CRD0731,Clicks,2025-12-19,249.64,Purchase,Approved,0,POS
TXN050330,C414,CRD0628,Debonairs,2026-02-07,160.17,Purchase,Approved,0,POS
TXN050331,C321,CRD0476,BP,2026-04-20,1253.27,Purchase,Approved,0,POS
TXN050332,C395,CRD0595,Steers,2026-03-26,248.98,Purchase,Declined,0,ATM
TXN050333,C345,CRD0516,Loot.co.za,2026-03-13,1409.14,Purchase,Approved,0,Online
TXN050334,C199,CRD0292,Dis-Chem,2026-04-21,97.55,Purchase,Approved,0,POS
TXN050335,C303,CRD0443,Pep,2025-11-25,123.6,Purchase,Approved,0,POS
TXN050336,C539,CRD0793,KFC,2026-02-20,145.31,Purchase,Approved,0,Online
TXN050337,C490,CRD0740,Dis-Chem,2026-03-14,116.9,Purchase,Approved,0,Online
TXN050338,C005,CRD0006,Takealot,2025-12-08,1638.35,Withdrawal,Approved,0,Online
TXN050339,C331,CRD0494,Wimpy,2026-02-13,106.13,Purchase,Approved,0,POS
TXN050340,C247,CRD0356,Amazon.co.za,2026-04-17,200.14,Purchase,Pending,0,Online
TXN050341,C550,CRD0804,Dis-Chem,2026-03-22,787.01,Withdrawal,Declined,0,ATM
TXN050342,C152,CRD0229,Steers,2025-11-21,106.33,Purchase,Approved,0,POS
TXN050343,C349,CRD0523,Montecasino,2026-03-19,801.11,Purchase,Pending,0,POS
TXN050344,C230,CRD0336,McDonalds,2026-02-03,94.07,Purchase,Approved,0,ATM
TXN050345,C473,CRD0719,Steers,2026-03-15,233.59,Purchase,Approved,0,POS
TXN050346,C288,CRD0419,Pep,2026-03-27,163.3,Purchase,Approved,0,Online
TXN050347,C328,CRD0488,Dis-Chem,2025-12-28,546.35,Payment,Approved,0,Online
TXN050348,C383,CRD0579,Loot.co.za,2026-01-26,2144.52,Purchase,Approved,0,Online
TXN050349,C351,CRD0526,Vida e Caffe,2026-02-27,126.34,Payment,Approved,0,Online
TXN050350,C408,CRD0618,KFC,2026-02-17,71.27,Withdrawal,Approved,0,ATM
TXN050351,C493,CRD0744,Google Play,2026-02-25,185.5,Purchase,Approved,0,Online
TXN050352,C521,CRD0775,Debonairs,2026-02-17,185.97,Withdrawal,Approved,0,ATM
TXN050353,C233,CRD0339,Google Play,2026-03-04,33.81,Refund,Pending,0,Online
TXN050354,C311,CRD0459,Pick n Pay,2026-04-04,984.3,Purchase,Declined,0,Online
TXN050355,C067,CRD0104,Dis-Chem,2025-12-28,582.51,Payment,Approved,0,Online
TXN050356,C124,CRD0188,Cape Union Mart,2026-01-07,2142.1,Payment,Approved,0,Online
TXN050357,C089,CRD0135,Ster-Kinekor,2026-03-01,95.47,Purchase,Approved,0,Online
TXN050358,C287,CRD0418,Uber Eats,2026-04-03,213.24,Purchase,Pending,0,Online
TXN050359,C233,CRD0339,KFC,2026-02-22,131.0,Purchase,Approved,0,Online
TXN050360,C241,CRD0349,Nu Metro,2026-01-20,216.44,Purchase,Approved,0,POS
TXN050361,C261,CRD0378,Apple iTunes,2026-01-11,481.36,Purchase,Approved,0,Online
TXN050362,C069,CRD0108,Loot.co.za,2026-01-10,1753.48,Purchase,Approved,0,Online
TXN050363,C547,CRD0801,Gold Reef City,2026-03-23,377.91,Withdrawal,Approved,0,ATM
TXN050364,C301,CRD0441,Takealot,2025-12-18,88.57,Purchase,Approved,0,Online
TXN050365,C112,CRD0172,Loot.co.za,2026-01-07,133.68,Purchase,Approved,0,Online
TXN050366,C526,CRD0780,Google Play,2025-11-26,112.29,Withdrawal,Approved,0,Online
TXN050367,C142,CRD0214,Google Play,2026-03-22,49.96,Purchase,Declined,0,Online
TXN050368,C275,CRD0399,Wimpy,2026-04-28,100.0,Purchase,Approved,0,POS
TXN050369,C363,CRD0542,Loot.co.za,2026-03-21,3162.67,Purchase,Approved,1,Online
TXN050370,C519,CRD0773,Clicks,2026-04-26,306.3,Purchase,Pending,0,POS
TXN050371,C048,CRD0074,Cape Union Mart,2025-11-28,709.59,Purchase,Approved,0,Online
TXN050372,C238,CRD0345,Amazon.co.za,2026-03-24,3803.66,Withdrawal,Approved,0,Online
TXN050373,C313,CRD0462,Google Play,2025-11-26,139.42,Purchase,Approved,0,Online
TXN050374,C368,CRD0554,McDonalds,2025-12-27,85.98,Purchase,Declined,0,POS
TXN050375,C492,CRD0742,Pick n Pay,2026-02-01,825.49,Withdrawal,Approved,0,ATM
TXN050376,C258,CRD0372,Chicken Licken,2025-12-03,71.19,Purchase,Approved,0,POS
TXN050377,C241,CRD0349,Checkers,2026-01-22,378.39,Purchase,Declined,0,POS
TXN050378,C246,CRD0355,Faithful to Nature,2026-02-06,274.85,Purchase,Approved,0,Online
TXN050379,C455,CRD0694,Montecasino,2026-01-26,706.67,Payment,Approved,0,Online
TXN050380,C086,CRD0131,Pick n Pay,2026-02-26,1272.18,Purchase,Declined,0,Online
TXN050381,C171,CRD0253,Nu Metro,2026-03-03,109.78,Withdrawal,Approved,0,ATM
TXN050382,C453,CRD0690,Game,2026-03-25,2423.36,Purchase,Approved,0,POS
TXN050383,C196,CRD0288,Edgars,2026-05-25,1220.01,Payment,Approved,0,Online
TXN050384,C403,CRD0607,Dis-Chem,2026-04-08,847.02,Purchase,Approved,0,POS
TXN050385,C247,CRD0356,Apple iTunes,2025-12-25,573.68,Payment,Approved,1,Online
TXN050386,C248,CRD0358,Bash.com,2026-02-04,1532.15,Purchase,Approved,0,Online
TXN050387,C215,CRD0315,Ocean Basket,2026-04-27,282.99,Purchase,Approved,0,POS
TXN050388,C432,CRD0658,City Lodge,2026-01-06,1802.24,Purchase,Approved,0,ATM
TXN050389,C274,CRD0397,Pick n Pay,2026-04-23,540.6,Purchase,Approved,0,Online
TXN050390,C341,CRD0511,Uber Eats,2026-05-27,390.13,Purchase,Approved,0,Online
TXN050391,C489,CRD0738,Truworths,2026-04-27,974.91,Purchase,Approved,0,POS
TXN050392,C476,CRD0723,Nu Metro,2026-03-26,242.16,Purchase,Declined,0,POS
TXN050393,C064,CRD0098,Debonairs,2026-05-08,168.57,Purchase,Approved,0,POS
TXN050394,C355,CRD0533,Romans Pizza,2026-03-15,144.65,Purchase,Approved,0,ATM
TXN050395,C138,CRD0209,Apple iTunes,2026-01-19,372.55,Purchase,Approved,0,Online
TXN050396,C430,CRD0654,Pick n Pay,2025-12-16,2115.88,Purchase,Approved,0,Online
TXN050397,C126,CRD0190,Debonairs,2026-01-23,253.85,Withdrawal,Approved,0,ATM
TXN050398,C018,CRD0028,Apple iTunes,2025-11-28,98.79,Purchase,Approved,0,Online
TXN050399,C476,CRD0724,Spotify,2025-12-25,67.81,Purchase,Approved,0,Online
TXN050400,C368,CRD0553,ShowMax,2025-12-28,112.16,Purchase,Approved,0,Online
TXN050401,C200,CRD0294,Nu Metro,2026-03-29,119.21,Payment,Approved,0,Online
TXN050402,C161,CRD0239,Google Play,2025-12-15,173.57,Purchase,Approved,0,Online
TXN050403,C217,CRD0317,Gold Reef City,2026-05-12,279.64,Withdrawal,Approved,0,ATM
TXN050404,C069,CRD0106,Debonairs,2026-02-17,175.7,Purchase,Declined,0,POS
TXN050405,C170,CRD0251,KFC,2026-01-30,51.48,Purchase,Approved,0,Online
TXN050406,C098,CRD0151,Dis-Chem,2026-02-08,483.68,Purchase,Approved,0,POS
TXN050407,C206,CRD0303,Mr Price,2026-01-04,1782.47,Purchase,Declined,0,Online
TXN050408,C018,CRD0028,Debonairs,2026-03-17,81.2,Payment,Declined,0,Online
TXN050409,C041,CRD0066,Edgars,2026-02-20,1553.38,Payment,Approved,0,Online
TXN050410,C517,CRD0771,Vida e Caffe,2026-01-10,128.04,Purchase,Approved,0,ATM
TXN050411,C121,CRD0184,Google Play,2026-05-06,154.1,Payment,Approved,0,Online
TXN050412,C301,CRD0441,Spotify,2026-02-20,59.62,Purchase,Approved,0,Online
TXN050413,C335,CRD0502,Faithful to Nature,2026-04-07,1202.94,Purchase,Approved,0,Online
TXN050414,C033,CRD0054,Dis-Chem,2026-04-28,380.61,Purchase,Approved,0,POS
TXN050415,C257,CRD0370,Checkers,2025-12-15,538.34,Purchase,Approved,0,ATM
TXN050416,C266,CRD0384,Nandos,2026-01-18,132.4,Purchase,Approved,0,POS
TXN050417,C112,CRD0171,Chicken Licken,2026-02-19,78.3,Withdrawal,Approved,0,ATM
TXN050418,C420,CRD0639,Pick n Pay,2026-04-01,1875.74,Withdrawal,Approved,0,ATM
TXN050419,C075,CRD0117,KFC,2026-04-25,149.58,Purchase,Approved,0,POS
TXN050420,C179,CRD0263,KFC,2026-02-13,118.48,Purchase,Approved,0,Online
TXN050421,C371,CRD0558,Takealot,2026-02-26,4833.4,Purchase,Approved,0,Online
TXN050422,C169,CRD0250,DStv,2026-02-26,751.85,Withdrawal,Approved,0,ATM
TXN050423,C336,CRD0503,Google Play,2026-02-20,167.96,Purchase,Approved,0,Online
TXN050424,C493,CRD0743,Steers,2025-11-29,86.99,Purchase,Approved,0,POS
TXN050425,C267,CRD0387,Builders Warehouse,2025-12-16,12823.52,Purchase,Approved,0,Online
TXN050426,C321,CRD0475,Chicken Licken,2026-03-27,47.41,Purchase,Approved,0,Online
TXN050427,C310,CRD0456,Romans Pizza,2026-04-16,194.91,Purchase,Approved,0,Online
TXN050428,C229,CRD0332,Wimpy,2026-04-27,353.78,Purchase,Declined,0,Online
TXN050429,C310,CRD0454,iStore,2026-01-19,2371.57,Purchase,Approved,0,POS
TXN050430,C349,CRD0524,Ocean Basket,2026-04-06,379.06,Purchase,Approved,0,Online
TXN050431,C318,CRD0469,McDonalds,2026-01-28,104.18,Purchase,Approved,0,POS
TXN050432,C339,CRD0509,KFC,2025-12-02,86.28,Purchase,Approved,0,POS
TXN050433,C160,CRD0238,TicketPro,2026-05-11,1149.78,Withdrawal,Approved,1,ATM
TXN050434,C351,CRD0526,KFC,2026-02-02,50.54,Purchase,Approved,0,Online
TXN050435,C364,CRD0545,Chicken Licken,2026-01-14,85.65,Purchase,Approved,0,POS
TXN050436,C510,CRD0764,ShowMax,2026-03-26,95.05,Purchase,Approved,0,Online
TXN050437,C061,CRD0094,Gold Reef City,2026-01-28,505.44,Withdrawal,Approved,1,ATM
TXN050438,C423,CRD0642,Incredible Connect,2026-02-16,246.26,Purchase,Approved,0,Online
TXN050439,C199,CRD0292,Google Play,2025-12-04,51.06,Purchase,Approved,0,Online
TXN050440,C135,CRD0203,Romans Pizza,2026-03-26,133.18,Purchase,Declined,0,Online
TXN050441,C514,CRD0768,TicketPro,2025-11-27,766.05,Purchase,Declined,0,POS
TXN050442,C015,CRD0022,Spotify,2026-03-28,68.98,Purchase,Approved,0,Online
TXN050443,C023,CRD0038,Romans Pizza,2025-11-24,231.71,Purchase,Approved,0,POS
TXN050444,C188,CRD0276,DStv,2026-03-26,557.79,Withdrawal,Approved,0,ATM
TXN050445,C445,CRD0676,Nandos,2025-11-24,268.67,Withdrawal,Approved,0,ATM
TXN050446,C368,CRD0554,Apple iTunes,2025-11-23,67.31,Purchase,Approved,0,Online
TXN050447,C028,CRD0048,Steers,2026-04-20,167.6,Purchase,Approved,0,POS
TXN050448,C166,CRD0247,Avis SA,2026-01-25,2546.15,Purchase,Approved,0,POS
TXN050449,C230,CRD0336,Romans Pizza,2026-03-27,160.96,Purchase,Approved,0,Online
TXN050450,C260,CRD0377,Takealot,2025-12-26,1950.15,Purchase,Approved,0,Online
TXN050451,C093,CRD0144,Wimpy,2026-02-11,131.82,Payment,Approved,0,Online
TXN050452,C244,CRD0353,Apple iTunes,2026-04-14,280.29,Purchase,Approved,0,Online
TXN050453,C178,CRD0262,Takealot,2026-01-04,1170.0,Purchase,Approved,0,Online
TXN050454,C364,CRD0545,Clicks,2026-01-25,620.57,Purchase,Approved,0,POS
TXN050455,C306,CRD0448,Dis-Chem,2026-04-09,734.24,Purchase,Approved,0,Online
TXN050456,C324,CRD0480,Faithful to Nature,2025-12-29,1564.47,Purchase,Approved,0,Online
TXN050457,C199,CRD0293,Spur,2026-03-19,372.42,Withdrawal,Approved,0,ATM
TXN050458,C439,CRD0669,Truworths,2026-04-24,1522.89,Withdrawal,Approved,0,ATM
TXN050459,C187,CRD0274,Faithful to Nature,2025-11-26,138.01,Withdrawal,Approved,0,Online
TXN050460,C408,CRD0618,Engen,2025-12-06,121.64,Refund,Declined,0,POS
TXN050461,C069,CRD0107,Bash.com,2025-12-29,1380.18,Purchase,Approved,0,Online
TXN050462,C455,CRD0694,Mugg and Bean,2025-11-28,282.79,Payment,Approved,0,Online
TXN050463,C257,CRD0371,Google Play,2026-01-01,128.49,Purchase,Approved,0,Online
TXN050464,C432,CRD0658,Superbalist,2026-05-17,1581.39,Purchase,Declined,0,Online
TXN050465,C489,CRD0738,Pep,2026-03-16,291.7,Purchase,Approved,0,ATM
TXN050466,C104,CRD0159,Uber Eats,2026-02-11,167.61,Purchase,Approved,0,Online
TXN050467,C049,CRD0076,Chicken Licken,2026-03-22,163.82,Purchase,Approved,0,POS
TXN050468,C023,CRD0039,Vida e Caffe,2026-01-23,67.71,Purchase,Approved,0,POS
TXN050469,C292,CRD0426,Faithful to Nature,2026-01-06,1310.29,Purchase,Approved,0,Online
TXN050470,C110,CRD0168,Romans Pizza,2026-03-26,62.42,Purchase,Approved,0,POS
TXN050471,C238,CRD0344,Google Play,2026-01-27,164.92,Payment,Approved,0,Online
TXN050472,C461,CRD0702,Google Play,2026-01-27,192.06,Purchase,Approved,0,Online
TXN050473,C355,CRD0533,Nandos,2026-02-26,280.15,Purchase,Approved,0,Online
TXN050474,C204,CRD0299,Zando,2026-02-24,189.14,Purchase,Approved,0,Online
TXN050475,C528,CRD0782,KFC,2025-12-11,107.53,Withdrawal,Approved,0,ATM
TXN050476,C366,CRD0549,Pick n Pay,2026-03-05,1785.44,Payment,Approved,0,Online
TXN050477,C330,CRD0491,Vida e Caffe,2025-11-29,17.98,Refund,Approved,0,Online
TXN050478,C448,CRD0681,ShowMax,2026-01-12,147.0,Purchase,Approved,1,Online
TXN050479,C065,CRD0100,Steers,2026-03-15,63.94,Payment,Approved,0,Online
TXN050480,C252,CRD0365,Apple iTunes,2026-02-28,315.2,Withdrawal,Approved,0,Online
TXN050481,C447,CRD0680,Google Play,2025-11-22,197.71,Purchase,Approved,0,Online
TXN050482,C464,CRD0706,Vida e Caffe,2026-03-25,46.62,Purchase,Approved,0,POS
TXN050483,C406,CRD0614,ShowMax,2026-05-26,89.49,Purchase,Approved,0,Online
TXN050484,C139,CRD0211,Spotify,2026-02-25,56.86,Payment,Approved,0,Online
TXN050485,C520,CRD0774,Europcar,2026-02-28,1568.9,Purchase,Approved,0,POS
TXN050486,C335,CRD0501,Uber Eats,2026-01-26,344.9,Purchase,Approved,0,Online
TXN050487,C334,CRD0500,Mugg and Bean,2026-04-20,223.98,Purchase,Approved,0,ATM
TXN050488,C200,CRD0294,Steers,2026-01-18,149.17,Purchase,Approved,0,Online
TXN050489,C320,CRD0473,Apple iTunes,2026-01-19,472.27,Purchase,Approved,1,Online
TXN050490,C313,CRD0463,Spotify,2025-12-26,62.06,Purchase,Approved,0,Online
TXN050491,C527,CRD0781,Uber Eats,2025-11-26,131.28,Payment,Approved,0,Online
TXN050492,C258,CRD0372,Ster-Kinekor,2026-01-26,228.26,Purchase,Approved,0,POS
TXN050493,C328,CRD0489,Pep,2026-04-14,104.71,Payment,Approved,0,Online
TXN050494,C024,CRD0041,McDonalds,2026-02-11,79.07,Purchase,Approved,0,POS
TXN050495,C001,CRD0001,Dis-Chem,2025-12-24,197.24,Purchase,Declined,0,POS
TXN050496,C051,CRD0080,Amazon.co.za,2025-12-27,7408.84,Purchase,Approved,1,Online
TXN050497,C239,CRD0347,Spotify,2025-11-30,57.46,Purchase,Approved,0,Online
TXN050498,C298,CRD0437,Wimpy,2026-02-24,203.49,Purchase,Approved,0,ATM
TXN050499,C432,CRD0657,Loot.co.za,2026-04-18,1128.8,Purchase,Declined,0,Online
TXN050500,C338,CRD0507,Loot.co.za,2026-02-18,100.22,Purchase,Approved,0,Online
TXN050501,C291,CRD0424,KFC,2025-11-28,64.75,Purchase,Approved,0,POS
TXN050502,C496,CRD0749,Loot.co.za,2026-04-28,1027.04,Purchase,Approved,0,Online
TXN050503,C120,CRD0181,KFC,2026-03-28,148.89,Payment,Approved,0,Online
TXN050504,C460,CRD0701,Google Play,2026-05-05,183.93,Payment,Approved,0,Online
TXN050505,C169,CRD0250,Mr Price,2026-03-25,586.95,Purchase,Approved,0,POS
TXN050506,C403,CRD0607,Clicks,2026-02-28,608.94,Purchase,Approved,0,ATM
TXN050507,C199,CRD0292,Spotify,2025-12-23,68.53,Purchase,Approved,0,Online
TXN050508,C528,CRD0782,Pep,2025-12-12,185.26,Purchase,Approved,0,Online
TXN050509,C403,CRD0607,Pick n Pay,2026-04-27,594.19,Purchase,Approved,0,POS
TXN050510,C132,CRD0198,Woolworths,2025-11-25,190.64,Purchase,Approved,0,Online
TXN050511,C306,CRD0448,Checkers,2025-12-06,1423.63,Purchase,Declined,0,Online
TXN050512,C295,CRD0431,Chicken Licken,2026-01-26,89.61,Purchase,Approved,0,POS
TXN050513,C005,CRD0005,Steers,2026-04-27,173.18,Purchase,Approved,0,Online
TXN050514,C123,CRD0186,Game,2026-03-26,4140.41,Payment,Approved,0,Online
TXN050515,C393,CRD0593,Ocean Basket,2026-04-18,375.36,Payment,Approved,0,Online
TXN050516,C371,CRD0559,DStv,2026-01-24,494.87,Purchase,Approved,0,POS
TXN050517,C268,CRD0389,BP,2026-03-08,705.32,Purchase,Approved,0,POS
TXN050518,C427,CRD0651,Incredible Connect,2026-04-20,10949.77,Payment,Approved,0,Online
TXN050519,C084,CRD0128,Debonairs,2026-05-09,74.36,Purchase,Declined,0,POS
TXN050520,C324,CRD0480,Wimpy,2026-05-13,215.08,Purchase,Approved,0,POS
TXN050521,C339,CRD0508,Debonairs,2026-04-26,118.26,Purchase,Approved,0,POS
TXN050522,C171,CRD0252,Gold Reef City,2026-05-28,396.4,Purchase,Approved,0,ATM
TXN050523,C051,CRD0080,Pep,2026-05-06,157.25,Payment,Approved,0,Online
TXN050524,C348,CRD0520,Romans Pizza,2025-12-28,114.58,Purchase,Approved,0,POS
TXN050525,C191,CRD0281,Pep,2026-02-26,87.58,Payment,Approved,0,Online
TXN050526,C220,CRD0323,Truworths,2026-01-04,1851.35,Purchase,Approved,0,POS
TXN050527,C120,CRD0182,Sportsmans Whouse,2025-11-29,4152.04,Purchase,Approved,0,POS
TXN050528,C024,CRD0041,Checkers,2026-05-27,2431.99,Purchase,Approved,0,POS
TXN050529,C191,CRD0280,Woolworths,2026-03-14,941.91,Withdrawal,Declined,0,ATM
TXN050530,C550,CRD0804,Pep,2026-01-26,311.4,Purchase,Approved,0,POS
TXN050531,C174,CRD0257,McDonalds,2025-12-10,66.43,Purchase,Approved,0,POS
TXN050532,C086,CRD0130,Steers,2026-05-18,101.55,Purchase,Approved,0,POS
TXN050533,C135,CRD0204,Pick n Pay,2026-02-28,2131.36,Purchase,Approved,0,Online
TXN050534,C224,CRD0327,Foschini,2026-03-21,513.88,Purchase,Approved,0,POS
TXN050535,C070,CRD0110,Checkers,2025-12-14,99.76,Refund,Approved,0,POS
TXN050536,C436,CRD0663,City Lodge,2025-12-28,2005.62,Purchase,Approved,0,Online
TXN050537,C407,CRD0617,Checkers,2026-01-25,207.72,Withdrawal,Approved,0,ATM
TXN050538,C500,CRD0754,Pep,2025-12-01,419.73,Purchase,Approved,1,POS
TXN050539,C414,CRD0627,McDonalds,2025-12-07,127.56,Withdrawal,Approved,0,ATM
TXN050540,C321,CRD0476,TicketPro,2026-01-19,759.54,Purchase,Approved,0,POS
TXN050541,C118,CRD0179,Woolworths,2026-01-05,343.49,Withdrawal,Approved,0,ATM
TXN050542,C359,CRD0538,Gold Reef City,2026-04-25,172.59,Purchase,Approved,0,POS
TXN050543,C447,CRD0680,Dis-Chem,2026-02-27,676.13,Purchase,Approved,0,POS
TXN050544,C487,CRD0735,Steers,2026-01-31,161.15,Purchase,Approved,0,POS
TXN050545,C542,CRD0796,Google Play,2026-03-26,42.04,Purchase,Declined,0,Online
TXN050546,C365,CRD0547,Nu Metro,2025-12-13,248.19,Payment,Approved,0,Online
TXN050547,C398,CRD0598,Totalsports,2026-02-28,152.29,Payment,Approved,0,Online
TXN050548,C471,CRD0716,Mr Price,2026-04-27,248.37,Purchase,Approved,0,Online
TXN050549,C279,CRD0406,Steers,2026-04-18,234.76,Purchase,Pending,0,Online
TXN050550,C539,CRD0793,Foschini,2026-01-26,1020.97,Purchase,Approved,0,ATM
TXN050551,C120,CRD0181,Apple iTunes,2026-02-13,353.48,Purchase,Approved,0,Online
TXN050552,C206,CRD0303,Takealot,2026-04-27,95.33,Purchase,Approved,0,Online
TXN050553,C173,CRD0256,Loot.co.za,2025-11-26,2423.57,Purchase,Approved,0,Online
TXN050554,C158,CRD0236,KFC,2026-05-04,40.17,Withdrawal,Approved,0,ATM
TXN050555,C266,CRD0386,Chicken Licken,2025-12-03,152.09,Withdrawal,Approved,0,ATM
TXN050556,C310,CRD0454,Faithful to Nature,2025-11-21,1009.82,Purchase,Declined,0,Online
TXN050557,C541,CRD0795,Steers,2026-03-29,81.3,Purchase,Approved,0,POS
TXN050558,C298,CRD0437,Pep,2026-03-20,260.81,Withdrawal,Declined,0,ATM
TXN050559,C374,CRD0563,Dis-Chem,2026-01-11,262.82,Purchase,Approved,0,Online
TXN050560,C157,CRD0235,Dis-Chem,2026-02-04,590.54,Purchase,Approved,0,POS
TXN050561,C104,CRD0159,Vida e Caffe,2026-04-09,95.53,Purchase,Approved,0,POS
TXN050562,C021,CRD0035,Spotify,2026-05-07,64.76,Purchase,Approved,0,Online
TXN050563,C466,CRD0710,Spur,2026-02-04,198.11,Purchase,Approved,0,POS
TXN050564,C027,CRD0045,Engen,2026-01-21,320.17,Payment,Declined,0,Online
TXN050565,C370,CRD0556,Cape Union Mart,2026-03-25,442.03,Refund,Declined,0,POS
TXN050566,C121,CRD0184,Makro,2026-03-15,7993.99,Purchase,Approved,0,Online
TXN050567,C366,CRD0549,Pep,2026-02-06,259.51,Payment,Approved,0,Online
TXN050568,C322,CRD0477,Google Play,2026-04-09,49.07,Refund,Pending,0,Online
TXN050569,C112,CRD0171,Nandos,2025-12-27,253.05,Withdrawal,Approved,0,ATM
TXN050570,C320,CRD0473,KFC,2026-01-04,51.73,Withdrawal,Approved,0,ATM
TXN050571,C016,CRD0024,Google Play,2026-02-26,131.35,Withdrawal,Approved,0,Online
TXN050572,C477,CRD0725,Spotify,2025-12-09,53.77,Purchase,Approved,0,Online
TXN050573,C011,CRD0018,Takealot,2025-12-17,2870.01,Withdrawal,Approved,0,Online
TXN050574,C528,CRD0782,Chicken Licken,2026-05-03,98.84,Purchase,Approved,0,POS
TXN050575,C219,CRD0321,TicketPro,2025-12-21,1551.75,Payment,Approved,1,Online
TXN050576,C219,CRD0321,Uber Eats,2026-05-28,104.41,Purchase,Approved,0,Online
TXN050577,C234,CRD0340,Checkers,2026-04-27,723.94,Purchase,Approved,0,Online
TXN050578,C389,CRD0587,DStv,2025-12-21,459.7,Purchase,Approved,0,POS
TXN050579,C496,CRD0748,Montecasino,2026-03-25,435.48,Purchase,Approved,0,POS
TXN050580,C385,CRD0583,Pick n Pay,2026-03-08,953.66,Withdrawal,Approved,0,ATM
TXN050581,C436,CRD0663,Checkers,2026-03-18,1902.35,Purchase,Approved,0,POS
TXN050582,C281,CRD0408,Checkers,2026-04-25,1346.12,Withdrawal,Declined,0,ATM
TXN050583,C296,CRD0434,Woolworths,2025-12-11,1489.36,Purchase,Approved,0,Online
TXN050584,C020,CRD0032,Google Play,2026-01-22,53.49,Purchase,Approved,0,Online
TXN050585,C230,CRD0335,KFC,2026-03-28,75.92,Purchase,Approved,0,POS
TXN050586,C047,CRD0073,Ster-Kinekor,2026-03-09,165.69,Withdrawal,Approved,0,ATM
TXN050587,C390,CRD0589,Nu Metro,2026-03-11,96.59,Purchase,Approved,0,POS
TXN050588,C100,CRD0154,Clicks,2026-03-25,137.59,Purchase,Approved,0,POS
TXN050589,C434,CRD0661,Pick n Pay,2026-05-11,1628.38,Purchase,Approved,0,ATM
TXN050590,C463,CRD0705,Mugg and Bean,2026-04-10,266.51,Purchase,Approved,0,POS
TXN050591,C221,CRD0324,Google Play,2026-02-28,52.81,Withdrawal,Declined,0,Online
TXN050592,C298,CRD0436,Foschini,2026-04-15,1987.85,Purchase,Approved,0,ATM
TXN050593,C078,CRD0121,Cape Union Mart,2026-03-01,2673.86,Purchase,Approved,0,POS
TXN050594,C405,CRD0611,Chicken Licken,2026-01-01,16.11,Refund,Approved,0,ATM
TXN050595,C106,CRD0162,Gold Reef City,2025-12-17,58.79,Refund,Declined,0,POS
TXN050596,C089,CRD0137,Pep,2026-04-26,57.69,Withdrawal,Approved,0,ATM
TXN050597,C512,CRD0766,Wimpy,2026-03-25,86.7,Purchase,Declined,0,POS
TXN050598,C142,CRD0214,Apple iTunes,2026-02-27,271.57,Purchase,Approved,0,Online
TXN050599,C123,CRD0186,McDonalds,2026-03-27,48.15,Withdrawal,Approved,0,ATM
TXN050600,C450,CRD0684,Debonairs,2026-05-06,153.99,Purchase,Pending,0,Online
TXN050601,C274,CRD0397,Bash.com,2026-03-18,553.57,Purchase,Approved,0,Online
TXN050602,C174,CRD0257,Vida e Caffe,2026-05-10,103.19,Purchase,Approved,0,POS
TXN050603,C096,CRD0149,Vida e Caffe,2026-03-20,116.42,Purchase,Declined,0,POS
TXN050604,C290,CRD0423,Nandos,2025-12-11,119.52,Withdrawal,Approved,0,ATM
TXN050605,C443,CRD0674,Romans Pizza,2025-12-27,208.24,Purchase,Approved,0,POS
TXN050606,C139,CRD0211,Apple iTunes,2025-12-16,101.35,Purchase,Approved,0,Online
TXN050607,C490,CRD0739,Google Play,2026-05-14,87.52,Purchase,Approved,0,Online
TXN050608,C305,CRD0447,Spotify,2025-12-22,59.89,Purchase,Approved,0,Online
TXN050609,C389,CRD0587,Dis-Chem,2026-01-13,138.5,Withdrawal,Approved,0,ATM
TXN050610,C479,CRD0727,Clicks,2025-12-20,61.35,Purchase,Approved,0,POS
TXN050611,C027,CRD0045,Engen,2026-03-04,1185.28,Purchase,Approved,0,ATM
TXN050612,C496,CRD0749,Vida e Caffe,2026-01-27,60.45,Purchase,Approved,0,POS
TXN050613,C145,CRD0218,Nandos,2026-03-16,160.55,Purchase,Approved,0,POS
TXN050614,C208,CRD0306,Sportsmans Whouse,2025-11-24,3436.76,Withdrawal,Declined,0,ATM
TXN050615,C021,CRD0036,Steers,2026-04-23,70.64,Purchase,Approved,0,POS
TXN050616,C490,CRD0740,McDonalds,2025-12-28,75.75,Purchase,Approved,0,ATM
TXN050617,C137,CRD0206,Pep,2026-04-04,84.82,Purchase,Approved,0,POS
TXN050618,C257,CRD0370,Debonairs,2026-05-11,158.76,Withdrawal,Approved,0,ATM
TXN050619,C447,CRD0680,Mugg and Bean,2026-05-03,308.42,Purchase,Approved,0,Online
TXN050620,C025,CRD0042,Vida e Caffe,2026-01-28,165.23,Withdrawal,Declined,0,ATM
TXN050621,C054,CRD0083,Apple iTunes,2026-04-27,237.9,Withdrawal,Approved,0,Online
TXN050622,C192,CRD0282,Nandos,2026-02-05,263.44,Purchase,Approved,0,POS
TXN050623,C285,CRD0415,Google Play,2026-03-22,78.89,Purchase,Approved,0,Online
TXN050624,C349,CRD0523,Spotify,2025-12-11,54.52,Purchase,Approved,0,Online
TXN050625,C170,CRD0251,Montecasino,2026-03-16,257.46,Refund,Approved,0,POS
TXN050626,C404,CRD0609,Google Play,2026-02-19,220.65,Payment,Approved,0,Online
TXN050627,C468,CRD0712,Checkers,2026-02-22,382.65,Purchase,Declined,0,POS
TXN050628,C267,CRD0387,Apple iTunes,2026-01-11,404.48,Purchase,Approved,0,Online
TXN050629,C315,CRD0466,Dis-Chem,2026-03-30,556.65,Purchase,Approved,0,POS
TXN050630,C289,CRD0420,Checkers,2026-02-20,1977.55,Purchase,Approved,0,POS
TXN050631,C048,CRD0074,Dis-Chem,2026-01-05,259.38,Purchase,Approved,0,POS
TXN050632,C211,CRD0310,Mr Price,2025-12-06,1355.47,Purchase,Approved,0,POS
TXN050633,C262,CRD0379,Chicken Licken,2026-03-11,140.52,Purchase,Approved,0,POS
TXN050634,C109,CRD0166,Mugg and Bean,2026-05-10,268.85,Purchase,Approved,0,POS
TXN050635,C238,CRD0345,iStore,2026-04-15,12556.98,Purchase,Approved,0,POS
TXN050636,C476,CRD0724,McDonalds,2026-01-07,122.09,Purchase,Approved,0,POS
TXN050637,C030,CRD0050,Apple iTunes,2025-11-27,247.87,Purchase,Approved,0,Online
TXN050638,C450,CRD0684,Vida e Caffe,2026-05-18,49.47,Purchase,Approved,0,Online
TXN050639,C470,CRD0715,Clicks,2025-11-25,8.67,Refund,Approved,0,Online
TXN050640,C368,CRD0554,Loot.co.za,2026-02-28,421.68,Refund,Approved,0,Online
TXN050641,C124,CRD0188,Debonairs,2026-01-31,296.24,Purchase,Approved,0,POS
TXN050642,C497,CRD0750,Debonairs,2026-04-24,138.94,Purchase,Approved,0,Online
TXN050643,C360,CRD0539,Edgars,2025-12-12,279.24,Purchase,Approved,0,ATM
TXN050644,C107,CRD0163,Pick n Pay,2026-05-15,1074.26,Purchase,Approved,0,Online
TXN050645,C017,CRD0025,McDonalds,2026-02-27,199.56,Purchase,Approved,0,POS
TXN050646,C324,CRD0480,Netflix,2026-01-10,175.01,Purchase,Approved,0,Online
TXN050647,C291,CRD0425,Bash.com,2026-03-15,1132.4,Withdrawal,Approved,0,Online
TXN050648,C052,CRD0081,Spotify,2026-05-28,47.6,Withdrawal,Approved,0,Online
TXN050649,C382,CRD0576,Amazon.co.za,2025-12-28,643.91,Purchase,Approved,0,Online
TXN050650,C501,CRD0755,Debonairs,2026-02-27,94.04,Purchase,Approved,0,POS
TXN050651,C079,CRD0122,Truworths,2026-01-27,916.63,Purchase,Approved,0,ATM
TXN050652,C321,CRD0475,ShowMax,2025-12-11,92.46,Withdrawal,Approved,0,Online
TXN050653,C284,CRD0413,Totalsports,2026-01-26,538.59,Purchase,Approved,0,POS
TXN050654,C057,CRD0088,Loot.co.za,2025-12-15,1043.04,Payment,Approved,0,Online
TXN050655,C211,CRD0310,Vida e Caffe,2026-01-05,75.79,Purchase,Declined,0,POS
TXN050656,C430,CRD0654,Vida e Caffe,2026-01-04,124.44,Purchase,Approved,0,POS
TXN050657,C370,CRD0556,Clicks,2026-01-20,213.49,Purchase,Approved,0,Online
TXN050658,C380,CRD0573,Vida e Caffe,2026-02-15,77.32,Purchase,Approved,0,POS
TXN050659,C149,CRD0225,Clicks,2025-12-21,315.58,Purchase,Approved,0,POS
TXN050660,C425,CRD0645,McDonalds,2026-01-16,151.18,Withdrawal,Approved,0,ATM
TXN050661,C051,CRD0080,Takealot,2026-03-29,247.36,Purchase,Approved,0,Online
TXN050662,C436,CRD0663,Wimpy,2025-11-27,46.17,Refund,Approved,0,Online
TXN050663,C284,CRD0413,Debonairs,2026-04-17,62.39,Purchase,Approved,0,ATM
TXN050664,C219,CRD0321,Apple iTunes,2026-01-25,62.43,Purchase,Approved,0,Online
TXN050665,C542,CRD0796,Nu Metro,2026-03-13,20.96,Refund,Approved,0,Online
TXN050666,C365,CRD0548,Uber Eats,2026-02-02,246.59,Purchase,Approved,0,Online
TXN050667,C035,CRD0056,Apple iTunes,2026-04-06,430.68,Payment,Approved,0,Online
TXN050668,C458,CRD0698,Checkers,2025-12-27,1968.29,Purchase,Approved,0,Online
TXN050669,C148,CRD0223,Bash.com,2025-12-22,168.95,Refund,Approved,0,Online
TXN050670,C047,CRD0073,Netflix,2025-12-29,138.96,Purchase,Approved,0,Online
TXN050671,C443,CRD0674,Nandos,2026-02-19,147.41,Purchase,Approved,0,Online
TXN050672,C445,CRD0676,TicketPro,2026-04-11,1264.83,Purchase,Approved,1,POS
TXN050673,C092,CRD0143,Romans Pizza,2026-02-08,263.96,Purchase,Approved,0,POS
TXN050674,C296,CRD0434,Steers,2026-02-12,132.41,Purchase,Declined,0,Online
TXN050675,C282,CRD0409,BP,2026-04-07,1212.39,Purchase,Approved,0,Online
TXN050676,C307,CRD0450,McDonalds,2026-04-28,53.29,Purchase,Approved,0,POS
TXN050677,C421,CRD0640,Faithful to Nature,2026-04-25,801.99,Purchase,Approved,0,Online
TXN050678,C122,CRD0185,Checkers,2026-02-26,1235.34,Purchase,Approved,0,POS
TXN050679,C025,CRD0042,McDonalds,2026-02-28,142.06,Payment,Approved,0,Online
TXN050680,C135,CRD0203,Bash.com,2026-01-11,1427.0,Purchase,Approved,0,Online
TXN050681,C383,CRD0579,KFC,2026-03-06,187.91,Purchase,Approved,0,POS
TXN050682,C413,CRD0625,Apple iTunes,2026-03-04,236.09,Withdrawal,Approved,0,Online
TXN050683,C130,CRD0195,Nu Metro,2026-02-24,123.35,Purchase,Approved,0,POS
TXN050684,C220,CRD0323,BP,2026-03-25,743.16,Purchase,Approved,0,Online
TXN050685,C011,CRD0018,Checkers,2026-02-08,2924.16,Withdrawal,Approved,1,ATM
TXN050686,C529,CRD0783,Dis-Chem,2026-01-27,639.79,Purchase,Approved,0,POS
TXN050687,C394,CRD0594,Steers,2026-02-25,123.44,Purchase,Approved,0,POS
TXN050688,C499,CRD0753,Google Play,2026-02-28,207.94,Purchase,Approved,0,Online
TXN050689,C282,CRD0410,Google Play,2026-03-15,110.4,Purchase,Approved,0,Online
TXN050690,C049,CRD0076,Vida e Caffe,2026-02-27,35.54,Withdrawal,Approved,0,ATM
TXN050691,C311,CRD0459,KFC,2025-12-28,66.61,Purchase,Approved,0,Online
TXN050692,C202,CRD0297,Romans Pizza,2025-12-16,203.74,Purchase,Approved,0,POS
TXN050693,C447,CRD0680,McDonalds,2026-03-26,104.07,Purchase,Approved,0,Online
TXN050694,C455,CRD0694,Chicken Licken,2026-03-08,74.97,Purchase,Approved,0,POS
TXN050695,C148,CRD0223,Debonairs,2025-12-24,144.99,Payment,Approved,0,Online
TXN050696,C027,CRD0045,Apple iTunes,2026-03-18,145.48,Purchase,Approved,0,Online
TXN050697,C414,CRD0627,Chicken Licken,2026-04-23,74.68,Withdrawal,Approved,0,ATM
TXN050698,C041,CRD0065,Loot.co.za,2026-03-24,88.4,Purchase,Approved,0,Online
TXN050699,C283,CRD0411,Pep,2026-03-15,146.92,Purchase,Approved,0,POS
TXN050700,C377,CRD0568,Nandos,2025-12-27,136.14,Withdrawal,Pending,0,ATM
TXN050701,C371,CRD0558,Clicks,2025-11-29,576.47,Purchase,Approved,0,ATM
TXN050702,C075,CRD0118,Apple iTunes,2026-02-07,70.82,Payment,Declined,0,Online
TXN050703,C344,CRD0515,Romans Pizza,2025-11-29,108.54,Withdrawal,Approved,0,ATM
TXN050704,C135,CRD0203,Ster-Kinekor,2026-03-02,284.19,Purchase,Declined,0,POS
TXN050705,C291,CRD0425,Dis-Chem,2026-03-30,212.36,Purchase,Approved,0,Online
TXN050706,C211,CRD0310,McDonalds,2025-12-30,138.15,Purchase,Approved,0,Online
TXN050707,C497,CRD0750,Apple iTunes,2025-12-27,62.98,Purchase,Approved,0,Online
TXN050708,C510,CRD0764,Kulula,2026-03-28,2925.38,Purchase,Approved,0,Online
TXN050709,C332,CRD0496,Spur,2026-02-26,103.29,Purchase,Approved,0,Online
TXN050710,C208,CRD0306,Ocean Basket,2026-02-07,390.65,Purchase,Approved,0,POS
TXN050711,C489,CRD0738,Clicks,2026-01-25,780.7,Purchase,Approved,0,POS
TXN050712,C466,CRD0710,Google Play,2026-03-16,178.99,Purchase,Approved,0,Online
TXN050713,C047,CRD0073,Google Play,2026-04-08,56.03,Purchase,Approved,0,Online
TXN050714,C018,CRD0027,Takealot,2026-04-26,1935.22,Purchase,Approved,0,Online
TXN050715,C239,CRD0347,Spotify,2026-04-27,53.68,Purchase,Approved,0,Online
TXN050716,C423,CRD0642,Wimpy,2026-03-28,250.91,Payment,Approved,0,Online
TXN050717,C540,CRD0794,Steers,2026-01-25,150.22,Purchase,Approved,0,POS
TXN050718,C248,CRD0358,Google Play,2026-01-05,33.98,Purchase,Declined,0,Online
TXN050719,C001,CRD0001,Nu Metro,2026-03-30,190.7,Purchase,Approved,0,POS
TXN050720,C327,CRD0487,Clicks,2026-01-06,1032.72,Purchase,Approved,1,POS
TXN050721,C332,CRD0495,Debonairs,2026-03-25,118.29,Purchase,Approved,0,POS
TXN050722,C410,CRD0622,Ocean Basket,2026-02-25,366.97,Purchase,Approved,0,POS
TXN050723,C199,CRD0292,Apple iTunes,2025-12-20,68.59,Purchase,Approved,0,Online
TXN050724,C412,CRD0624,Mugg and Bean,2026-01-01,214.21,Purchase,Approved,0,POS
TXN050725,C312,CRD0461,Pick n Pay,2026-04-23,1136.97,Purchase,Pending,0,POS
TXN050726,C037,CRD0058,Vida e Caffe,2025-12-12,73.32,Purchase,Approved,0,ATM
TXN050727,C017,CRD0026,Ocean Basket,2025-12-06,417.03,Purchase,Approved,0,ATM
TXN050728,C498,CRD0752,Chicken Licken,2026-03-01,214.66,Purchase,Approved,0,POS
TXN050729,C234,CRD0340,KFC,2025-11-27,55.31,Payment,Approved,0,Online
TXN050730,C230,CRD0335,Google Play,2026-01-13,259.1,Purchase,Approved,0,Online
TXN050731,C382,CRD0575,Google Play,2026-02-12,24.49,Withdrawal,Approved,0,Online
TXN050732,C420,CRD0638,Engen,2025-12-05,460.49,Purchase,Approved,0,POS
TXN050733,C505,CRD0759,KFC,2025-12-23,48.45,Purchase,Approved,0,POS
TXN050734,C223,CRD0326,Wimpy,2026-03-30,109.38,Purchase,Approved,0,POS
TXN050735,C550,CRD0804,Clicks,2026-02-15,111.78,Purchase,Approved,0,POS
TXN050736,C313,CRD0462,Google Play,2025-12-21,15.76,Purchase,Approved,0,Online
TXN050737,C235,CRD0341,Checkers,2025-12-06,536.91,Purchase,Approved,0,POS
TXN050738,C193,CRD0284,Romans Pizza,2026-04-01,74.55,Purchase,Approved,0,POS
TXN050739,C010,CRD0015,Clicks,2026-04-27,408.66,Purchase,Approved,0,Online
TXN050740,C370,CRD0557,Vida e Caffe,2026-03-03,126.79,Purchase,Approved,0,Online
TXN050741,C419,CRD0636,Loot.co.za,2026-04-07,1132.42,Purchase,Pending,0,Online
TXN050742,C532,CRD0786,Truworths,2026-02-25,1195.62,Payment,Approved,0,Online
TXN050743,C455,CRD0694,Vida e Caffe,2026-05-11,69.35,Purchase,Pending,0,Online
TXN050744,C383,CRD0578,Uber Eats,2026-01-04,183.04,Payment,Approved,0,Online
TXN050745,C408,CRD0619,Faithful to Nature,2026-04-18,335.13,Payment,Approved,0,Online
TXN050746,C218,CRD0320,Nandos,2026-01-26,181.67,Purchase,Approved,0,ATM
TXN050747,C193,CRD0283,Ster-Kinekor,2026-02-15,231.18,Withdrawal,Approved,0,ATM
TXN050748,C263,CRD0381,Edgars,2026-01-26,628.94,Payment,Approved,0,Online
TXN050749,C052,CRD0081,Google Play,2026-05-09,24.39,Refund,Approved,0,Online
TXN050750,C095,CRD0146,Spotify,2025-12-05,49.58,Purchase,Approved,0,Online
TXN050751,C312,CRD0460,Spotify,2025-12-24,61.91,Purchase,Declined,0,Online
TXN050752,C152,CRD0230,Pep,2026-01-17,185.88,Purchase,Approved,0,POS
TXN050753,C067,CRD0104,Vida e Caffe,2026-05-15,152.49,Purchase,Approved,0,POS
TXN050754,C323,CRD0479,Wimpy,2026-02-01,236.11,Purchase,Approved,0,Online
TXN050755,C295,CRD0432,Clicks,2025-11-28,377.82,Payment,Approved,0,Online
TXN050756,C247,CRD0357,Nu Metro,2026-04-22,70.86,Purchase,Approved,0,POS
TXN050757,C090,CRD0139,Google Play,2026-05-03,181.91,Purchase,Approved,0,Online
TXN050758,C294,CRD0430,Checkers,2025-12-28,794.73,Withdrawal,Approved,0,ATM
TXN050759,C279,CRD0405,Foschini,2026-02-25,422.75,Payment,Approved,0,Online
TXN050760,C007,CRD0010,Nandos,2026-03-27,80.32,Purchase,Approved,0,Online
TXN050761,C346,CRD0517,iStore,2026-03-20,5804.34,Purchase,Approved,0,POS
TXN050762,C279,CRD0404,Spur,2025-12-27,236.98,Withdrawal,Approved,0,ATM
TXN050763,C453,CRD0692,Steers,2026-02-22,175.65,Payment,Approved,0,Online
TXN050764,C492,CRD0742,Nandos,2025-12-26,16.95,Refund,Approved,0,POS
TXN050765,C097,CRD0150,Clicks,2026-05-07,350.55,Purchase,Approved,0,Online
TXN050766,C528,CRD0782,Clicks,2026-03-26,457.86,Purchase,Approved,0,Online
TXN050767,C405,CRD0613,Nandos,2025-11-30,63.31,Purchase,Approved,0,POS
TXN050768,C367,CRD0552,Dis-Chem,2026-01-11,351.96,Purchase,Approved,0,POS
TXN050769,C209,CRD0308,Mugg and Bean,2026-05-27,93.84,Purchase,Approved,0,POS
TXN050770,C539,CRD0793,Vida e Caffe,2026-01-25,64.7,Purchase,Approved,0,POS
TXN050771,C020,CRD0033,McDonalds,2026-05-25,145.3,Purchase,Approved,0,Online
TXN050772,C133,CRD0200,Apple iTunes,2026-01-06,135.03,Purchase,Approved,0,Online
TXN050773,C471,CRD0716,Vida e Caffe,2025-12-27,43.37,Purchase,Approved,0,POS
TXN050774,C367,CRD0551,KFC,2026-03-25,62.78,Purchase,Approved,0,Online
TXN050775,C453,CRD0690,Nu Metro,2026-03-25,107.88,Purchase,Approved,0,Online
TXN050776,C368,CRD0554,Mr Price,2026-01-28,286.82,Purchase,Approved,0,POS
TXN050777,C334,CRD0498,Google Play,2026-03-25,29.73,Withdrawal,Approved,0,Online
TXN050778,C053,CRD0082,Dis-Chem,2026-02-25,68.22,Purchase,Approved,0,POS
TXN050779,C461,CRD0702,Pep,2026-05-26,249.25,Withdrawal,Approved,0,ATM
TXN050780,C367,CRD0551,Cape Union Mart,2026-03-04,676.43,Purchase,Approved,0,Online
TXN050781,C146,CRD0221,KFC,2026-03-31,78.46,Purchase,Approved,0,POS
TXN050782,C028,CRD0048,Truworths,2025-12-01,1078.45,Purchase,Approved,0,POS
TXN050783,C127,CRD0191,Mugg and Bean,2026-01-03,92.89,Purchase,Approved,0,Online
TXN050784,C068,CRD0105,Vida e Caffe,2025-12-04,122.08,Payment,Pending,0,Online
TXN050785,C351,CRD0528,KFC,2025-12-06,145.44,Purchase,Approved,0,POS
TXN050786,C005,CRD0006,Wimpy,2026-01-27,49.97,Refund,Approved,0,POS
TXN050787,C046,CRD0071,Nu Metro,2025-12-06,262.6,Purchase,Approved,1,POS
TXN050788,C330,CRD0491,Vida e Caffe,2026-03-06,107.02,Purchase,Approved,0,POS
TXN050789,C296,CRD0433,Gold Reef City,2026-01-17,432.82,Withdrawal,Approved,0,ATM
TXN050790,C072,CRD0112,KFC,2026-02-10,88.53,Purchase,Approved,0,POS
TXN050791,C296,CRD0434,Edgars,2025-12-27,2112.62,Withdrawal,Approved,1,ATM
TXN050792,C131,CRD0197,Google Play,2026-01-03,220.75,Purchase,Approved,0,Online
TXN050793,C365,CRD0547,DStv,2026-02-01,261.95,Purchase,Declined,0,POS
TXN050794,C281,CRD0408,Google Play,2026-02-02,143.83,Purchase,Declined,0,Online
TXN050795,C270,CRD0392,Google Play,2025-12-27,211.43,Payment,Approved,0,Online
TXN050796,C041,CRD0066,KFC,2026-03-23,168.73,Purchase,Approved,0,POS
TXN050797,C018,CRD0027,Google Play,2026-01-18,414.54,Purchase,Approved,1,Online
TXN050798,C001,CRD0001,Mr Price,2026-03-20,153.41,Purchase,Approved,0,ATM
TXN050799,C406,CRD0616,Takealot,2025-12-27,2679.72,Purchase,Declined,0,Online
TXN050800,C002,CRD0002,Spotify,2026-04-26,86.88,Purchase,Approved,1,Online
TXN050801,C028,CRD0048,TicketPro,2026-02-25,541.34,Purchase,Approved,0,Online
TXN050802,C410,CRD0622,Woolworths,2026-04-14,1984.37,Withdrawal,Approved,0,ATM
TXN050803,C081,CRD0124,Uber Eats,2026-01-02,307.29,Purchase,Approved,0,Online
TXN050804,C474,CRD0720,Amazon.co.za,2026-03-22,622.39,Purchase,Approved,0,Online
TXN050805,C498,CRD0752,Mugg and Bean,2026-03-08,256.74,Purchase,Approved,0,POS
TXN050806,C390,CRD0588,Cape Union Mart,2026-02-12,516.83,Purchase,Approved,0,ATM
TXN050807,C082,CRD0126,Checkers,2026-04-04,891.99,Purchase,Approved,0,POS
TXN050808,C456,CRD0696,Mr Price,2026-03-25,597.86,Purchase,Approved,0,POS
TXN050809,C023,CRD0038,DStv,2026-04-04,530.42,Purchase,Declined,0,Online
TXN050810,C344,CRD0515,Amazon.co.za,2025-12-26,1980.9,Purchase,Declined,0,Online
TXN050811,C375,CRD0565,TicketPro,2026-02-21,638.83,Purchase,Declined,0,POS
TXN050812,C177,CRD0260,Google Play,2026-02-02,49.84,Purchase,Approved,0,Online
TXN050813,C125,CRD0189,Apple iTunes,2026-01-28,231.95,Purchase,Approved,0,Online
TXN050814,C511,CRD0765,Google Play,2026-01-30,136.36,Purchase,Approved,0,Online
TXN050815,C287,CRD0418,Google Play,2025-11-27,286.78,Purchase,Approved,0,Online
TXN050816,C226,CRD0329,Takealot,2026-02-19,4884.73,Purchase,Approved,0,Online
TXN050817,C354,CRD0532,Clicks,2025-12-30,213.05,Payment,Declined,0,Online
TXN050818,C045,CRD0070,Vida e Caffe,2025-12-09,57.79,Purchase,Approved,0,POS
TXN050819,C218,CRD0319,Google Play,2026-01-25,142.9,Purchase,Approved,0,Online
TXN050820,C133,CRD0200,McDonalds,2026-02-22,131.26,Purchase,Approved,0,ATM
TXN050821,C287,CRD0417,Cape Union Mart,2026-01-07,1280.0,Purchase,Approved,0,Online
TXN050822,C049,CRD0076,Chicken Licken,2026-03-26,55.95,Purchase,Approved,0,POS
TXN050823,C399,CRD0602,Samsung Store,2026-04-14,5262.12,Purchase,Approved,0,POS
TXN050824,C278,CRD0403,Pep,2026-03-28,277.04,Purchase,Approved,0,ATM
TXN050825,C338,CRD0506,Nandos,2026-04-27,184.62,Withdrawal,Approved,0,ATM
TXN050826,C065,CRD0099,Uber Eats,2026-01-28,216.88,Purchase,Approved,0,Online
TXN050827,C498,CRD0752,Avis SA,2026-03-28,2372.62,Payment,Declined,0,Online
TXN050828,C292,CRD0427,Loot.co.za,2026-03-27,3689.55,Withdrawal,Approved,1,Online
TXN050829,C430,CRD0654,Takealot,2026-02-07,2812.68,Withdrawal,Approved,0,Online
TXN050830,C065,CRD0099,Checkers,2026-02-18,1592.21,Purchase,Approved,0,Online
TXN050831,C289,CRD0422,Pep,2025-12-12,308.14,Purchase,Approved,0,Online
TXN050832,C138,CRD0210,Dis-Chem,2026-02-07,105.74,Purchase,Approved,0,POS
TXN050833,C151,CRD0228,Clicks,2025-12-02,456.6,Purchase,Approved,0,Online
TXN050834,C006,CRD0008,Takealot,2026-04-20,1999.27,Payment,Approved,0,Online
TXN050835,C295,CRD0432,Nandos,2026-03-26,84.34,Payment,Approved,0,Online
TXN050836,C412,CRD0624,TicketPro,2025-12-26,1051.11,Purchase,Declined,0,Online
TXN050837,C436,CRD0664,McDonalds,2026-03-09,99.2,Purchase,Approved,0,ATM
TXN050838,C005,CRD0006,Chicken Licken,2026-04-27,94.33,Withdrawal,Approved,0,ATM
TXN050839,C278,CRD0403,Takealot,2026-03-29,2057.18,Purchase,Approved,0,Online
TXN050840,C372,CRD0560,Steers,2026-05-03,151.84,Purchase,Approved,0,POS
TXN050841,C144,CRD0216,Pep,2026-02-21,84.62,Purchase,Approved,0,Online
TXN050842,C180,CRD0264,Debonairs,2026-03-07,252.72,Withdrawal,Approved,0,ATM
TXN050843,C439,CRD0669,Netflix,2026-02-17,177.42,Purchase,Approved,0,Online
TXN050844,C232,CRD0338,Debonairs,2026-02-26,71.25,Purchase,Approved,0,POS
TXN050845,C527,CRD0781,KFC,2026-05-18,149.73,Withdrawal,Approved,0,ATM
TXN050846,C196,CRD0288,Pick n Pay,2026-04-24,1361.35,Purchase,Approved,0,Online
TXN050847,C423,CRD0642,Woolworths,2025-12-12,586.75,Purchase,Approved,0,POS
TXN050848,C343,CRD0514,Apple iTunes,2026-02-16,461.11,Purchase,Approved,0,Online
TXN050849,C050,CRD0079,Pick n Pay,2025-12-12,1647.5,Purchase,Approved,0,Online
TXN050850,C038,CRD0060,Vida e Caffe,2025-12-29,54.28,Withdrawal,Approved,0,ATM
TXN050851,C114,CRD0174,Loot.co.za,2026-02-19,1545.47,Purchase,Approved,0,Online
TXN050852,C280,CRD0407,Google Play,2025-12-16,290.25,Purchase,Approved,1,Online
TXN050853,C365,CRD0546,Google Play,2026-01-01,35.3,Withdrawal,Approved,0,Online
TXN050854,C184,CRD0271,Builders Warehouse,2026-01-27,10347.38,Purchase,Approved,0,Online
TXN050855,C278,CRD0403,Nu Metro,2025-12-28,110.57,Purchase,Approved,0,POS
TXN050856,C426,CRD0648,Checkers,2026-03-25,1839.39,Purchase,Approved,0,Online
TXN050857,C353,CRD0531,Debonairs,2025-12-22,208.15,Purchase,Approved,0,ATM
TXN050858,C307,CRD0450,Uber Eats,2025-11-30,75.21,Withdrawal,Approved,0,Online
TXN050859,C188,CRD0275,Netflix,2025-12-18,107.64,Withdrawal,Approved,0,Online
TXN050860,C137,CRD0207,Uber Eats,2025-12-26,210.09,Purchase,Declined,0,Online
TXN050861,C266,CRD0386,Romans Pizza,2026-03-21,257.82,Purchase,Approved,0,POS
TXN050862,C064,CRD0098,Chicken Licken,2026-03-29,130.55,Purchase,Approved,0,Online
TXN050863,C055,CRD0085,Vida e Caffe,2026-03-01,110.81,Purchase,Approved,0,POS
TXN050864,C187,CRD0274,Spotify,2026-01-26,57.99,Purchase,Approved,0,Online
TXN050865,C301,CRD0441,Superbalist,2026-02-24,1101.77,Withdrawal,Approved,0,Online
TXN050866,C327,CRD0486,Spotify,2026-02-25,48.09,Payment,Approved,0,Online
TXN050867,C268,CRD0389,Clicks,2026-03-28,492.31,Purchase,Approved,0,POS
TXN050868,C476,CRD0723,Ocean Basket,2026-01-22,566.34,Purchase,Declined,0,POS
TXN050869,C058,CRD0090,Apple iTunes,2026-03-12,366.34,Purchase,Approved,0,Online
TXN050870,C104,CRD0159,Pep,2026-04-02,317.47,Purchase,Approved,0,POS
TXN050871,C382,CRD0575,Woolworths,2026-02-12,1112.17,Purchase,Approved,0,POS
TXN050872,C315,CRD0465,Romans Pizza,2026-03-28,143.55,Purchase,Approved,0,Online
TXN050873,C110,CRD0168,Foschini,2026-04-13,2249.65,Purchase,Approved,0,ATM
TXN050874,C278,CRD0403,Google Play,2026-02-13,170.73,Purchase,Approved,0,Online
TXN050875,C092,CRD0143,Checkers,2026-05-07,985.04,Payment,Approved,0,Online
TXN050876,C299,CRD0438,Pep,2025-12-28,110.91,Purchase,Approved,0,Online
TXN050877,C233,CRD0339,Pick n Pay,2026-05-17,926.07,Purchase,Approved,0,ATM
TXN050878,C382,CRD0575,Apple iTunes,2025-12-27,59.46,Withdrawal,Approved,0,Online
TXN050879,C398,CRD0599,KFC,2026-02-19,44.96,Purchase,Approved,0,Online
TXN050880,C249,CRD0360,Google Play,2026-03-11,171.67,Purchase,Approved,0,Online
TXN050881,C320,CRD0471,Gold Reef City,2026-03-24,326.16,Purchase,Approved,0,POS
TXN050882,C474,CRD0720,KFC,2026-03-04,103.28,Purchase,Approved,0,ATM
TXN050883,C174,CRD0257,Google Play,2025-12-23,101.34,Withdrawal,Declined,0,Online
TXN050884,C028,CRD0048,Vida e Caffe,2025-11-25,11.32,Refund,Approved,0,Online
TXN050885,C203,CRD0298,Debonairs,2026-03-05,113.93,Purchase,Approved,0,POS
TXN050886,C355,CRD0533,Steers,2026-02-25,130.18,Purchase,Approved,0,POS
TXN050887,C376,CRD0566,Ocean Basket,2026-02-10,288.74,Purchase,Approved,0,Online
TXN050888,C289,CRD0421,Google Play,2026-03-26,51.18,Refund,Approved,0,Online
TXN050889,C274,CRD0397,Kulula,2026-03-02,764.8,Withdrawal,Approved,0,ATM
TXN050890,C543,CRD0797,Checkers,2026-02-26,1777.33,Payment,Pending,0,Online
TXN050891,C197,CRD0290,TicketPro,2026-04-30,357.86,Purchase,Approved,0,POS
TXN050892,C011,CRD0018,Montecasino,2026-04-27,396.42,Purchase,Approved,0,POS
TXN050893,C393,CRD0593,Truworths,2026-04-17,934.12,Purchase,Approved,0,POS
TXN050894,C106,CRD0162,Pep,2026-04-27,219.66,Purchase,Approved,0,Online
TXN050895,C017,CRD0025,Vida e Caffe,2026-05-05,124.71,Purchase,Approved,0,Online
TXN050896,C182,CRD0267,City Lodge,2025-12-22,1248.67,Purchase,Approved,0,POS
TXN050897,C046,CRD0071,Google Play,2026-02-28,102.42,Purchase,Approved,0,Online
TXN050898,C465,CRD0708,Spotify,2026-05-04,84.12,Purchase,Approved,1,Online
TXN050899,C339,CRD0509,DStv,2026-02-12,225.24,Purchase,Approved,0,POS
TXN050900,C178,CRD0262,Chicken Licken,2025-12-18,65.64,Purchase,Approved,0,POS
TXN050901,C506,CRD0760,Checkers,2025-11-22,906.27,Purchase,Approved,0,POS
TXN050902,C155,CRD0233,KFC,2025-12-02,99.95,Purchase,Approved,0,POS
TXN050903,C179,CRD0263,Loot.co.za,2026-01-29,522.1,Purchase,Approved,0,Online
TXN050904,C019,CRD0030,Dis-Chem,2025-11-28,531.61,Purchase,Approved,0,Online
TXN050905,C046,CRD0071,Checkers,2026-03-25,916.43,Payment,Approved,0,Online
TXN050906,C462,CRD0704,Vida e Caffe,2026-04-07,123.87,Withdrawal,Declined,0,ATM
TXN050907,C322,CRD0477,Google Play,2026-03-16,150.68,Purchase,Approved,0,Online
TXN050908,C478,CRD0726,Pep,2026-02-27,42.58,Refund,Approved,0,Online
TXN050909,C028,CRD0047,Uber Eats,2026-02-20,147.27,Purchase,Declined,0,Online
TXN050910,C539,CRD0793,Cape Union Mart,2025-12-13,2169.11,Purchase,Approved,0,POS
TXN050911,C341,CRD0511,Wimpy,2026-01-30,254.92,Purchase,Approved,0,POS
TXN050912,C026,CRD0044,KFC,2026-01-01,199.19,Purchase,Approved,0,POS
TXN050913,C383,CRD0577,TicketPro,2025-12-28,1111.57,Purchase,Approved,0,POS
TXN050914,C346,CRD0517,Vida e Caffe,2026-04-28,43.5,Purchase,Approved,0,ATM
TXN050915,C490,CRD0740,Edgars,2025-12-04,1782.18,Purchase,Declined,0,Online
TXN050916,C351,CRD0526,Spur,2026-01-25,362.56,Purchase,Approved,0,POS
TXN050917,C321,CRD0474,Faithful to Nature,2026-03-18,1665.76,Purchase,Approved,0,Online
TXN050918,C321,CRD0474,Vida e Caffe,2026-04-04,48.36,Purchase,Approved,0,POS
TXN050919,C162,CRD0241,Truworths,2026-01-14,814.43,Withdrawal,Approved,0,ATM
TXN050920,C366,CRD0549,Uber Eats,2026-04-30,295.42,Purchase,Approved,0,Online
TXN050921,C155,CRD0233,Steers,2026-04-24,220.54,Withdrawal,Pending,0,ATM
TXN050922,C153,CRD0231,Zando,2026-04-21,543.66,Withdrawal,Approved,0,Online
TXN050923,C382,CRD0575,Builders Warehouse,2025-12-31,7003.6,Purchase,Approved,0,Online
TXN050924,C221,CRD0324,Wimpy,2026-04-12,92.06,Purchase,Pending,0,Online
TXN050925,C515,CRD0769,Clicks,2026-04-26,524.27,Purchase,Approved,0,POS
TXN050926,C545,CRD0799,Wimpy,2026-04-25,69.39,Payment,Approved,0,Online
TXN050927,C355,CRD0534,TicketPro,2026-02-26,169.91,Purchase,Approved,0,POS
TXN050928,C411,CRD0623,Google Play,2026-03-13,45.38,Purchase,Approved,0,Online
TXN050929,C401,CRD0605,Nu Metro,2026-04-16,65.76,Payment,Approved,0,Online
TXN050930,C320,CRD0471,Dis-Chem,2026-05-27,245.63,Purchase,Approved,0,POS
TXN050931,C226,CRD0329,McDonalds,2026-03-28,115.67,Purchase,Approved,0,Online
TXN050932,C209,CRD0308,KFC,2026-03-27,59.65,Purchase,Approved,0,POS
TXN050933,C094,CRD0145,Mugg and Bean,2026-04-08,258.13,Purchase,Approved,0,POS
TXN050934,C199,CRD0292,Mr Price,2026-01-04,1459.64,Withdrawal,Approved,0,ATM
TXN050935,C068,CRD0105,Dis-Chem,2026-04-11,513.53,Purchase,Declined,0,POS
TXN050936,C452,CRD0689,Ster-Kinekor,2025-12-06,247.71,Purchase,Approved,1,ATM
TXN050937,C426,CRD0648,Chicken Licken,2026-02-28,48.08,Purchase,Approved,0,POS
TXN050938,C349,CRD0522,Shell,2026-02-02,334.08,Refund,Declined,0,POS
TXN050939,C091,CRD0142,Romans Pizza,2026-01-25,104.48,Purchase,Approved,0,POS
TXN050940,C324,CRD0480,Apple iTunes,2025-12-12,58.21,Withdrawal,Approved,0,Online
TXN050941,C161,CRD0239,Vida e Caffe,2026-03-08,125.94,Purchase,Approved,0,Online
TXN050942,C393,CRD0593,Bash.com,2025-11-23,1407.97,Purchase,Approved,0,Online
TXN050943,C260,CRD0377,McDonalds,2026-04-27,150.89,Purchase,Declined,0,POS
TXN050944,C336,CRD0503,Apple iTunes,2026-04-03,90.02,Withdrawal,Approved,0,Online
TXN050945,C152,CRD0230,ShowMax,2026-02-17,118.05,Purchase,Approved,0,Online
TXN050946,C479,CRD0727,Google Play,2026-01-01,184.09,Purchase,Approved,0,Online
TXN050947,C194,CRD0285,Chicken Licken,2026-02-09,174.21,Purchase,Approved,0,ATM
TXN050948,C006,CRD0009,Bash.com,2026-02-08,862.43,Purchase,Approved,0,Online
TXN050949,C120,CRD0183,Checkers,2026-02-21,1266.82,Withdrawal,Approved,0,ATM
TXN050950,C355,CRD0534,Ster-Kinekor,2026-04-26,154.21,Purchase,Approved,0,POS
TXN050951,C100,CRD0154,Ster-Kinekor,2026-02-03,104.29,Purchase,Approved,0,POS
TXN050952,C089,CRD0136,Checkers,2026-05-18,294.4,Payment,Approved,0,Online
TXN050953,C433,CRD0660,Clicks,2026-01-19,439.19,Payment,Approved,0,Online
TXN050954,C057,CRD0088,Gold Reef City,2026-02-13,265.52,Payment,Approved,0,Online
TXN050955,C250,CRD0362,Mugg and Bean,2026-01-18,145.2,Payment,Approved,0,Online
TXN050956,C488,CRD0737,Loot.co.za,2025-12-28,1179.35,Purchase,Approved,0,Online
TXN050957,C414,CRD0627,BP,2025-12-28,286.12,Purchase,Approved,0,Online
TXN050958,C206,CRD0303,Google Play,2026-04-23,32.28,Purchase,Approved,0,Online
TXN050959,C061,CRD0094,KFC,2026-02-04,51.53,Purchase,Declined,0,POS
TXN050960,C239,CRD0346,TicketPro,2026-02-06,301.05,Purchase,Approved,0,POS
TXN050961,C042,CRD0067,Apple iTunes,2026-04-25,91.7,Purchase,Approved,0,Online
TXN050962,C354,CRD0532,Spotify,2026-03-07,62.22,Payment,Approved,0,Online
TXN050963,C109,CRD0166,McDonalds,2026-02-24,91.32,Purchase,Approved,0,Online
TXN050964,C426,CRD0648,Pep,2026-03-26,167.97,Purchase,Approved,0,POS
TXN050965,C491,CRD0741,Game,2026-04-20,1340.16,Purchase,Approved,0,POS
TXN050966,C527,CRD0781,McDonalds,2026-02-11,119.82,Purchase,Approved,0,POS
TXN050967,C320,CRD0473,Edgars,2025-12-25,1386.32,Purchase,Approved,0,POS
TXN050968,C021,CRD0035,Wimpy,2025-12-24,90.09,Purchase,Approved,0,POS
TXN050969,C535,CRD0789,FlySafair,2026-02-26,2562.12,Purchase,Approved,0,POS
TXN050970,C310,CRD0456,Spotify,2026-01-11,55.1,Purchase,Approved,0,Online
TXN050971,C224,CRD0327,Loot.co.za,2026-01-20,612.27,Purchase,Approved,0,Online
TXN050972,C508,CRD0762,City Lodge,2026-02-25,997.4,Purchase,Approved,0,Online
TXN050973,C472,CRD0717,Dis-Chem,2026-03-02,363.38,Purchase,Approved,0,Online
TXN050974,C021,CRD0034,Wimpy,2026-03-02,216.16,Withdrawal,Approved,0,ATM
TXN050975,C229,CRD0332,Ster-Kinekor,2025-12-16,70.41,Purchase,Approved,0,Online
TXN050976,C136,CRD0205,Clicks,2026-04-23,118.05,Purchase,Approved,0,POS
TXN050977,C393,CRD0592,ShowMax,2026-02-26,100.49,Purchase,Pending,0,Online
TXN050978,C051,CRD0080,DStv,2026-03-16,194.29,Purchase,Approved,0,Online
TXN050979,C182,CRD0267,Totalsports,2026-03-17,978.83,Payment,Approved,0,Online
TXN050980,C293,CRD0429,Uber Eats,2026-04-20,119.9,Purchase,Approved,0,Online
TXN050981,C323,CRD0479,KFC,2026-01-28,117.85,Withdrawal,Approved,0,ATM
TXN050982,C303,CRD0443,Spotify,2026-02-04,21.05,Purchase,Approved,0,Online
TXN050983,C368,CRD0554,Engen,2025-12-28,259.78,Purchase,Approved,0,POS
TXN050984,C321,CRD0474,Pick n Pay,2025-12-09,2155.58,Purchase,Approved,0,POS
TXN050985,C074,CRD0116,Sportsmans Whouse,2026-02-09,2305.66,Purchase,Approved,0,Online
TXN050986,C437,CRD0665,Romans Pizza,2026-01-25,117.58,Purchase,Approved,0,POS
TXN050987,C217,CRD0317,Google Play,2026-03-28,209.79,Purchase,Approved,0,Online
TXN050988,C446,CRD0677,TicketPro,2025-12-30,86.52,Refund,Approved,0,POS
TXN050989,C109,CRD0166,Vida e Caffe,2026-05-28,63.99,Withdrawal,Approved,0,ATM
TXN050990,C498,CRD0752,Wimpy,2025-12-27,88.78,Purchase,Pending,0,POS
TXN050991,C471,CRD0716,Chicken Licken,2025-12-26,50.51,Purchase,Approved,0,POS
TXN050992,C276,CRD0400,Pick n Pay,2026-03-22,1572.9,Purchase,Approved,0,POS
TXN050993,C426,CRD0649,Pep,2025-11-26,481.8,Purchase,Approved,0,POS
TXN050994,C383,CRD0577,Google Play,2026-05-03,231.16,Purchase,Approved,0,Online
TXN050995,C305,CRD0447,McDonalds,2026-04-01,87.43,Withdrawal,Declined,0,ATM
TXN050996,C132,CRD0198,McDonalds,2026-04-14,93.53,Purchase,Approved,0,POS
TXN050997,C314,CRD0464,Bash.com,2026-01-24,944.18,Purchase,Approved,0,Online
TXN050998,C503,CRD0757,Spotify,2026-01-26,63.09,Purchase,Approved,1,Online
TXN050999,C085,CRD0129,Dis-Chem,2026-03-04,140.82,Purchase,Approved,0,POS
TXN051000,C495,CRD0747,Debonairs,2026-03-31,191.6,Purchase,Approved,0,Online
TXN051001,C548,CRD0802,Nandos,2026-03-03,122.93,Purchase,Approved,0,POS
TXN051002,C011,CRD0018,Romans Pizza,2026-03-31,72.24,Purchase,Approved,0,POS
TXN051003,C420,CRD0639,DStv,2025-12-25,446.08,Purchase,Approved,0,ATM
TXN051004,C105,CRD0161,Cape Union Mart,2026-02-09,1007.26,Purchase,Pending,0,ATM
TXN051005,C402,CRD0606,Uber Eats,2026-05-25,198.22,Purchase,Approved,0,Online
TXN051006,C420,CRD0638,Mugg and Bean,2026-04-01,275.84,Purchase,Approved,0,Online
TXN051007,C373,CRD0561,Faithful to Nature,2026-01-31,328.6,Refund,Approved,0,Online
TXN051008,C332,CRD0496,FlySafair,2026-04-26,1012.51,Purchase,Approved,0,POS
TXN051009,C420,CRD0637,Game,2026-03-01,5130.23,Purchase,Approved,0,POS
TXN051010,C483,CRD0731,Mr Price,2026-02-25,1086.4,Purchase,Approved,0,Online
TXN051011,C023,CRD0038,Dis-Chem,2026-03-25,986.04,Purchase,Approved,0,Online
TXN051012,C323,CRD0479,DStv,2026-03-02,615.06,Purchase,Approved,0,POS
TXN051013,C021,CRD0035,Vida e Caffe,2025-11-29,66.11,Purchase,Approved,0,Online
TXN051014,C152,CRD0230,Chicken Licken,2025-12-27,72.96,Withdrawal,Approved,0,ATM
TXN051015,C231,CRD0337,Ocean Basket,2026-05-11,962.81,Purchase,Approved,1,POS
TXN051016,C078,CRD0121,Mugg and Bean,2026-01-27,282.54,Withdrawal,Approved,0,ATM
TXN051017,C494,CRD0745,Vida e Caffe,2026-01-18,43.85,Payment,Approved,0,Online
TXN051018,C283,CRD0411,Ster-Kinekor,2026-05-16,19.43,Refund,Approved,0,Online
TXN051019,C187,CRD0274,Ocean Basket,2026-01-20,389.35,Purchase,Approved,0,POS
TXN051020,C270,CRD0391,Debonairs,2026-01-04,175.78,Purchase,Declined,0,ATM
TXN051021,C482,CRD0730,Debonairs,2026-04-30,55.93,Refund,Approved,0,Online
TXN051022,C301,CRD0441,Loot.co.za,2025-12-02,1010.49,Purchase,Approved,0,Online
TXN051023,C083,CRD0127,Apple iTunes,2026-03-11,42.12,Refund,Approved,0,Online
TXN051024,C390,CRD0589,Nandos,2026-03-17,124.13,Purchase,Approved,0,Online
TXN051025,C137,CRD0206,Nu Metro,2025-12-16,79.75,Purchase,Approved,0,POS
TXN051026,C193,CRD0283,Dis-Chem,2025-12-24,170.9,Purchase,Approved,0,POS
TXN051027,C291,CRD0425,Spur,2026-04-30,328.67,Purchase,Approved,0,POS
TXN051028,C382,CRD0576,Debonairs,2025-12-14,91.28,Purchase,Approved,0,ATM
TXN051029,C437,CRD0665,Pep,2025-12-30,713.89,Purchase,Pending,1,Online
TXN051030,C537,CRD0791,KFC,2026-04-28,145.86,Purchase,Pending,0,POS
TXN051031,C320,CRD0472,Dis-Chem,2025-12-25,293.58,Purchase,Pending,0,POS
TXN051032,C218,CRD0320,KFC,2026-02-27,103.44,Purchase,Approved,0,Online
TXN051033,C494,CRD0745,Pep,2026-02-25,220.81,Purchase,Approved,0,POS
TXN051034,C252,CRD0364,Debonairs,2026-03-25,144.9,Purchase,Approved,0,POS
TXN051035,C176,CRD0259,Chicken Licken,2026-02-09,38.71,Refund,Approved,0,Online
TXN051036,C535,CRD0789,DStv,2026-05-03,587.14,Purchase,Approved,0,POS
TXN051037,C049,CRD0076,Nu Metro,2026-02-24,122.13,Withdrawal,Approved,0,ATM
TXN051038,C340,CRD0510,Cape Union Mart,2025-11-25,458.37,Payment,Approved,0,Online
TXN051039,C171,CRD0253,Pep,2026-04-27,416.03,Purchase,Approved,0,Online
TXN051040,C140,CRD0212,Samsung Store,2025-11-21,9586.38,Purchase,Approved,0,POS
TXN051041,C487,CRD0735,Ster-Kinekor,2026-04-28,216.67,Withdrawal,Approved,0,ATM
TXN051042,C466,CRD0709,Google Play,2026-02-28,67.7,Purchase,Approved,0,Online
TXN051043,C112,CRD0170,Truworths,2026-02-06,1321.57,Withdrawal,Approved,0,ATM
TXN051044,C464,CRD0707,Ocean Basket,2026-03-25,159.66,Payment,Declined,0,Online
TXN051045,C167,CRD0248,Checkers,2025-12-09,502.13,Purchase,Approved,0,POS
TXN051046,C146,CRD0219,McDonalds,2026-02-25,119.09,Purchase,Approved,0,Online
TXN051047,C051,CRD0080,Google Play,2026-01-27,81.31,Purchase,Approved,0,Online
TXN051048,C425,CRD0644,Takealot,2026-03-05,77.09,Purchase,Declined,0,Online
TXN051049,C159,CRD0237,Nu Metro,2026-02-19,80.57,Purchase,Pending,0,ATM
TXN051050,C342,CRD0512,Builders Warehouse,2026-03-15,4404.84,Purchase,Approved,0,Online
TXN051051,C524,CRD0778,Mugg and Bean,2026-01-02,205.63,Purchase,Approved,0,Online
TXN051052,C459,CRD0699,Pep,2026-03-21,68.65,Purchase,Approved,0,Online
TXN051053,C339,CRD0508,Chicken Licken,2026-03-08,218.09,Withdrawal,Approved,0,ATM
TXN051054,C363,CRD0542,Checkers,2026-03-06,1535.34,Purchase,Approved,0,Online
TXN051055,C493,CRD0743,Clicks,2026-01-11,585.65,Purchase,Approved,0,POS
TXN051056,C547,CRD0801,Google Play,2026-03-08,110.64,Purchase,Approved,0,Online
TXN051057,C301,CRD0441,McDonalds,2026-03-27,90.1,Purchase,Approved,0,POS
TXN051058,C263,CRD0381,Sportsmans Whouse,2026-02-24,1092.05,Purchase,Approved,0,ATM
TXN051059,C391,CRD0590,Mr Price,2025-11-26,512.64,Purchase,Approved,0,POS
TXN051060,C219,CRD0321,Checkers,2026-01-27,347.25,Purchase,Approved,0,POS
TXN051061,C061,CRD0094,ShowMax,2026-01-26,83.12,Withdrawal,Approved,0,Online
TXN051062,C444,CRD0675,Vida e Caffe,2026-03-27,135.94,Purchase,Approved,0,POS
TXN051063,C091,CRD0141,McDonalds,2026-03-28,64.07,Purchase,Approved,0,ATM
TXN051064,C302,CRD0442,Chicken Licken,2026-01-25,46.03,Purchase,Approved,0,POS
TXN051065,C202,CRD0297,Google Play,2026-03-28,101.91,Refund,Approved,1,Online
TXN051066,C371,CRD0559,Takealot,2025-11-25,2984.6,Purchase,Approved,0,Online
TXN051067,C058,CRD0090,Gold Reef City,2026-03-03,239.06,Purchase,Approved,0,Online
TXN051068,C508,CRD0762,Pep,2026-02-21,37.27,Purchase,Approved,0,POS
TXN051069,C489,CRD0738,Bash.com,2026-03-04,1425.34,Withdrawal,Approved,0,Online
TXN051070,C512,CRD0766,Truworths,2026-05-03,1018.19,Purchase,Pending,0,Online
TXN051071,C467,CRD0711,Google Play,2026-03-27,263.44,Withdrawal,Pending,0,Online
TXN051072,C191,CRD0280,Chicken Licken,2026-03-04,50.57,Purchase,Approved,0,POS
TXN051073,C333,CRD0497,McDonalds,2026-02-23,90.54,Payment,Declined,0,Online
TXN051074,C219,CRD0321,Nandos,2026-02-26,138.03,Purchase,Approved,0,POS
TXN051075,C061,CRD0094,Apple iTunes,2026-05-11,357.6,Purchase,Approved,0,Online
TXN051076,C044,CRD0069,Spur,2026-01-11,596.08,Withdrawal,Approved,1,ATM
TXN051077,C046,CRD0071,Steers,2026-02-25,59.39,Payment,Approved,0,Online
TXN051078,C313,CRD0462,Edgars,2026-04-29,881.63,Purchase,Approved,0,Online
TXN051079,C432,CRD0657,DStv,2026-02-26,538.45,Purchase,Approved,0,Online
TXN051080,C496,CRD0748,Gold Reef City,2025-11-24,291.23,Purchase,Approved,0,Online
TXN051081,C020,CRD0032,Woolworths,2026-02-09,1748.85,Purchase,Approved,0,POS
TXN051082,C521,CRD0775,Engen,2026-01-06,1280.05,Payment,Approved,0,Online
TXN051083,C189,CRD0277,Checkers,2026-04-26,1233.33,Payment,Pending,0,Online
TXN051084,C378,CRD0570,Pep,2026-03-26,160.96,Purchase,Approved,0,Online
TXN051085,C353,CRD0531,Dis-Chem,2026-04-15,1040.25,Purchase,Approved,0,POS
TXN051086,C261,CRD0378,Romans Pizza,2025-11-27,261.35,Purchase,Approved,0,POS
TXN051087,C132,CRD0199,KFC,2026-04-25,50.57,Purchase,Approved,0,POS
TXN051088,C057,CRD0089,Google Play,2026-04-29,60.14,Purchase,Approved,0,Online
TXN051089,C092,CRD0143,KFC,2026-05-07,166.47,Withdrawal,Approved,0,ATM
TXN051090,C028,CRD0048,Spotify,2026-02-08,78.94,Purchase,Declined,0,Online
TXN051091,C516,CRD0770,Apple iTunes,2026-01-19,54.46,Refund,Approved,0,Online
TXN051092,C473,CRD0719,Steers,2026-05-10,75.23,Purchase,Approved,0,POS
TXN051093,C211,CRD0311,Pep,2025-12-25,592.89,Purchase,Approved,1,Online
TXN051094,C007,CRD0011,Debonairs,2025-12-28,62.85,Purchase,Approved,0,Online
TXN051095,C233,CRD0339,Pep,2026-02-26,211.15,Purchase,Approved,0,POS
TXN051096,C266,CRD0384,Truworths,2026-02-23,1561.24,Withdrawal,Approved,0,ATM
TXN051097,C057,CRD0089,Bash.com,2026-02-12,903.76,Withdrawal,Pending,0,Online
TXN051098,C083,CRD0127,Nu Metro,2026-02-07,82.99,Purchase,Declined,0,POS
TXN051099,C199,CRD0292,Nu Metro,2025-11-26,134.07,Withdrawal,Approved,0,ATM
TXN051100,C214,CRD0314,BP,2026-02-25,478.97,Payment,Approved,0,Online
TXN051101,C133,CRD0200,Bash.com,2026-01-19,601.48,Purchase,Approved,0,Online
TXN051102,C273,CRD0396,Google Play,2026-01-24,178.42,Purchase,Approved,0,Online
TXN051103,C076,CRD0119,Debonairs,2025-12-13,165.48,Purchase,Approved,0,Online
TXN051104,C095,CRD0147,Vida e Caffe,2026-05-01,62.14,Purchase,Approved,0,POS
TXN051105,C345,CRD0516,Totalsports,2026-03-26,1882.38,Purchase,Declined,0,POS
TXN051106,C376,CRD0566,Steers,2026-01-20,139.24,Purchase,Approved,0,Online
TXN051107,C338,CRD0506,Woolworths,2026-03-05,1119.77,Purchase,Approved,0,POS
TXN051108,C337,CRD0504,Ocean Basket,2026-03-27,584.38,Purchase,Approved,0,ATM
TXN051109,C247,CRD0357,Ocean Basket,2025-12-08,228.23,Purchase,Pending,0,Online
TXN051110,C128,CRD0192,Wimpy,2026-03-17,253.6,Purchase,Approved,0,POS
TXN051111,C120,CRD0182,Clicks,2026-01-26,259.62,Purchase,Approved,0,Online
TXN051112,C482,CRD0730,BP,2026-01-26,425.12,Withdrawal,Declined,0,ATM
TXN051113,C487,CRD0735,Ocean Basket,2026-02-28,573.67,Purchase,Declined,0,ATM
TXN051114,C329,CRD0490,TicketPro,2026-03-16,1418.6,Purchase,Approved,1,POS
TXN051115,C425,CRD0646,Zando,2026-02-28,636.26,Refund,Approved,0,Online
TXN051116,C003,CRD0003,Clicks,2026-05-10,849.07,Withdrawal,Approved,1,ATM
TXN051117,C413,CRD0625,KFC,2026-04-11,95.0,Purchase,Approved,0,POS
TXN051118,C036,CRD0057,Steers,2026-03-27,154.41,Payment,Approved,0,Online
TXN051119,C262,CRD0379,Google Play,2026-02-24,78.89,Purchase,Approved,0,Online
TXN051120,C025,CRD0042,Dis-Chem,2026-02-09,165.29,Purchase,Approved,0,Online
TXN051121,C117,CRD0178,Pick n Pay,2025-11-25,1854.89,Purchase,Approved,0,POS
TXN051122,C418,CRD0634,BP,2026-04-28,306.23,Purchase,Approved,0,POS
TXN051123,C007,CRD0010,Pep,2026-03-20,48.57,Purchase,Approved,0,Online
TXN051124,C532,CRD0786,Google Play,2026-04-08,36.17,Purchase,Approved,0,Online
TXN051125,C120,CRD0181,Steers,2025-12-30,190.59,Purchase,Approved,0,Online
TXN051126,C152,CRD0230,Steers,2025-12-02,96.22,Purchase,Approved,0,Online
TXN051127,C469,CRD0714,Wimpy,2026-02-28,218.05,Purchase,Approved,0,Online
TXN051128,C201,CRD0296,Spotify,2026-03-11,52.95,Purchase,Approved,0,Online
TXN051129,C458,CRD0698,Clicks,2026-05-06,729.77,Payment,Approved,0,Online
TXN051130,C536,CRD0790,Clicks,2026-02-28,827.05,Purchase,Approved,1,POS
TXN051131,C279,CRD0404,Bash.com,2026-04-01,1687.54,Payment,Approved,0,Online
TXN051132,C129,CRD0193,Chicken Licken,2026-04-03,168.49,Purchase,Approved,0,POS
TXN051133,C488,CRD0737,KFC,2026-05-14,72.53,Purchase,Approved,0,POS
TXN051134,C453,CRD0690,Steers,2026-05-13,183.41,Purchase,Approved,0,Online
TXN051135,C075,CRD0118,Edgars,2026-01-26,765.41,Purchase,Declined,0,POS
TXN051136,C158,CRD0236,Debonairs,2025-12-25,57.56,Purchase,Approved,0,POS
TXN051137,C102,CRD0156,Nandos,2026-01-12,161.56,Purchase,Approved,0,POS
TXN051138,C216,CRD0316,Faithful to Nature,2026-05-02,725.1,Purchase,Approved,0,Online
TXN051139,C004,CRD0004,Incredible Connect,2026-04-09,3490.89,Payment,Approved,0,Online
TXN051140,C491,CRD0741,Gold Reef City,2026-04-20,249.76,Purchase,Approved,0,POS
TXN051141,C351,CRD0527,Mr Price,2026-02-25,91.91,Purchase,Approved,0,Online
TXN051142,C371,CRD0559,Debonairs,2025-12-24,51.32,Purchase,Approved,0,Online
TXN051143,C420,CRD0639,McDonalds,2026-02-25,119.86,Purchase,Approved,0,POS
TXN051144,C098,CRD0152,Apple iTunes,2026-03-09,219.47,Purchase,Pending,0,Online
TXN051145,C063,CRD0097,Vida e Caffe,2025-11-24,50.59,Purchase,Approved,0,ATM
TXN051146,C327,CRD0487,Pep,2025-12-16,40.56,Purchase,Approved,0,POS
TXN051147,C088,CRD0133,ShowMax,2025-12-08,82.27,Purchase,Approved,0,Online
TXN051148,C431,CRD0656,KFC,2025-12-09,47.12,Purchase,Approved,0,POS
TXN051149,C372,CRD0560,Pick n Pay,2026-03-23,2059.06,Purchase,Approved,0,POS
TXN051150,C390,CRD0588,Sportsmans Whouse,2025-11-25,1027.52,Purchase,Declined,0,POS
TXN051151,C440,CRD0670,Apple iTunes,2026-03-16,152.19,Withdrawal,Approved,0,Online
TXN051152,C124,CRD0188,Wimpy,2026-01-26,224.56,Purchase,Approved,0,Online
TXN051153,C265,CRD0383,Pick n Pay,2026-02-05,139.69,Refund,Approved,0,Online
TXN051154,C037,CRD0058,Dis-Chem,2026-03-18,764.66,Purchase,Approved,0,Online
TXN051155,C488,CRD0737,Engen,2026-02-17,1688.31,Purchase,Approved,0,Online
TXN051156,C150,CRD0226,Nandos,2026-01-19,73.77,Refund,Approved,0,POS
TXN051157,C357,CRD0536,Google Play,2025-11-23,106.15,Purchase,Approved,0,Online
TXN051158,C255,CRD0368,Nandos,2026-04-04,269.95,Purchase,Pending,0,Online
TXN051159,C316,CRD0467,Clicks,2026-05-27,473.24,Payment,Approved,0,Online
TXN051160,C115,CRD0175,Amazon.co.za,2026-04-30,1050.44,Purchase,Approved,0,Online
TXN051161,C438,CRD0667,Pep,2026-03-06,83.56,Withdrawal,Approved,0,ATM
TXN051162,C043,CRD0068,Spur,2026-01-01,316.03,Purchase,Approved,0,Online
TXN051163,C438,CRD0667,Google Play,2025-11-29,188.92,Purchase,Approved,0,Online
TXN051164,C407,CRD0617,Incredible Connect,2026-04-18,4935.13,Purchase,Declined,0,POS
TXN051165,C131,CRD0197,Wimpy,2026-04-28,101.12,Purchase,Approved,0,POS
TXN051166,C194,CRD0285,Romans Pizza,2026-01-09,330.7,Purchase,Approved,0,POS
TXN051167,C027,CRD0046,Google Play,2026-05-26,182.31,Purchase,Approved,0,Online
TXN051168,C461,CRD0702,DStv,2026-01-14,314.47,Purchase,Approved,0,POS
TXN051169,C283,CRD0411,Google Play,2025-12-03,264.65,Purchase,Approved,0,Online
TXN051170,C069,CRD0108,Loot.co.za,2026-02-04,1840.37,Purchase,Approved,0,Online
TXN051171,C200,CRD0294,Faithful to Nature,2026-01-15,2963.02,Payment,Approved,1,Online
TXN051172,C105,CRD0160,McDonalds,2025-12-14,70.15,Withdrawal,Approved,0,ATM
TXN051173,C328,CRD0489,Superbalist,2026-04-24,985.79,Purchase,Approved,0,Online
TXN051174,C358,CRD0537,Pick n Pay,2026-04-27,1803.03,Payment,Approved,0,Online
TXN051175,C115,CRD0175,Loot.co.za,2026-02-27,1699.0,Purchase,Approved,0,Online
TXN051176,C088,CRD0133,Pep,2026-03-29,122.36,Withdrawal,Approved,0,ATM
TXN051177,C348,CRD0521,Ster-Kinekor,2025-11-28,323.05,Purchase,Approved,1,POS
TXN051178,C393,CRD0592,Pick n Pay,2026-05-28,833.06,Purchase,Approved,0,POS
TXN051179,C052,CRD0081,Checkers,2026-02-01,393.42,Payment,Approved,0,Online
TXN051180,C071,CRD0111,Bash.com,2026-03-19,953.57,Payment,Approved,0,Online
TXN051181,C416,CRD0631,Uber Eats,2026-04-25,115.5,Payment,Approved,0,Online
TXN051182,C247,CRD0356,Engen,2026-03-25,1059.36,Purchase,Approved,0,POS
TXN051183,C496,CRD0749,Pick n Pay,2026-02-27,2152.69,Purchase,Approved,0,Online
TXN051184,C476,CRD0724,Truworths,2025-12-11,1247.31,Purchase,Approved,0,Online
TXN051185,C247,CRD0356,Clicks,2026-01-15,521.47,Purchase,Approved,0,POS
TXN051186,C337,CRD0504,Pick n Pay,2025-12-27,1674.98,Payment,Approved,0,Online
TXN051187,C287,CRD0418,Pep,2026-02-27,305.72,Purchase,Approved,0,POS
TXN051188,C159,CRD0237,Europcar,2026-01-17,1007.17,Purchase,Approved,0,POS
TXN051189,C504,CRD0758,Montecasino,2026-02-28,451.31,Purchase,Approved,0,ATM
TXN051190,C464,CRD0706,Truworths,2026-05-14,688.92,Purchase,Declined,0,ATM
TXN051191,C358,CRD0537,Vida e Caffe,2026-03-28,78.7,Purchase,Approved,0,POS
TXN051192,C518,CRD0772,Google Play,2026-04-20,62.25,Purchase,Approved,0,Online
TXN051193,C418,CRD0634,Chicken Licken,2026-03-15,70.27,Purchase,Approved,0,Online
TXN051194,C100,CRD0154,Nandos,2026-04-05,32.53,Refund,Approved,0,POS
TXN051195,C338,CRD0506,McDonalds,2026-03-01,106.49,Purchase,Approved,0,POS
TXN051196,C163,CRD0242,Apple iTunes,2025-11-26,32.67,Purchase,Approved,0,Online
TXN051197,C103,CRD0158,Checkers,2025-12-21,632.82,Purchase,Approved,0,ATM
TXN051198,C115,CRD0176,Pick n Pay,2026-04-02,1689.74,Purchase,Approved,0,Online
TXN051199,C453,CRD0690,KFC,2025-12-20,98.85,Purchase,Approved,0,POS
TXN051200,C499,CRD0753,Edgars,2025-11-26,736.83,Purchase,Approved,0,POS
TXN051201,C499,CRD0753,Google Play,2026-01-09,212.0,Purchase,Approved,0,Online
TXN051202,C214,CRD0314,Makro,2026-04-14,8920.51,Payment,Approved,0,Online
TXN051203,C504,CRD0758,KFC,2026-04-11,84.73,Purchase,Declined,0,POS
TXN051204,C338,CRD0505,Uber Eats,2026-04-25,59.86,Refund,Declined,0,Online
TXN051205,C512,CRD0766,Cape Union Mart,2026-03-31,2131.74,Purchase,Approved,0,POS
TXN051206,C097,CRD0150,Mugg and Bean,2026-01-19,116.04,Withdrawal,Approved,0,ATM
TXN051207,C148,CRD0223,Spotify,2025-12-29,59.96,Purchase,Approved,0,Online
TXN051208,C414,CRD0627,Dis-Chem,2026-04-20,655.73,Purchase,Approved,0,Online
TXN051209,C465,CRD0708,Loot.co.za,2026-04-30,412.85,Refund,Approved,0,Online
TXN051210,C200,CRD0295,Spotify,2026-01-05,29.36,Purchase,Approved,0,Online
TXN051211,C096,CRD0148,Ster-Kinekor,2025-12-27,30.9,Refund,Approved,0,Online
TXN051212,C414,CRD0628,Checkers,2025-12-11,887.16,Purchase,Approved,0,POS
TXN051213,C420,CRD0639,Steers,2026-05-05,156.26,Withdrawal,Approved,0,ATM
TXN051214,C133,CRD0201,Truworths,2026-01-07,345.8,Purchase,Approved,0,Online
TXN051215,C457,CRD0697,Checkers,2026-01-28,1975.16,Purchase,Approved,0,Online
TXN051216,C323,CRD0479,Checkers,2026-01-25,1175.31,Purchase,Approved,0,POS
TXN051217,C229,CRD0332,Checkers,2026-04-25,925.12,Purchase,Approved,0,Online
TXN051218,C127,CRD0191,Chicken Licken,2026-05-17,43.04,Purchase,Approved,0,POS
TXN051219,C250,CRD0362,Clicks,2026-01-28,461.6,Purchase,Approved,0,Online
TXN051220,C186,CRD0273,ShowMax,2025-11-27,83.79,Purchase,Approved,0,Online
TXN051221,C197,CRD0290,Debonairs,2025-12-26,191.76,Purchase,Pending,0,Online
TXN051222,C049,CRD0077,Clicks,2026-04-28,40.8,Purchase,Approved,0,Online
TXN051223,C355,CRD0534,Loot.co.za,2025-11-25,118.21,Purchase,Approved,0,Online
TXN051224,C065,CRD0099,Clicks,2026-01-18,540.32,Purchase,Approved,0,POS
TXN051225,C086,CRD0130,Cape Union Mart,2026-01-04,2241.28,Purchase,Declined,0,Online
TXN051226,C044,CRD0069,Nandos,2026-05-06,282.46,Purchase,Declined,0,POS
TXN051227,C178,CRD0262,Uber Eats,2026-02-16,94.21,Purchase,Approved,0,Online
TXN051228,C274,CRD0397,FlySafair,2026-03-19,1285.11,Purchase,Approved,0,ATM
TXN051229,C133,CRD0201,Dis-Chem,2026-01-31,1452.88,Purchase,Approved,1,POS
TXN051230,C520,CRD0774,Shell,2025-12-15,620.91,Purchase,Approved,0,Online
TXN051231,C024,CRD0040,Loot.co.za,2026-01-25,285.34,Purchase,Approved,0,Online
TXN051232,C423,CRD0642,Nu Metro,2025-12-26,137.8,Purchase,Approved,0,ATM
TXN051233,C376,CRD0567,Loot.co.za,2026-03-22,1767.58,Purchase,Approved,0,Online
TXN051234,C306,CRD0449,Pep,2026-02-28,51.58,Refund,Approved,0,POS
TXN051235,C429,CRD0653,Mugg and Bean,2026-05-18,214.72,Payment,Approved,0,Online
TXN051236,C354,CRD0532,Loot.co.za,2025-12-11,1893.92,Purchase,Approved,0,Online
TXN051237,C321,CRD0475,Bash.com,2026-02-10,1072.12,Purchase,Approved,0,Online
TXN051238,C529,CRD0783,McDonalds,2026-03-26,78.95,Purchase,Approved,0,POS
TXN051239,C008,CRD0012,Pick n Pay,2026-04-18,667.6,Payment,Approved,0,Online
TXN051240,C101,CRD0155,Pep,2026-04-27,93.66,Withdrawal,Approved,0,ATM
TXN051241,C038,CRD0061,Google Play,2026-05-27,93.24,Purchase,Approved,0,Online
TXN051242,C164,CRD0243,Google Play,2026-01-10,17.21,Purchase,Approved,0,Online
TXN051243,C360,CRD0539,Mugg and Bean,2026-03-25,103.86,Purchase,Approved,0,POS
TXN051244,C232,CRD0338,TicketPro,2025-12-28,600.74,Payment,Approved,0,Online
TXN051245,C025,CRD0042,Steers,2025-12-28,371.25,Purchase,Approved,1,POS
TXN051246,C366,CRD0550,Protea Hotels,2026-01-09,1063.17,Purchase,Approved,0,POS
TXN051247,C498,CRD0751,Apple iTunes,2026-04-07,386.03,Withdrawal,Approved,0,Online
TXN051248,C206,CRD0302,Superbalist,2025-12-20,2642.79,Purchase,Approved,1,Online
TXN051249,C263,CRD0381,KFC,2026-02-08,116.58,Purchase,Pending,0,POS
TXN051250,C126,CRD0190,Pick n Pay,2026-04-14,1940.34,Purchase,Approved,0,POS
TXN051251,C246,CRD0355,Bash.com,2026-02-21,1706.48,Purchase,Approved,0,Online
TXN051252,C076,CRD0119,Woolworths,2026-05-06,162.08,Purchase,Declined,0,POS
TXN051253,C126,CRD0190,Builders Warehouse,2026-05-14,9445.32,Purchase,Approved,0,POS
TXN051254,C275,CRD0399,Vida e Caffe,2026-04-27,89.1,Purchase,Approved,0,POS
TXN051255,C095,CRD0147,Sportsmans Whouse,2026-01-29,560.19,Purchase,Declined,0,POS
TXN051256,C182,CRD0268,Debonairs,2026-02-28,180.77,Purchase,Approved,0,POS
TXN051257,C450,CRD0684,Apple iTunes,2026-04-24,302.03,Purchase,Approved,0,Online
TXN051258,C261,CRD0378,Apple iTunes,2025-12-21,49.73,Purchase,Approved,0,Online
TXN051259,C011,CRD0018,Truworths,2025-12-27,1860.47,Purchase,Approved,0,POS
TXN051260,C235,CRD0341,Uber Eats,2025-12-01,190.8,Purchase,Approved,0,Online
TXN051261,C420,CRD0639,Edgars,2026-02-27,1890.35,Purchase,Approved,0,ATM
TXN051262,C168,CRD0249,McDonalds,2026-02-01,52.19,Purchase,Approved,0,Online
TXN051263,C003,CRD0003,Google Play,2026-04-10,97.03,Purchase,Approved,0,Online
TXN051264,C325,CRD0482,Dis-Chem,2026-03-07,751.87,Payment,Approved,0,Online
TXN051265,C420,CRD0638,Amazon.co.za,2026-01-29,2680.05,Purchase,Pending,0,Online
TXN051266,C388,CRD0586,Checkers,2026-01-10,552.0,Purchase,Approved,0,Online
TXN051267,C166,CRD0247,Clicks,2025-12-26,44.72,Purchase,Declined,0,ATM
TXN051268,C386,CRD0584,Loot.co.za,2026-03-19,349.79,Purchase,Declined,0,Online
TXN051269,C524,CRD0778,Chicken Licken,2025-12-30,139.48,Purchase,Declined,0,POS
TXN051270,C268,CRD0389,Dis-Chem,2026-01-17,770.55,Purchase,Declined,0,POS
TXN051271,C367,CRD0552,Mugg and Bean,2026-03-16,106.41,Purchase,Approved,0,POS
TXN051272,C088,CRD0133,Google Play,2025-11-24,60.65,Purchase,Declined,0,Online
TXN051273,C062,CRD0095,Chicken Licken,2026-02-22,127.96,Withdrawal,Declined,0,ATM
TXN051274,C250,CRD0362,Google Play,2026-05-25,100.88,Purchase,Approved,0,Online
TXN051275,C070,CRD0109,Loot.co.za,2026-01-16,1713.78,Purchase,Declined,0,Online
TXN051276,C477,CRD0725,Nandos,2026-01-05,166.83,Purchase,Approved,0,POS
TXN051277,C317,CRD0468,Steers,2026-03-14,122.34,Payment,Approved,0,Online
TXN051278,C426,CRD0649,Nu Metro,2026-04-05,245.53,Purchase,Approved,0,POS
TXN051279,C400,CRD0603,Woolworths,2026-04-28,150.17,Refund,Approved,0,ATM
TXN051280,C260,CRD0377,Incredible Connect,2026-02-26,3644.25,Purchase,Approved,0,POS
TXN051281,C500,CRD0754,McDonalds,2026-05-08,121.49,Purchase,Approved,0,POS
TXN051282,C546,CRD0800,Chicken Licken,2026-03-27,97.85,Withdrawal,Approved,0,ATM
TXN051283,C334,CRD0500,BP,2025-12-11,1143.77,Purchase,Approved,0,Online
TXN051284,C427,CRD0651,Cape Union Mart,2026-05-15,608.07,Withdrawal,Approved,0,ATM
TXN051285,C156,CRD0234,Kulula,2026-01-02,429.97,Purchase,Approved,0,Online
TXN051286,C351,CRD0528,Chicken Licken,2026-01-28,41.12,Purchase,Declined,0,Online
TXN051287,C131,CRD0197,Dis-Chem,2026-05-02,211.71,Purchase,Approved,0,POS
TXN051288,C433,CRD0659,Debonairs,2026-03-20,69.22,Purchase,Approved,0,POS
TXN051289,C168,CRD0249,KFC,2026-04-20,35.61,Purchase,Approved,0,Online
TXN051290,C205,CRD0301,Nu Metro,2026-05-26,112.06,Withdrawal,Approved,0,ATM
TXN051291,C219,CRD0321,Nu Metro,2026-02-22,93.77,Purchase,Approved,0,POS
TXN051292,C420,CRD0638,Vida e Caffe,2025-11-24,73.01,Purchase,Approved,0,Online
TXN051293,C188,CRD0276,Engen,2026-03-28,594.55,Purchase,Approved,0,POS
TXN051294,C090,CRD0140,Loot.co.za,2025-12-22,2348.6,Purchase,Approved,0,Online
TXN051295,C069,CRD0108,Pep,2025-11-21,127.33,Withdrawal,Declined,0,ATM
TXN051296,C197,CRD0289,Truworths,2026-04-28,602.12,Purchase,Approved,0,POS
TXN051297,C333,CRD0497,Loot.co.za,2026-05-28,167.19,Purchase,Approved,0,Online
TXN051298,C306,CRD0448,KFC,2026-03-03,124.89,Purchase,Approved,0,POS
TXN051299,C211,CRD0311,Samsung Store,2025-12-18,7900.11,Payment,Approved,0,Online
TXN051300,C419,CRD0636,Ster-Kinekor,2025-12-06,270.61,Withdrawal,Declined,0,ATM
TXN051301,C416,CRD0631,Clicks,2026-02-08,723.79,Purchase,Approved,0,POS
TXN051302,C135,CRD0204,Google Play,2026-04-11,69.68,Purchase,Approved,0,Online
TXN051303,C193,CRD0283,Nu Metro,2026-02-14,235.64,Withdrawal,Approved,0,ATM
TXN051304,C428,CRD0652,Apple iTunes,2026-01-13,201.1,Purchase,Approved,0,Online
TXN051305,C191,CRD0280,Pep,2025-12-25,322.78,Purchase,Approved,0,Online
TXN051306,C498,CRD0751,Clicks,2026-03-28,21.45,Refund,Approved,0,Online
TXN051307,C174,CRD0257,Pep,2026-01-31,207.73,Purchase,Approved,0,POS
TXN051308,C082,CRD0125,Mr Price,2026-04-16,1110.58,Purchase,Approved,0,POS
TXN051309,C291,CRD0425,KFC,2026-01-22,80.75,Purchase,Approved,0,POS
TXN051310,C250,CRD0362,Steers,2025-12-26,104.67,Purchase,Approved,0,POS
TXN051311,C008,CRD0012,Apple iTunes,2026-02-04,167.49,Purchase,Approved,0,Online
TXN051312,C226,CRD0329,Woolworths,2026-03-24,1453.49,Purchase,Declined,0,ATM
TXN051313,C355,CRD0534,Chicken Licken,2026-03-04,144.26,Purchase,Approved,0,POS
TXN051314,C100,CRD0154,Cape Union Mart,2025-12-19,899.51,Purchase,Pending,0,POS
TXN051315,C294,CRD0430,Checkers,2025-12-26,551.62,Purchase,Approved,0,POS
TXN051316,C285,CRD0415,Steers,2026-03-16,95.37,Purchase,Approved,0,POS
TXN051317,C414,CRD0628,Ster-Kinekor,2026-01-21,153.81,Purchase,Approved,0,ATM
TXN051318,C185,CRD0272,Romans Pizza,2026-01-28,81.39,Purchase,Approved,0,POS
TXN051319,C364,CRD0543,Gold Reef City,2026-04-20,310.84,Purchase,Approved,0,Online
TXN051320,C236,CRD0342,Wimpy,2025-12-26,109.0,Withdrawal,Approved,0,ATM
TXN051321,C111,CRD0169,Debonairs,2025-12-18,116.72,Purchase,Approved,0,POS
TXN051322,C064,CRD0098,Pep,2026-05-17,263.53,Withdrawal,Approved,0,ATM
TXN051323,C285,CRD0414,Nandos,2026-04-28,241.25,Purchase,Approved,0,Online
TXN051324,C007,CRD0010,McDonalds,2026-05-14,99.08,Withdrawal,Approved,0,ATM
TXN051325,C346,CRD0517,Mugg and Bean,2026-02-08,107.78,Purchase,Approved,0,POS
TXN051326,C398,CRD0599,Pep,2026-02-15,60.81,Purchase,Approved,0,POS
TXN051327,C157,CRD0235,Pep,2026-04-25,281.31,Withdrawal,Approved,0,ATM
TXN051328,C121,CRD0184,Woolworths,2026-02-25,323.82,Purchase,Approved,0,Online
TXN051329,C122,CRD0185,Takealot,2025-12-28,1617.79,Payment,Approved,0,Online
TXN051330,C019,CRD0031,Chicken Licken,2025-12-26,193.1,Purchase,Approved,0,POS
TXN051331,C395,CRD0595,DStv,2026-03-02,713.05,Purchase,Approved,1,POS
TXN051332,C205,CRD0301,Google Play,2026-02-16,194.79,Purchase,Declined,0,Online
TXN051333,C146,CRD0220,Uber Eats,2025-12-11,68.51,Purchase,Approved,0,Online
TXN051334,C298,CRD0436,KFC,2025-11-28,96.48,Purchase,Approved,0,Online
TXN051335,C005,CRD0006,Apple iTunes,2026-02-05,664.33,Purchase,Approved,1,Online
TXN051336,C128,CRD0192,KFC,2026-04-05,136.15,Purchase,Approved,0,POS
TXN051337,C539,CRD0793,Sportsmans Whouse,2026-03-12,485.32,Purchase,Approved,0,Online
TXN051338,C349,CRD0522,Dis-Chem,2026-04-28,1589.88,Purchase,Approved,1,POS
TXN051339,C095,CRD0147,Debonairs,2026-03-20,207.89,Payment,Approved,0,Online
TXN051340,C355,CRD0533,Chicken Licken,2026-04-12,64.92,Purchase,Approved,0,POS
TXN051341,C234,CRD0340,Uber Eats,2025-11-29,70.24,Withdrawal,Approved,0,Online
TXN051342,C199,CRD0292,Woolworths,2025-12-18,2169.48,Purchase,Pending,0,POS
TXN051343,C188,CRD0276,Nandos,2025-12-30,95.87,Purchase,Pending,0,POS
TXN051344,C497,CRD0750,Steers,2025-12-25,111.16,Withdrawal,Approved,0,ATM
TXN051345,C018,CRD0028,Pick n Pay,2026-05-13,434.66,Purchase,Declined,0,POS
TXN051346,C331,CRD0493,Takealot,2026-04-20,526.89,Purchase,Declined,0,Online
TXN051347,C396,CRD0596,TicketPro,2026-03-27,308.54,Payment,Approved,0,Online
TXN051348,C271,CRD0394,Apple iTunes,2025-12-23,386.73,Purchase,Approved,0,Online
TXN051349,C236,CRD0342,Clicks,2025-11-25,314.62,Purchase,Approved,0,Online
TXN051350,C072,CRD0113,Shell,2026-01-11,1215.06,Purchase,Approved,0,Online
TXN051351,C249,CRD0361,Spotify,2026-01-08,50.03,Withdrawal,Approved,0,Online
TXN051352,C454,CRD0693,McDonalds,2026-01-26,61.68,Purchase,Approved,0,POS
TXN051353,C003,CRD0003,Loot.co.za,2026-03-26,604.22,Purchase,Approved,0,Online
TXN051354,C114,CRD0174,Google Play,2026-05-09,39.07,Purchase,Approved,0,Online
TXN051355,C231,CRD0337,Bash.com,2025-12-17,1470.85,Purchase,Approved,0,Online
TXN051356,C161,CRD0239,Spotify,2026-04-15,63.12,Purchase,Approved,0,Online
TXN051357,C239,CRD0346,TicketPro,2025-12-28,108.31,Purchase,Approved,0,POS
TXN051358,C497,CRD0750,Vida e Caffe,2026-02-24,171.54,Purchase,Approved,0,Online
TXN051359,C194,CRD0285,TicketPro,2025-12-11,906.94,Purchase,Approved,0,POS
TXN051360,C417,CRD0632,Ocean Basket,2025-11-27,128.0,Purchase,Approved,0,Online
TXN051361,C375,CRD0564,Builders Warehouse,2025-11-21,4859.24,Purchase,Approved,0,Online
TXN051362,C451,CRD0687,Spotify,2025-12-09,82.35,Purchase,Approved,1,Online
TXN051363,C098,CRD0151,Apple iTunes,2026-01-16,236.03,Purchase,Approved,0,Online
TXN051364,C531,CRD0785,Foschini,2026-04-01,608.57,Purchase,Approved,0,POS
TXN051365,C261,CRD0378,KFC,2026-04-28,129.08,Purchase,Approved,0,POS
TXN051366,C070,CRD0109,Amazon.co.za,2026-01-03,2403.14,Purchase,Approved,0,Online
TXN051367,C451,CRD0686,KFC,2025-12-07,67.73,Withdrawal,Approved,0,ATM
TXN051368,C219,CRD0321,KFC,2025-12-25,52.31,Withdrawal,Approved,0,ATM
TXN051369,C088,CRD0134,Totalsports,2026-03-12,1191.5,Purchase,Approved,0,Online
TXN051370,C070,CRD0110,KFC,2026-02-11,105.34,Withdrawal,Approved,0,ATM
TXN051371,C004,CRD0004,Wimpy,2025-12-06,117.1,Purchase,Approved,0,ATM
TXN051372,C081,CRD0124,Vida e Caffe,2026-05-17,67.7,Purchase,Approved,0,POS
TXN051373,C401,CRD0605,Game,2026-04-20,4377.88,Withdrawal,Approved,0,ATM
TXN051374,C197,CRD0289,Dis-Chem,2026-02-26,756.63,Purchase,Approved,0,POS
TXN051375,C157,CRD0235,ShowMax,2026-05-07,80.51,Purchase,Declined,0,Online
TXN051376,C089,CRD0137,Truworths,2026-04-01,776.66,Purchase,Approved,0,POS
TXN051377,C048,CRD0074,Wimpy,2026-03-04,157.46,Purchase,Declined,0,POS
TXN051378,C344,CRD0515,Pick n Pay,2026-05-26,199.7,Purchase,Approved,0,ATM
TXN051379,C420,CRD0637,Bash.com,2026-03-26,572.48,Purchase,Approved,0,Online
TXN051380,C502,CRD0756,Spur,2026-01-12,203.62,Purchase,Approved,0,Online
TXN051381,C118,CRD0179,Apple iTunes,2025-12-26,212.89,Purchase,Approved,0,Online
TXN051382,C291,CRD0424,Apple iTunes,2026-03-21,149.11,Purchase,Approved,0,Online
TXN051383,C109,CRD0166,Checkers,2025-12-30,988.99,Purchase,Approved,0,Online
TXN051384,C380,CRD0572,Apple iTunes,2026-01-25,163.29,Purchase,Approved,0,Online
TXN051385,C115,CRD0176,ShowMax,2026-03-26,82.66,Purchase,Approved,0,Online
TXN051386,C183,CRD0270,Steers,2026-01-07,83.04,Withdrawal,Approved,0,ATM
TXN051387,C115,CRD0175,Checkers,2026-01-18,662.11,Purchase,Approved,0,POS
TXN051388,C246,CRD0355,Steers,2026-02-26,183.18,Purchase,Approved,0,Online
TXN051389,C331,CRD0493,Ocean Basket,2026-03-20,414.84,Purchase,Approved,0,POS
TXN051390,C329,CRD0490,Ocean Basket,2026-03-22,102.91,Refund,Approved,0,ATM
TXN051391,C306,CRD0449,Mugg and Bean,2025-12-16,312.57,Purchase,Approved,0,POS
TXN051392,C172,CRD0254,Gold Reef City,2026-01-04,176.24,Withdrawal,Declined,0,ATM
TXN051393,C364,CRD0543,Spur,2026-03-11,497.63,Purchase,Approved,0,POS
TXN051394,C015,CRD0022,Google Play,2026-03-13,193.59,Purchase,Approved,0,Online
TXN051395,C434,CRD0661,Spotify,2026-03-30,48.27,Purchase,Approved,0,Online
TXN051396,C420,CRD0638,Romans Pizza,2026-04-02,227.55,Purchase,Approved,0,POS
TXN051397,C032,CRD0053,TicketPro,2026-01-09,133.12,Refund,Approved,0,POS
TXN051398,C183,CRD0270,Vida e Caffe,2026-01-29,124.43,Purchase,Approved,0,POS
TXN051399,C081,CRD0124,Steers,2026-01-26,161.68,Purchase,Approved,0,Online
TXN051400,C453,CRD0692,Apple iTunes,2026-05-08,303.92,Purchase,Approved,0,Online
TXN051401,C095,CRD0146,Romans Pizza,2026-04-05,147.63,Purchase,Approved,0,POS
TXN051402,C168,CRD0249,Clicks,2026-04-12,543.36,Withdrawal,Approved,0,ATM
TXN051403,C303,CRD0443,Spotify,2026-01-15,43.01,Purchase,Approved,0,Online
TXN051404,C169,CRD0250,Checkers,2026-01-19,1661.85,Purchase,Approved,0,Online
TXN051405,C200,CRD0295,Takealot,2025-12-22,54.42,Refund,Approved,0,Online
TXN051406,C491,CRD0741,Totalsports,2026-01-13,1831.52,Purchase,Declined,0,POS
TXN051407,C382,CRD0576,Wimpy,2026-01-10,114.85,Purchase,Approved,0,POS
TXN051408,C450,CRD0684,Woolworths,2025-12-28,285.63,Purchase,Approved,0,Online
TXN051409,C025,CRD0043,Loot.co.za,2026-02-09,989.28,Withdrawal,Approved,0,Online
TXN051410,C314,CRD0464,Vida e Caffe,2026-03-28,88.67,Purchase,Approved,0,Online
TXN051411,C182,CRD0267,Faithful to Nature,2026-01-17,1827.6,Purchase,Approved,0,Online
TXN051412,C534,CRD0788,Pick n Pay,2026-03-25,1791.88,Purchase,Approved,0,Online
TXN051413,C190,CRD0278,Checkers,2026-01-03,1746.2,Purchase,Declined,0,POS
TXN051414,C322,CRD0478,Engen,2026-05-25,203.92,Purchase,Approved,0,POS
TXN051415,C334,CRD0500,Clicks,2026-01-28,500.81,Purchase,Approved,0,POS
TXN051416,C244,CRD0353,Uber Eats,2026-02-28,105.49,Purchase,Approved,0,Online
TXN051417,C273,CRD0396,Uber Eats,2026-02-26,262.74,Purchase,Approved,0,Online
TXN051418,C041,CRD0065,Chicken Licken,2025-12-13,59.17,Purchase,Approved,0,Online
TXN051419,C104,CRD0159,Shell,2026-04-29,113.89,Refund,Approved,0,POS
TXN051420,C010,CRD0015,McDonalds,2025-12-27,73.32,Withdrawal,Approved,0,ATM
TXN051421,C249,CRD0360,Pep,2025-12-06,258.95,Purchase,Approved,0,Online
TXN051422,C502,CRD0756,Steers,2026-02-12,179.76,Purchase,Approved,0,Online
TXN051423,C060,CRD0093,Loot.co.za,2026-02-28,574.68,Payment,Approved,0,Online
TXN051424,C465,CRD0708,Clicks,2025-12-27,647.35,Withdrawal,Approved,1,ATM
TXN051425,C266,CRD0386,Clicks,2026-02-24,786.52,Purchase,Approved,0,POS
TXN051426,C232,CRD0338,Clicks,2025-12-26,164.53,Purchase,Approved,0,POS
TXN051427,C510,CRD0764,McDonalds,2026-02-27,49.55,Purchase,Approved,0,Online
TXN051428,C322,CRD0478,Dis-Chem,2026-02-04,72.73,Purchase,Approved,0,Online
TXN051429,C525,CRD0779,Amazon.co.za,2025-12-11,681.15,Purchase,Approved,0,Online
TXN051430,C195,CRD0287,KFC,2026-05-05,65.58,Payment,Approved,0,Online
TXN051431,C275,CRD0399,Wimpy,2026-04-30,209.24,Withdrawal,Pending,0,ATM
TXN051432,C259,CRD0374,Engen,2026-03-01,487.81,Withdrawal,Approved,0,ATM
TXN051433,C035,CRD0056,Superbalist,2026-03-09,966.37,Purchase,Approved,0,Online
TXN051434,C457,CRD0697,McDonalds,2026-04-26,66.5,Purchase,Approved,0,POS
TXN051435,C279,CRD0405,Clicks,2026-04-08,285.19,Purchase,Approved,0,Online
TXN051436,C308,CRD0451,Google Play,2026-03-29,250.55,Payment,Approved,1,Online
TXN051437,C446,CRD0679,Incredible Connect,2025-12-06,10783.34,Purchase,Approved,0,POS
TXN051438,C318,CRD0469,Mugg and Bean,2025-12-27,82.67,Purchase,Approved,0,ATM
TXN051439,C341,CRD0511,Wimpy,2026-04-14,266.12,Purchase,Approved,0,Online
TXN051440,C327,CRD0487,Vida e Caffe,2025-12-23,64.14,Purchase,Approved,0,POS
TXN051441,C420,CRD0638,Spotify,2025-12-27,17.37,Refund,Approved,0,Online
TXN051442,C043,CRD0068,Wimpy,2026-03-23,167.18,Purchase,Approved,0,POS
TXN051443,C285,CRD0414,Mr Price,2026-05-04,734.41,Purchase,Approved,0,POS
TXN051444,C546,CRD0800,Google Play,2026-01-30,38.49,Purchase,Approved,0,Online
TXN051445,C323,CRD0479,Google Play,2026-01-10,119.5,Purchase,Approved,0,Online
TXN051446,C023,CRD0039,Pep,2025-12-27,278.28,Purchase,Approved,0,Online
TXN051447,C229,CRD0334,Debonairs,2025-12-22,95.91,Purchase,Approved,0,Online
TXN051448,C437,CRD0665,Debonairs,2026-01-27,134.2,Purchase,Approved,0,ATM
TXN051449,C489,CRD0738,Mugg and Bean,2026-01-14,163.33,Purchase,Approved,0,Online
TXN051450,C214,CRD0314,Sportsmans Whouse,2026-04-29,327.19,Withdrawal,Approved,0,ATM
TXN051451,C545,CRD0799,Google Play,2026-05-17,49.31,Withdrawal,Approved,0,Online
TXN051452,C349,CRD0524,DStv,2025-11-27,712.79,Purchase,Approved,0,POS
TXN051453,C469,CRD0713,TicketPro,2026-02-04,695.84,Purchase,Approved,0,POS
TXN051454,C488,CRD0737,Vida e Caffe,2025-12-28,140.17,Withdrawal,Approved,0,ATM
TXN051455,C451,CRD0686,Vida e Caffe,2026-01-18,99.19,Purchase,Approved,0,POS
TXN051456,C028,CRD0047,Pep,2026-02-09,280.18,Purchase,Approved,0,POS
TXN051457,C057,CRD0089,Nu Metro,2026-04-26,78.43,Purchase,Approved,0,POS
TXN051458,C016,CRD0024,Google Play,2026-02-19,103.29,Payment,Approved,0,Online
TXN051459,C355,CRD0533,Pep,2026-05-05,273.38,Payment,Approved,0,Online
TXN051460,C045,CRD0070,Mr Price,2026-01-07,383.97,Purchase,Approved,0,Online
TXN051461,C006,CRD0008,Google Play,2026-05-16,272.69,Purchase,Approved,0,Online
TXN051462,C103,CRD0158,Google Play,2026-02-13,39.05,Purchase,Approved,0,Online
TXN051463,C207,CRD0305,Loot.co.za,2026-03-27,2181.38,Purchase,Approved,0,Online
TXN051464,C207,CRD0305,DStv,2026-02-13,1025.98,Payment,Approved,1,Online
TXN051465,C331,CRD0493,Ster-Kinekor,2026-02-26,75.27,Purchase,Approved,0,POS
TXN051466,C514,CRD0768,Google Play,2026-02-18,202.0,Payment,Approved,0,Online
TXN051467,C020,CRD0032,Ster-Kinekor,2026-03-07,216.81,Payment,Approved,0,Online
TXN051468,C070,CRD0110,McDonalds,2025-11-25,218.66,Purchase,Approved,0,ATM
TXN051469,C108,CRD0165,Romans Pizza,2026-03-22,116.85,Purchase,Approved,0,Online
TXN051470,C298,CRD0436,Truworths,2026-05-06,507.47,Purchase,Approved,0,POS
TXN051471,C536,CRD0790,Vida e Caffe,2025-11-30,72.05,Purchase,Approved,0,Online
TXN051472,C096,CRD0148,Foschini,2026-01-25,1880.6,Withdrawal,Approved,0,ATM
TXN051473,C462,CRD0704,Amazon.co.za,2025-12-13,1184.56,Purchase,Approved,0,Online
TXN051474,C241,CRD0349,Apple iTunes,2026-05-05,342.97,Purchase,Approved,0,Online
TXN051475,C099,CRD0153,Chicken Licken,2026-03-07,159.57,Purchase,Approved,0,Online
TXN051476,C439,CRD0669,Romans Pizza,2026-03-16,326.44,Purchase,Approved,0,ATM
TXN051477,C059,CRD0092,Ocean Basket,2026-05-16,238.14,Purchase,Approved,0,POS
TXN051478,C063,CRD0097,Takealot,2025-12-22,1346.31,Purchase,Approved,0,Online
TXN051479,C031,CRD0051,Faithful to Nature,2026-02-05,1334.96,Purchase,Approved,0,Online
TXN051480,C274,CRD0398,Wimpy,2026-03-29,203.48,Purchase,Approved,0,POS
TXN051481,C484,CRD0732,Chicken Licken,2025-12-17,132.76,Purchase,Approved,0,POS
TXN051482,C051,CRD0080,Chicken Licken,2026-03-27,52.75,Purchase,Approved,0,Online
TXN051483,C424,CRD0643,Wimpy,2026-01-10,117.26,Purchase,Approved,0,Online
TXN051484,C002,CRD0002,Nandos,2026-02-04,60.11,Withdrawal,Approved,0,ATM
TXN051485,C501,CRD0755,Ster-Kinekor,2025-12-02,391.39,Purchase,Approved,1,Online
TXN051486,C544,CRD0798,Google Play,2026-03-07,200.75,Purchase,Pending,0,Online
TXN051487,C453,CRD0692,Wimpy,2026-02-26,46.03,Refund,Approved,0,Online
TXN051488,C084,CRD0128,Dis-Chem,2025-12-11,286.59,Purchase,Approved,0,POS
TXN051489,C090,CRD0139,FlySafair,2025-12-01,2003.4,Purchase,Declined,0,Online
TXN051490,C129,CRD0193,Vida e Caffe,2026-03-27,99.28,Purchase,Approved,0,Online
TXN051491,C527,CRD0781,Mr Price,2026-03-07,600.83,Purchase,Approved,0,POS
TXN051492,C547,CRD0801,McDonalds,2026-02-25,141.07,Purchase,Approved,0,Online
TXN051493,C072,CRD0112,Uber Eats,2026-01-26,113.69,Purchase,Approved,0,Online
TXN051494,C416,CRD0631,Cape Union Mart,2026-04-19,883.06,Purchase,Approved,0,POS
TXN051495,C180,CRD0264,Dis-Chem,2026-01-25,1050.97,Purchase,Declined,0,POS
TXN051496,C182,CRD0268,Google Play,2026-05-09,341.93,Purchase,Approved,1,Online
TXN051497,C533,CRD0787,Google Play,2026-05-15,33.62,Payment,Approved,0,Online
TXN051498,C253,CRD0366,Spotify,2025-12-07,48.2,Purchase,Declined,0,Online
TXN051499,C371,CRD0558,Mugg and Bean,2026-04-01,37.79,Refund,Approved,0,POS
TXN051500,C365,CRD0548,Checkers,2026-01-07,1709.98,Purchase,Approved,0,ATM
TXN051501,C254,CRD0367,Uber Eats,2026-05-16,182.1,Purchase,Declined,0,Online
TXN051502,C239,CRD0347,Ocean Basket,2026-02-28,130.48,Payment,Approved,0,Online
TXN051503,C482,CRD0730,Mr Price,2025-12-27,318.54,Purchase,Approved,0,Online
TXN051504,C409,CRD0621,Google Play,2025-12-05,98.85,Purchase,Declined,0,Online
TXN051505,C316,CRD0467,Pick n Pay,2026-02-12,1287.69,Purchase,Approved,0,POS
TXN051506,C340,CRD0510,DStv,2026-03-24,635.42,Purchase,Declined,0,POS
TXN051507,C412,CRD0624,Pep,2026-01-19,203.61,Purchase,Approved,0,Online
TXN051508,C159,CRD0237,Woolworths,2025-12-27,565.43,Withdrawal,Approved,0,ATM
TXN051509,C036,CRD0057,KFC,2026-02-28,105.84,Purchase,Approved,0,ATM
TXN051510,C057,CRD0088,Checkers,2026-02-19,1313.24,Purchase,Approved,0,POS
TXN051511,C069,CRD0107,Google Play,2025-12-16,132.84,Purchase,Approved,0,Online
TXN051512,C472,CRD0718,Steers,2026-02-26,149.18,Purchase,Declined,0,ATM
TXN051513,C546,CRD0800,Nu Metro,2025-12-03,121.01,Payment,Approved,0,Online
TXN051514,C087,CRD0132,McDonalds,2026-02-13,199.21,Purchase,Approved,0,POS
TXN051515,C412,CRD0624,Loot.co.za,2025-11-25,471.7,Purchase,Approved,0,Online
TXN051516,C317,CRD0468,Nandos,2026-05-16,105.56,Purchase,Approved,0,POS
TXN051517,C005,CRD0007,Totalsports,2026-01-23,1234.41,Purchase,Approved,0,POS
TXN051518,C090,CRD0140,ShowMax,2026-02-02,108.49,Purchase,Approved,0,Online
TXN051519,C494,CRD0745,Mugg and Bean,2026-02-01,95.72,Refund,Approved,0,ATM
TXN051520,C089,CRD0136,Uber Eats,2026-03-28,82.43,Purchase,Approved,0,Online
TXN051521,C226,CRD0329,Woolworths,2026-02-26,2156.48,Purchase,Pending,0,POS
TXN051522,C458,CRD0698,Google Play,2026-04-11,31.91,Withdrawal,Declined,0,Online
TXN051523,C258,CRD0373,Zando,2026-05-12,992.22,Withdrawal,Approved,0,Online
TXN051524,C356,CRD0535,Game,2026-03-10,2598.06,Purchase,Approved,0,ATM
TXN051525,C386,CRD0584,Dis-Chem,2026-04-17,685.86,Purchase,Approved,0,Online
TXN051526,C215,CRD0315,Faithful to Nature,2026-01-27,1023.44,Purchase,Declined,0,Online
TXN051527,C438,CRD0667,Uber Eats,2026-03-22,65.59,Payment,Approved,0,Online
TXN051528,C010,CRD0016,Checkers,2025-12-01,1853.67,Purchase,Approved,0,Online
TXN051529,C476,CRD0723,Google Play,2026-02-11,37.77,Purchase,Approved,0,Online
TXN051530,C406,CRD0616,Nandos,2026-03-24,86.01,Refund,Approved,0,Online
TXN051531,C040,CRD0063,Mugg and Bean,2025-12-27,156.98,Purchase,Approved,0,POS
TXN051532,C262,CRD0380,FlySafair,2025-12-07,1926.88,Purchase,Approved,0,POS
TXN051533,C486,CRD0734,Ster-Kinekor,2026-04-29,220.74,Purchase,Approved,0,ATM
TXN051534,C282,CRD0410,Checkers,2026-01-10,69.05,Purchase,Approved,0,POS
TXN051535,C025,CRD0042,Google Play,2026-04-26,108.12,Purchase,Approved,0,Online
TXN051536,C514,CRD0768,Loot.co.za,2026-04-12,565.05,Purchase,Approved,0,Online
TXN051537,C206,CRD0303,TicketPro,2026-04-27,533.58,Purchase,Approved,0,POS
TXN051538,C113,CRD0173,Pep,2026-03-30,341.85,Purchase,Approved,0,POS
TXN051539,C326,CRD0485,Google Play,2026-02-12,155.09,Withdrawal,Approved,0,Online
TXN051540,C468,CRD0712,Cape Union Mart,2026-02-13,2111.45,Purchase,Approved,0,Online
TXN051541,C020,CRD0032,McDonalds,2026-03-26,131.28,Purchase,Approved,0,Online
TXN051542,C479,CRD0727,Spotify,2025-12-11,61.71,Payment,Approved,0,Online
TXN051543,C424,CRD0643,Totalsports,2026-03-31,180.01,Payment,Approved,0,Online
TXN051544,C330,CRD0491,Loot.co.za,2025-11-29,1004.81,Purchase,Approved,0,Online
TXN051545,C413,CRD0625,Chicken Licken,2026-03-17,97.97,Purchase,Approved,0,Online
TXN051546,C185,CRD0272,TicketPro,2026-01-28,213.88,Purchase,Approved,0,Online
TXN051547,C065,CRD0100,Google Play,2026-01-17,59.41,Purchase,Approved,0,Online
TXN051548,C383,CRD0579,Chicken Licken,2026-03-16,80.56,Withdrawal,Approved,0,ATM
TXN051549,C218,CRD0319,Google Play,2025-12-25,138.47,Withdrawal,Approved,0,Online
TXN051550,C135,CRD0203,Builders Warehouse,2026-03-26,10254.17,Withdrawal,Approved,0,ATM
TXN051551,C495,CRD0746,Vida e Caffe,2026-01-13,85.97,Purchase,Approved,0,Online
TXN051552,C081,CRD0124,Bash.com,2025-12-28,397.03,Purchase,Declined,0,Online
TXN051553,C327,CRD0486,Dis-Chem,2026-02-10,161.24,Payment,Approved,0,Online
TXN051554,C385,CRD0581,Truworths,2025-12-30,870.45,Purchase,Declined,0,POS
TXN051555,C456,CRD0696,Ocean Basket,2026-04-01,542.7,Withdrawal,Declined,0,ATM
TXN051556,C070,CRD0109,Ster-Kinekor,2026-03-25,286.24,Purchase,Declined,0,POS
TXN051557,C430,CRD0654,Google Play,2026-02-08,416.15,Purchase,Approved,1,Online
TXN051558,C249,CRD0361,Loot.co.za,2026-03-04,1865.31,Purchase,Approved,0,Online
TXN051559,C190,CRD0279,Google Play,2026-03-26,185.86,Purchase,Approved,0,Online
TXN051560,C061,CRD0094,Pep,2026-03-05,305.6,Withdrawal,Approved,0,ATM
TXN051561,C478,CRD0726,Truworths,2026-01-17,586.32,Withdrawal,Approved,0,ATM
TXN051562,C409,CRD0620,Wimpy,2026-04-10,359.99,Purchase,Approved,1,POS
TXN051563,C488,CRD0737,Steers,2025-12-25,142.02,Purchase,Approved,0,POS
TXN051564,C453,CRD0691,Woolworths,2026-04-26,601.26,Purchase,Declined,0,POS
TXN051565,C004,CRD0004,Spotify,2025-12-20,43.54,Purchase,Approved,0,Online
TXN051566,C090,CRD0140,Spotify,2025-12-28,62.03,Purchase,Approved,0,Online
TXN051567,C441,CRD0672,Debonairs,2026-02-24,293.83,Purchase,Approved,0,Online
TXN051568,C417,CRD0632,Google Play,2026-04-04,115.28,Purchase,Approved,0,Online
TXN051569,C147,CRD0222,Google Play,2025-12-25,89.16,Purchase,Approved,0,Online
TXN051570,C407,CRD0617,Ster-Kinekor,2025-12-11,17.2,Refund,Declined,0,POS
TXN051571,C416,CRD0631,Amazon.co.za,2026-04-28,5524.42,Purchase,Approved,0,Online
TXN051572,C220,CRD0322,Steers,2026-01-18,198.61,Purchase,Approved,0,Online
TXN051573,C252,CRD0364,Nu Metro,2026-01-17,289.32,Purchase,Approved,1,Online
TXN051574,C311,CRD0459,McDonalds,2026-02-28,41.01,Withdrawal,Approved,0,ATM
TXN051575,C433,CRD0659,Vida e Caffe,2026-03-09,50.02,Purchase,Approved,0,POS
TXN051576,C528,CRD0782,Mugg and Bean,2026-03-14,185.34,Payment,Approved,0,Online
TXN051577,C124,CRD0187,Pep,2026-01-31,302.8,Purchase,Approved,0,POS
TXN051578,C279,CRD0404,Mugg and Bean,2026-04-27,301.95,Purchase,Approved,0,Online
TXN051579,C348,CRD0520,ShowMax,2026-03-19,77.91,Purchase,Approved,0,Online
TXN051580,C195,CRD0287,KFC,2026-04-19,56.78,Purchase,Approved,0,Online
TXN051581,C342,CRD0512,Makro,2026-04-26,5261.53,Purchase,Approved,0,POS
TXN051582,C178,CRD0261,Google Play,2025-11-23,33.66,Purchase,Approved,0,Online
TXN051583,C546,CRD0800,Google Play,2026-05-25,223.69,Payment,Approved,0,Online
TXN051584,C289,CRD0421,Nu Metro,2026-03-01,229.89,Purchase,Approved,0,ATM
TXN051585,C004,CRD0004,Wimpy,2026-02-13,87.96,Purchase,Declined,0,Online
TXN051586,C134,CRD0202,Debonairs,2025-12-18,263.05,Purchase,Approved,0,ATM
TXN051587,C285,CRD0414,SAA,2026-01-29,3172.89,Purchase,Approved,0,POS
TXN051588,C133,CRD0201,Debonairs,2026-02-26,199.59,Purchase,Approved,0,Online
TXN051589,C027,CRD0045,Dis-Chem,2026-03-26,404.37,Purchase,Approved,0,Online
TXN051590,C450,CRD0684,BP,2026-03-18,1840.0,Withdrawal,Pending,1,ATM
TXN051591,C328,CRD0489,Takealot,2025-12-25,213.26,Purchase,Declined,0,Online
TXN051592,C292,CRD0426,Wimpy,2026-03-11,66.78,Withdrawal,Approved,0,ATM
TXN051593,C025,CRD0042,Vida e Caffe,2026-05-11,166.75,Purchase,Declined,0,Online
TXN051594,C154,CRD0232,Faithful to Nature,2026-02-12,849.17,Purchase,Approved,0,Online
TXN051595,C432,CRD0657,KFC,2026-05-10,53.93,Purchase,Approved,0,POS
TXN051596,C247,CRD0356,Engen,2026-03-24,508.13,Purchase,Approved,0,POS
TXN051597,C392,CRD0591,Gold Reef City,2025-12-05,419.46,Purchase,Approved,0,POS
TXN051598,C415,CRD0629,McDonalds,2026-04-21,67.73,Purchase,Approved,0,POS
TXN051599,C185,CRD0272,ShowMax,2026-04-25,88.27,Purchase,Approved,0,Online
TXN051600,C370,CRD0557,KFC,2026-05-05,61.47,Purchase,Approved,0,POS
TXN051601,C455,CRD0695,Pep,2026-01-06,478.32,Purchase,Approved,0,POS
TXN051602,C404,CRD0610,Debonairs,2025-12-26,273.01,Purchase,Pending,0,Online
TXN051603,C088,CRD0133,Totalsports,2026-01-01,1512.42,Purchase,Approved,0,Online
TXN051604,C278,CRD0402,Nu Metro,2026-04-11,63.16,Purchase,Approved,0,Online
TXN051605,C304,CRD0446,Amazon.co.za,2025-12-18,2960.18,Purchase,Approved,0,Online
TXN051606,C251,CRD0363,Gold Reef City,2025-11-23,386.14,Purchase,Declined,0,POS
TXN051607,C444,CRD0675,Spotify,2025-12-10,61.87,Purchase,Pending,0,Online
TXN051608,C133,CRD0200,Nu Metro,2025-11-23,69.09,Purchase,Approved,0,POS
TXN051609,C165,CRD0244,Debonairs,2026-04-28,131.64,Purchase,Approved,0,POS
TXN051610,C133,CRD0201,Vida e Caffe,2026-02-02,113.05,Purchase,Approved,0,POS
TXN051611,C120,CRD0182,Pep,2026-01-27,183.28,Purchase,Approved,0,Online
TXN051612,C310,CRD0456,Nu Metro,2026-02-13,139.84,Withdrawal,Approved,0,ATM
TXN051613,C246,CRD0355,McDonalds,2026-05-14,97.39,Purchase,Approved,0,POS
TXN051614,C506,CRD0760,Uber Eats,2026-05-25,90.79,Purchase,Approved,0,Online
TXN051615,C331,CRD0493,Steers,2026-03-25,105.6,Purchase,Approved,0,POS
TXN051616,C375,CRD0564,DStv,2025-12-08,279.1,Purchase,Approved,0,POS
TXN051617,C326,CRD0484,Wimpy,2026-04-06,141.98,Purchase,Declined,0,POS
TXN051618,C402,CRD0606,Loot.co.za,2026-01-26,3594.89,Purchase,Approved,1,Online
TXN051619,C425,CRD0646,Chicken Licken,2025-12-01,183.43,Purchase,Approved,0,POS
TXN051620,C398,CRD0600,McDonalds,2026-02-27,79.69,Purchase,Approved,0,POS
TXN051621,C399,CRD0602,Steers,2026-05-27,152.23,Purchase,Approved,0,POS
TXN051622,C089,CRD0135,Steers,2026-02-24,185.46,Purchase,Declined,0,POS
TXN051623,C145,CRD0218,Google Play,2025-12-27,118.89,Purchase,Approved,0,Online
TXN051624,C289,CRD0421,Google Play,2026-01-02,122.48,Purchase,Approved,0,Online
TXN051625,C518,CRD0772,Ster-Kinekor,2026-02-28,38.52,Refund,Approved,0,POS
TXN051626,C178,CRD0262,Romans Pizza,2025-12-25,110.84,Purchase,Approved,0,POS
TXN051627,C058,CRD0090,Chicken Licken,2026-04-25,180.34,Purchase,Approved,0,POS
TXN051628,C335,CRD0502,Dis-Chem,2025-12-27,666.61,Purchase,Approved,0,POS
TXN051629,C481,CRD0729,Ocean Basket,2026-03-21,191.94,Purchase,Approved,0,POS
TXN051630,C146,CRD0219,Clicks,2026-03-15,251.06,Purchase,Approved,0,POS
TXN051631,C395,CRD0595,Clicks,2026-01-17,494.08,Purchase,Approved,0,POS
TXN051632,C186,CRD0273,Spotify,2026-04-23,48.69,Withdrawal,Approved,0,Online
TXN051633,C194,CRD0285,Nu Metro,2025-12-28,159.72,Payment,Approved,0,Online
TXN051634,C413,CRD0626,iStore,2026-03-12,17829.73,Purchase,Approved,0,POS
TXN051635,C286,CRD0416,Vida e Caffe,2026-03-28,76.64,Purchase,Approved,0,POS
TXN051636,C431,CRD0656,Spotify,2026-02-14,52.95,Payment,Approved,0,Online
TXN051637,C086,CRD0130,ShowMax,2026-01-26,79.57,Purchase,Approved,0,Online
TXN051638,C475,CRD0721,Wimpy,2026-03-22,210.19,Purchase,Approved,0,Online
TXN051639,C020,CRD0032,Chicken Licken,2026-03-02,116.17,Purchase,Approved,0,POS
TXN051640,C288,CRD0419,Edgars,2025-12-25,478.8,Purchase,Approved,0,POS
TXN051641,C073,CRD0114,Mugg and Bean,2026-02-24,179.23,Purchase,Approved,0,Online
TXN051642,C081,CRD0124,KFC,2026-01-26,155.13,Payment,Approved,0,Online
TXN051643,C438,CRD0666,Woolworths,2025-12-28,1416.25,Purchase,Approved,0,Online
TXN051644,C250,CRD0362,Amazon.co.za,2025-12-29,1966.84,Purchase,Approved,0,Online
TXN051645,C484,CRD0732,Pep,2026-03-16,260.89,Purchase,Approved,0,POS
TXN051646,C379,CRD0571,McDonalds,2026-04-17,65.58,Purchase,Approved,0,POS
TXN051647,C426,CRD0649,Foschini,2026-03-26,2268.66,Purchase,Approved,0,POS
TXN051648,C489,CRD0738,Totalsports,2026-02-27,1416.41,Purchase,Approved,0,Online
TXN051649,C458,CRD0698,McDonalds,2025-11-26,127.18,Purchase,Approved,0,Online
TXN051650,C321,CRD0475,Steers,2026-02-17,64.62,Purchase,Approved,0,POS
TXN051651,C351,CRD0527,Google Play,2026-01-09,154.11,Purchase,Approved,0,Online
TXN051652,C476,CRD0722,Pep,2026-02-04,50.19,Purchase,Approved,0,ATM
TXN051653,C295,CRD0432,Dis-Chem,2026-03-21,380.49,Purchase,Approved,0,POS
TXN051654,C178,CRD0261,KFC,2026-03-24,295.16,Purchase,Approved,1,POS
TXN051655,C426,CRD0647,Faithful to Nature,2026-02-11,1404.52,Purchase,Approved,0,Online
TXN051656,C542,CRD0796,Apple iTunes,2026-05-28,83.45,Withdrawal,Approved,0,Online
TXN051657,C170,CRD0251,Google Play,2026-05-04,289.37,Purchase,Approved,0,Online
TXN051658,C205,CRD0301,Avis SA,2026-03-27,3329.32,Withdrawal,Approved,0,ATM
TXN051659,C130,CRD0195,Nu Metro,2025-12-05,216.89,Purchase,Approved,0,Online
TXN051660,C271,CRD0393,Pick n Pay,2026-04-18,815.24,Payment,Approved,0,Online
TXN051661,C147,CRD0222,Clicks,2026-04-16,206.88,Purchase,Approved,0,POS
TXN051662,C258,CRD0373,TicketPro,2026-04-01,814.63,Purchase,Approved,0,POS
TXN051663,C117,CRD0178,Romans Pizza,2025-12-13,145.57,Payment,Approved,0,Online
TXN051664,C423,CRD0642,Google Play,2026-01-26,193.02,Purchase,Declined,0,Online
TXN051665,C469,CRD0713,Vida e Caffe,2026-04-05,86.98,Withdrawal,Approved,0,ATM
TXN051666,C308,CRD0451,Faithful to Nature,2026-04-07,246.31,Purchase,Approved,0,Online
TXN051667,C267,CRD0388,Steers,2025-11-29,297.34,Withdrawal,Approved,1,ATM
TXN051668,C053,CRD0082,Dis-Chem,2026-05-07,60.9,Purchase,Approved,0,POS
TXN051669,C546,CRD0800,Clicks,2026-03-20,426.96,Purchase,Approved,0,POS
TXN051670,C351,CRD0527,Ster-Kinekor,2026-02-26,208.32,Purchase,Approved,0,Online
TXN051671,C095,CRD0147,Faithful to Nature,2026-02-28,1980.25,Purchase,Approved,0,Online
TXN051672,C152,CRD0230,Zando,2026-04-22,2183.73,Withdrawal,Approved,0,Online
TXN051673,C294,CRD0430,Ster-Kinekor,2026-05-06,104.71,Payment,Approved,0,Online
TXN051674,C383,CRD0579,Chicken Licken,2026-04-28,116.15,Purchase,Approved,0,POS
TXN051675,C490,CRD0739,Nandos,2026-03-17,150.71,Purchase,Approved,0,Online
TXN051676,C528,CRD0782,Woolworths,2026-04-19,1683.48,Purchase,Approved,0,Online
TXN051677,C288,CRD0419,Takealot,2026-01-31,4717.06,Purchase,Approved,1,Online
TXN051678,C464,CRD0706,TicketPro,2026-03-16,256.72,Purchase,Approved,0,Online
TXN051679,C440,CRD0671,Apple iTunes,2026-04-07,64.79,Purchase,Approved,0,Online
TXN051680,C125,CRD0189,Avis SA,2026-02-25,2685.27,Purchase,Approved,0,Online
TXN051681,C438,CRD0667,Loot.co.za,2025-11-27,1140.24,Purchase,Approved,0,Online
TXN051682,C126,CRD0190,Clicks,2025-12-25,170.16,Purchase,Approved,0,POS
TXN051683,C519,CRD0773,Romans Pizza,2026-02-17,224.12,Withdrawal,Approved,0,ATM
TXN051684,C071,CRD0111,Google Play,2026-05-18,101.02,Payment,Approved,0,Online
TXN051685,C103,CRD0158,Apple iTunes,2026-05-17,39.24,Purchase,Approved,0,Online
TXN051686,C419,CRD0636,ShowMax,2026-04-17,117.36,Purchase,Approved,1,Online
TXN051687,C156,CRD0234,Spotify,2026-03-11,12.22,Refund,Approved,0,Online
TXN051688,C508,CRD0762,Kulula,2026-02-25,2820.19,Purchase,Declined,0,Online
TXN051689,C216,CRD0316,Google Play,2025-11-30,94.97,Purchase,Approved,0,Online
TXN051690,C180,CRD0265,McDonalds,2026-04-28,127.01,Purchase,Approved,0,Online
TXN051691,C380,CRD0573,Clicks,2025-12-27,425.2,Withdrawal,Approved,0,ATM
TXN051692,C278,CRD0403,Apple iTunes,2026-03-06,435.92,Purchase,Approved,1,Online
TXN051693,C544,CRD0798,Checkers,2026-02-27,562.63,Purchase,Approved,0,POS
TXN051694,C134,CRD0202,Dis-Chem,2026-01-26,273.62,Refund,Approved,0,Online
TXN051695,C260,CRD0377,KFC,2026-04-18,81.43,Purchase,Approved,0,Online
TXN051696,C110,CRD0167,Google Play,2026-03-28,18.66,Withdrawal,Approved,0,Online
TXN051697,C109,CRD0166,Mugg and Bean,2025-12-13,58.76,Refund,Approved,0,POS
TXN051698,C385,CRD0581,Pick n Pay,2026-04-03,950.58,Purchase,Approved,0,POS
TXN051699,C446,CRD0678,Steers,2025-12-27,83.67,Withdrawal,Approved,0,ATM
TXN051700,C031,CRD0051,Zando,2026-03-12,366.3,Purchase,Approved,0,Online
TXN051701,C135,CRD0204,KFC,2026-03-27,84.65,Withdrawal,Declined,0,ATM
TXN051702,C438,CRD0667,Vida e Caffe,2026-01-27,93.0,Payment,Declined,0,Online
TXN051703,C215,CRD0315,Dis-Chem,2026-04-24,576.95,Purchase,Approved,0,ATM
TXN051704,C303,CRD0443,Clicks,2026-04-25,235.21,Purchase,Approved,0,POS
TXN051705,C021,CRD0035,Checkers,2026-02-19,1446.87,Purchase,Declined,0,POS
TXN051706,C477,CRD0725,Steers,2026-05-06,160.22,Purchase,Approved,0,Online
TXN051707,C066,CRD0102,Dis-Chem,2026-01-25,503.09,Purchase,Approved,0,POS
TXN051708,C038,CRD0061,Steers,2026-01-20,78.86,Purchase,Approved,0,POS
TXN051709,C041,CRD0065,Uber Eats,2026-05-25,205.08,Payment,Declined,0,Online
TXN051710,C018,CRD0028,Vida e Caffe,2026-02-08,61.58,Purchase,Pending,0,Online
TXN051711,C210,CRD0309,Chicken Licken,2026-01-31,110.93,Withdrawal,Approved,0,ATM
TXN051712,C271,CRD0393,KFC,2026-02-26,108.77,Withdrawal,Approved,0,ATM
TXN051713,C020,CRD0033,Google Play,2026-04-29,70.98,Purchase,Approved,0,Online
TXN051714,C348,CRD0521,ShowMax,2025-11-27,89.0,Purchase,Approved,0,Online
TXN051715,C180,CRD0264,Bash.com,2026-04-24,2668.53,Withdrawal,Approved,0,Online
TXN051716,C430,CRD0654,Takealot,2026-04-10,2834.01,Purchase,Approved,0,Online
TXN051717,C203,CRD0298,Gold Reef City,2026-03-12,434.61,Payment,Approved,0,Online
TXN051718,C142,CRD0214,Google Play,2026-04-06,170.82,Purchase,Approved,0,Online
TXN051719,C280,CRD0407,Google Play,2026-02-25,168.76,Withdrawal,Approved,0,Online
TXN051720,C049,CRD0078,Pick n Pay,2026-02-25,1793.74,Purchase,Approved,0,Online
TXN051721,C306,CRD0448,Ocean Basket,2026-03-12,197.19,Purchase,Approved,0,POS
TXN051722,C044,CRD0069,Loot.co.za,2026-03-27,1412.07,Purchase,Pending,0,Online
TXN051723,C195,CRD0286,McDonalds,2025-12-06,77.78,Payment,Approved,0,Online
TXN051724,C102,CRD0156,Google Play,2026-05-13,181.62,Purchase,Approved,0,Online
TXN051725,C152,CRD0229,Superbalist,2026-04-26,1601.18,Purchase,Approved,0,Online
TXN051726,C195,CRD0286,Loot.co.za,2026-04-08,2157.96,Purchase,Declined,0,Online
TXN051727,C534,CRD0788,Romans Pizza,2026-02-28,203.32,Withdrawal,Approved,0,ATM
TXN051728,C531,CRD0785,Checkers,2026-02-12,1365.58,Purchase,Approved,0,POS
TXN051729,C513,CRD0767,Apple iTunes,2026-05-28,332.36,Withdrawal,Approved,0,Online
TXN051730,C188,CRD0275,Google Play,2026-01-08,27.07,Purchase,Approved,0,Online
TXN051731,C403,CRD0608,Netflix,2026-02-25,162.75,Purchase,Approved,0,Online
TXN051732,C092,CRD0143,Chicken Licken,2026-04-26,132.9,Withdrawal,Approved,0,ATM
TXN051733,C089,CRD0135,Superbalist,2026-04-02,365.8,Refund,Approved,0,Online
TXN051734,C238,CRD0344,Google Play,2026-05-02,54.86,Purchase,Approved,0,Online
TXN051735,C016,CRD0024,Google Play,2026-01-31,16.36,Purchase,Approved,0,Online
TXN051736,C186,CRD0273,Sportsmans Whouse,2025-12-27,1569.94,Purchase,Approved,0,POS
TXN051737,C424,CRD0643,Checkers,2026-04-26,896.07,Purchase,Approved,0,Online
TXN051738,C404,CRD0610,McDonalds,2026-01-27,53.88,Withdrawal,Approved,0,ATM
TXN051739,C051,CRD0080,Dis-Chem,2026-05-09,335.93,Withdrawal,Approved,0,ATM
TXN051740,C007,CRD0010,McDonalds,2026-03-11,106.85,Payment,Approved,0,Online
TXN051741,C146,CRD0219,KFC,2026-03-25,42.54,Purchase,Approved,0,Online
TXN051742,C374,CRD0563,Loot.co.za,2026-02-26,568.37,Purchase,Approved,0,Online
TXN051743,C197,CRD0289,Edgars,2026-03-14,972.23,Purchase,Approved,0,POS
TXN051744,C398,CRD0600,Zando,2025-11-28,527.51,Purchase,Approved,0,Online
TXN051745,C025,CRD0042,Takealot,2026-01-08,289.96,Purchase,Approved,0,Online
TXN051746,C298,CRD0436,Engen,2026-02-13,1245.42,Purchase,Approved,0,POS
TXN051747,C171,CRD0252,DStv,2026-05-13,568.18,Purchase,Approved,0,ATM
TXN051748,C525,CRD0779,Pep,2025-12-01,91.24,Withdrawal,Declined,0,ATM
TXN051749,C381,CRD0574,Google Play,2026-01-28,122.39,Purchase,Approved,0,Online
TXN051750,C315,CRD0466,Google Play,2026-02-27,33.95,Refund,Approved,0,Online
TXN051751,C325,CRD0483,Steers,2026-01-11,109.28,Purchase,Approved,0,POS
TXN051752,C137,CRD0207,Sportsmans Whouse,2026-03-26,3635.01,Withdrawal,Pending,0,ATM
TXN051753,C123,CRD0186,Google Play,2026-02-15,32.37,Purchase,Declined,0,Online
TXN051754,C459,CRD0699,Foschini,2026-01-31,616.11,Purchase,Approved,0,POS
TXN051755,C149,CRD0224,Pick n Pay,2025-12-25,1197.16,Purchase,Approved,0,POS
TXN051756,C033,CRD0054,Checkers,2026-01-12,3688.55,Withdrawal,Approved,1,ATM
TXN051757,C440,CRD0670,Ster-Kinekor,2026-01-09,85.4,Payment,Declined,0,Online
TXN051758,C052,CRD0081,Engen,2026-02-16,816.87,Purchase,Declined,0,POS
TXN051759,C421,CRD0640,Debonairs,2026-04-24,133.33,Payment,Approved,0,Online
TXN051760,C351,CRD0528,Vida e Caffe,2026-05-26,19.41,Refund,Approved,0,Online
TXN051761,C536,CRD0790,Ster-Kinekor,2026-04-14,70.99,Purchase,Approved,0,POS
TXN051762,C211,CRD0310,Debonairs,2026-04-26,294.99,Purchase,Approved,0,POS
TXN051763,C205,CRD0301,Steers,2026-03-15,54.01,Withdrawal,Approved,0,ATM
TXN051764,C132,CRD0198,Checkers,2026-04-06,1356.96,Payment,Approved,0,Online
TXN051765,C351,CRD0526,Google Play,2026-02-23,157.53,Purchase,Approved,0,Online
TXN051766,C315,CRD0465,Debonairs,2026-01-25,192.17,Purchase,Approved,0,POS
TXN051767,C146,CRD0221,Pick n Pay,2025-12-17,31.11,Refund,Approved,0,POS
TXN051768,C190,CRD0278,Apple iTunes,2026-03-15,206.64,Purchase,Approved,0,Online
TXN051769,C109,CRD0166,Chicken Licken,2025-12-09,111.27,Payment,Approved,0,Online
TXN051770,C198,CRD0291,Amazon.co.za,2026-02-24,5188.39,Purchase,Approved,0,Online
TXN051771,C487,CRD0735,Amazon.co.za,2026-01-22,1815.27,Purchase,Approved,0,Online
TXN051772,C547,CRD0801,Pep,2026-04-08,182.74,Withdrawal,Approved,0,ATM
TXN051773,C240,CRD0348,Apple iTunes,2026-04-12,168.67,Purchase,Approved,0,Online
TXN051774,C102,CRD0156,Truworths,2026-03-20,1979.5,Purchase,Declined,0,POS
TXN051775,C247,CRD0357,Apple iTunes,2026-01-09,353.57,Purchase,Approved,0,Online
TXN051776,C420,CRD0639,Steers,2026-02-18,140.0,Purchase,Approved,0,POS
TXN051777,C252,CRD0364,Mr Price,2026-01-26,564.78,Purchase,Approved,0,Online
TXN051778,C273,CRD0396,Europcar,2025-12-06,2844.77,Purchase,Approved,0,Online
TXN051779,C246,CRD0355,Woolworths,2026-03-21,527.76,Payment,Approved,0,Online
TXN051780,C193,CRD0284,Ocean Basket,2026-05-26,270.62,Purchase,Approved,0,Online
TXN051781,C120,CRD0181,Romans Pizza,2026-02-28,169.25,Purchase,Declined,0,POS
TXN051782,C012,CRD0019,Checkers,2026-04-21,548.41,Withdrawal,Approved,0,ATM
TXN051783,C019,CRD0031,Google Play,2026-03-27,419.88,Purchase,Approved,1,Online
TXN051784,C165,CRD0245,Ster-Kinekor,2026-04-04,189.78,Payment,Approved,0,Online
TXN051785,C058,CRD0091,Google Play,2026-02-09,37.65,Payment,Approved,0,Online
TXN051786,C451,CRD0687,Uber Eats,2026-04-27,140.72,Withdrawal,Approved,0,Online
TXN051787,C375,CRD0564,Pick n Pay,2026-03-09,326.47,Purchase,Approved,0,Online
TXN051788,C090,CRD0138,Steers,2026-04-10,38.17,Refund,Approved,0,Online
TXN051789,C282,CRD0410,Wimpy,2026-01-28,244.48,Purchase,Approved,0,POS
TXN051790,C328,CRD0489,Google Play,2026-04-14,40.77,Withdrawal,Approved,0,Online
TXN051791,C383,CRD0578,Nandos,2025-12-19,359.0,Purchase,Approved,0,POS
TXN051792,C199,CRD0293,Nandos,2026-05-13,101.87,Purchase,Approved,0,Online
TXN051793,C467,CRD0711,McDonalds,2026-04-15,183.89,Purchase,Approved,0,Online
TXN051794,C125,CRD0189,Totalsports,2026-04-30,1544.8,Purchase,Approved,0,Online
TXN051795,C086,CRD0130,TicketPro,2026-03-26,859.42,Purchase,Declined,0,Online
TXN051796,C468,CRD0712,Romans Pizza,2026-05-04,90.17,Purchase,Approved,0,Online
TXN051797,C391,CRD0590,Pick n Pay,2026-05-11,356.74,Withdrawal,Approved,0,ATM
TXN051798,C266,CRD0384,Woolworths,2026-03-27,2482.07,Purchase,Approved,0,POS
TXN051799,C071,CRD0111,Faithful to Nature,2026-04-15,151.49,Purchase,Approved,0,Online
TXN051800,C218,CRD0319,Google Play,2025-12-27,191.0,Purchase,Approved,0,Online
TXN051801,C316,CRD0467,Takealot,2026-03-01,4037.78,Payment,Approved,1,Online
TXN051802,C482,CRD0730,Takealot,2025-12-20,3455.12,Purchase,Approved,0,Online
TXN051803,C493,CRD0744,Nu Metro,2025-12-04,301.01,Purchase,Approved,1,Online
TXN051804,C341,CRD0511,TicketPro,2026-04-22,851.2,Withdrawal,Approved,0,ATM
TXN051805,C305,CRD0447,Chicken Licken,2026-02-01,220.63,Purchase,Declined,0,POS
TXN051806,C083,CRD0127,Spur,2026-04-28,182.25,Withdrawal,Approved,0,ATM
TXN051807,C083,CRD0127,Montecasino,2025-11-24,477.63,Purchase,Declined,0,POS
TXN051808,C519,CRD0773,Dis-Chem,2026-04-19,116.8,Payment,Approved,0,Online
TXN051809,C228,CRD0331,Pep,2026-03-16,300.93,Withdrawal,Approved,0,ATM
TXN051810,C237,CRD0343,KFC,2026-01-12,71.78,Purchase,Declined,0,Online
TXN051811,C262,CRD0380,Ster-Kinekor,2026-05-05,15.03,Refund,Approved,0,Online
TXN051812,C525,CRD0779,ShowMax,2026-02-12,31.5,Refund,Approved,1,Online
TXN051813,C085,CRD0129,FlySafair,2026-02-26,2805.72,Purchase,Approved,0,POS
TXN051814,C262,CRD0379,Chicken Licken,2026-03-18,49.93,Purchase,Declined,0,Online
TXN051815,C249,CRD0361,Superbalist,2026-01-24,1852.01,Purchase,Approved,0,Online
TXN051816,C440,CRD0671,Takealot,2026-03-23,1057.74,Purchase,Pending,0,Online
TXN051817,C190,CRD0278,Apple iTunes,2026-03-03,25.82,Refund,Approved,0,Online
TXN051818,C226,CRD0329,Europcar,2026-02-13,2267.64,Purchase,Approved,0,Online
TXN051819,C420,CRD0637,Dis-Chem,2025-12-11,287.84,Purchase,Approved,0,POS
TXN051820,C020,CRD0033,Mr Price,2026-03-15,981.38,Payment,Approved,0,Online
TXN051821,C526,CRD0780,Takealot,2026-01-25,2077.76,Purchase,Approved,0,Online
TXN051822,C125,CRD0189,Edgars,2025-12-05,550.81,Withdrawal,Approved,0,ATM
TXN051823,C421,CRD0640,City Lodge,2025-12-29,952.24,Withdrawal,Approved,0,ATM
TXN051824,C168,CRD0249,ShowMax,2026-04-23,97.81,Purchase,Approved,0,Online
TXN051825,C213,CRD0313,Superbalist,2026-03-28,281.79,Purchase,Approved,0,Online
TXN051826,C321,CRD0476,Game,2025-11-29,1206.43,Purchase,Approved,0,Online
TXN051827,C031,CRD0051,Vida e Caffe,2026-03-25,11.38,Refund,Approved,0,POS
TXN051828,C377,CRD0568,Dis-Chem,2026-04-07,300.52,Purchase,Approved,0,Online
TXN051829,C080,CRD0123,Builders Warehouse,2025-12-14,9650.26,Purchase,Approved,0,ATM
TXN051830,C420,CRD0639,Montecasino,2026-03-27,1824.8,Purchase,Approved,0,Online
TXN051831,C211,CRD0311,Amazon.co.za,2025-12-25,235.78,Purchase,Declined,0,Online
TXN051832,C348,CRD0521,Bash.com,2026-04-28,3396.63,Purchase,Declined,0,Online
TXN051833,C314,CRD0464,Dis-Chem,2026-04-29,549.99,Purchase,Approved,0,Online
TXN051834,C335,CRD0501,Faithful to Nature,2026-02-17,1930.98,Purchase,Approved,0,Online
TXN051835,C285,CRD0414,Bash.com,2026-05-01,2688.07,Purchase,Approved,1,Online
TXN051836,C449,CRD0682,DStv,2026-05-10,554.2,Purchase,Approved,0,Online
TXN051837,C472,CRD0718,McDonalds,2026-03-24,101.43,Purchase,Approved,0,POS
TXN051838,C208,CRD0306,Steers,2026-05-06,126.78,Purchase,Approved,0,Online
TXN051839,C081,CRD0124,Pep,2026-02-15,96.09,Withdrawal,Approved,0,ATM
TXN051840,C451,CRD0686,Builders Warehouse,2026-01-26,7125.94,Purchase,Approved,0,Online
TXN051841,C471,CRD0716,Mugg and Bean,2026-03-27,141.58,Purchase,Declined,0,Online
TXN051842,C297,CRD0435,DStv,2026-01-29,632.21,Purchase,Approved,0,POS
TXN051843,C466,CRD0709,Google Play,2025-12-10,118.62,Purchase,Approved,0,Online
TXN051844,C146,CRD0221,Apple iTunes,2026-05-15,363.49,Withdrawal,Approved,0,Online
TXN051845,C318,CRD0469,Google Play,2026-02-26,47.94,Purchase,Approved,0,Online
TXN051846,C488,CRD0736,Romans Pizza,2026-05-12,232.66,Purchase,Approved,0,Online
TXN051847,C466,CRD0709,TicketPro,2026-03-02,823.23,Purchase,Declined,0,POS
TXN051848,C194,CRD0285,Nu Metro,2026-04-26,269.04,Purchase,Approved,0,ATM
TXN051849,C278,CRD0402,Builders Warehouse,2026-04-25,9682.2,Purchase,Declined,0,POS
TXN051850,C289,CRD0422,Google Play,2026-03-15,202.45,Withdrawal,Approved,0,Online
TXN051851,C192,CRD0282,Pep,2026-01-25,53.09,Purchase,Approved,0,Online
TXN051852,C001,CRD0001,Dis-Chem,2026-02-25,76.97,Withdrawal,Approved,0,ATM
TXN051853,C175,CRD0258,Clicks,2026-03-28,583.99,Purchase,Approved,0,POS
TXN051854,C362,CRD0541,Dis-Chem,2026-03-27,1048.01,Purchase,Approved,0,POS
TXN051855,C458,CRD0698,Debonairs,2026-04-26,248.74,Purchase,Approved,0,POS
TXN051856,C515,CRD0769,Debonairs,2026-03-27,192.14,Purchase,Approved,0,POS
TXN051857,C118,CRD0179,Google Play,2026-02-08,10.37,Refund,Approved,0,Online
TXN051858,C355,CRD0533,Loot.co.za,2026-03-27,990.0,Withdrawal,Approved,0,Online
TXN051859,C063,CRD0097,Loot.co.za,2026-02-24,432.87,Purchase,Declined,0,Online
TXN051860,C004,CRD0004,Shell,2026-03-30,515.51,Purchase,Approved,0,Online
TXN051861,C394,CRD0594,Checkers,2026-03-12,1983.76,Payment,Approved,0,Online
TXN051862,C128,CRD0192,Foschini,2026-03-04,934.64,Purchase,Approved,0,ATM
TXN051863,C162,CRD0241,Edgars,2026-02-12,1409.7,Purchase,Approved,0,Online
TXN051864,C077,CRD0120,Montecasino,2026-01-07,1404.67,Purchase,Approved,0,POS
TXN051865,C197,CRD0289,Vida e Caffe,2026-01-09,110.17,Purchase,Approved,0,POS
TXN051866,C098,CRD0152,Chicken Licken,2026-02-22,97.34,Payment,Approved,0,Online
TXN051867,C443,CRD0674,TicketPro,2026-02-11,563.29,Purchase,Approved,0,POS
TXN051868,C383,CRD0577,Debonairs,2026-03-27,110.82,Purchase,Approved,0,POS
TXN051869,C124,CRD0188,Checkers,2026-01-02,1630.87,Purchase,Approved,0,ATM
TXN051870,C393,CRD0593,DStv,2026-04-14,1027.55,Withdrawal,Approved,1,ATM
TXN051871,C055,CRD0085,Mugg and Bean,2026-03-26,295.16,Purchase,Approved,0,POS
TXN051872,C545,CRD0799,Takealot,2025-12-19,2019.24,Purchase,Approved,0,Online
TXN051873,C209,CRD0307,Gold Reef City,2025-12-26,175.47,Purchase,Approved,0,ATM
TXN051874,C380,CRD0573,Takealot,2026-04-30,3075.4,Withdrawal,Approved,0,Online
TXN051875,C328,CRD0489,Dis-Chem,2026-02-26,283.27,Purchase,Approved,0,POS
TXN051876,C041,CRD0065,Apple iTunes,2025-11-28,280.31,Purchase,Approved,0,Online
TXN051877,C547,CRD0801,Ster-Kinekor,2025-12-09,204.33,Purchase,Approved,0,Online
TXN051878,C240,CRD0348,Spotify,2026-01-28,59.57,Purchase,Declined,0,Online
TXN051879,C479,CRD0727,Mugg and Bean,2026-01-27,310.03,Purchase,Pending,0,POS
TXN051880,C241,CRD0349,KFC,2026-01-23,26.91,Refund,Approved,0,POS
TXN051881,C268,CRD0389,Dis-Chem,2025-12-27,674.67,Purchase,Approved,0,Online
TXN051882,C050,CRD0079,Kulula,2026-03-25,2762.16,Purchase,Approved,0,POS
TXN051883,C526,CRD0780,Romans Pizza,2026-05-01,227.39,Withdrawal,Approved,0,ATM
TXN051884,C455,CRD0694,TicketPro,2026-01-20,818.76,Purchase,Approved,0,Online
TXN051885,C339,CRD0508,Totalsports,2026-03-28,1321.91,Purchase,Approved,0,POS
TXN051886,C453,CRD0691,Builders Warehouse,2025-12-04,295.48,Refund,Approved,0,Online
TXN051887,C030,CRD0050,McDonalds,2026-05-25,57.1,Purchase,Approved,0,POS
TXN051888,C034,CRD0055,Nu Metro,2025-12-16,273.94,Purchase,Approved,0,Online
TXN051889,C298,CRD0436,Takealot,2026-04-03,7057.64,Withdrawal,Approved,1,Online
TXN051890,C423,CRD0642,Vida e Caffe,2025-11-26,140.6,Purchase,Approved,0,ATM
TXN051891,C368,CRD0554,Vida e Caffe,2026-03-20,132.74,Purchase,Approved,0,Online
TXN051892,C090,CRD0139,Uber Eats,2026-04-23,281.29,Purchase,Approved,0,Online
TXN051893,C458,CRD0698,Woolworths,2026-04-09,2121.33,Purchase,Approved,0,POS
TXN051894,C144,CRD0216,Pep,2026-03-25,158.82,Purchase,Approved,0,Online
TXN051895,C426,CRD0647,Checkers,2026-03-06,538.28,Purchase,Approved,0,POS
TXN051896,C325,CRD0483,Bash.com,2026-05-13,1026.82,Purchase,Approved,0,Online
TXN051897,C367,CRD0551,Game,2026-02-24,351.73,Withdrawal,Approved,0,ATM
TXN051898,C130,CRD0195,Edgars,2026-05-02,1479.4,Withdrawal,Approved,0,ATM
TXN051899,C490,CRD0740,Google Play,2026-03-26,45.52,Refund,Declined,0,Online
TXN051900,C364,CRD0543,Clicks,2025-12-28,353.93,Purchase,Approved,0,Online
TXN051901,C353,CRD0531,Amazon.co.za,2026-02-26,3422.05,Payment,Approved,0,Online
TXN051902,C132,CRD0198,Nu Metro,2025-11-28,53.88,Refund,Approved,0,POS
TXN051903,C491,CRD0741,Apple iTunes,2025-12-12,72.81,Withdrawal,Approved,0,Online
TXN051904,C278,CRD0402,Amazon.co.za,2026-04-25,2215.24,Purchase,Approved,0,Online
TXN051905,C320,CRD0471,Pep,2026-03-05,200.87,Purchase,Approved,0,POS
TXN051906,C514,CRD0768,Zando,2026-01-21,1952.44,Withdrawal,Approved,0,Online
TXN051907,C296,CRD0434,Dis-Chem,2026-05-11,384.48,Purchase,Approved,0,Online
TXN051908,C376,CRD0566,Google Play,2025-12-16,91.4,Purchase,Approved,0,Online
TXN051909,C369,CRD0555,Incredible Connect,2026-02-11,1249.03,Purchase,Approved,0,POS
TXN051910,C230,CRD0336,Vida e Caffe,2026-04-25,179.28,Purchase,Approved,0,POS
TXN051911,C228,CRD0331,Gold Reef City,2026-03-26,428.3,Purchase,Approved,0,Online
TXN051912,C088,CRD0134,Pep,2026-03-12,87.06,Purchase,Approved,0,Online
TXN051913,C364,CRD0543,Bash.com,2025-12-28,126.05,Withdrawal,Approved,0,Online
TXN051914,C148,CRD0223,Engen,2026-04-04,391.83,Purchase,Approved,0,Online
TXN051915,C237,CRD0343,Clicks,2026-02-26,741.75,Purchase,Approved,0,POS
TXN051916,C110,CRD0168,Loot.co.za,2026-01-26,1392.12,Purchase,Declined,0,Online
TXN051917,C515,CRD0769,Apple iTunes,2026-03-11,269.36,Purchase,Approved,0,Online
TXN051918,C019,CRD0030,KFC,2025-12-13,78.17,Purchase,Declined,0,POS
TXN051919,C047,CRD0073,Checkers,2026-04-27,687.67,Purchase,Approved,0,POS
TXN051920,C289,CRD0420,Clicks,2026-04-23,140.09,Refund,Approved,0,Online
TXN051921,C150,CRD0227,Checkers,2026-01-16,493.14,Purchase,Approved,0,POS
TXN051922,C019,CRD0030,Pep,2026-02-08,461.86,Purchase,Approved,1,POS
TXN051923,C440,CRD0671,Loot.co.za,2026-05-15,137.93,Purchase,Approved,0,Online
TXN051924,C303,CRD0443,Nu Metro,2026-03-31,91.96,Purchase,Approved,0,POS
TXN051925,C055,CRD0086,Amazon.co.za,2026-01-18,1594.48,Payment,Approved,0,Online
TXN051926,C194,CRD0285,Woolworths,2025-12-25,456.7,Purchase,Approved,0,Online
TXN051927,C223,CRD0326,Steers,2025-12-19,19.0,Refund,Approved,0,Online
TXN051928,C415,CRD0630,Spotify,2026-03-14,42.78,Purchase,Approved,0,Online
TXN051929,C496,CRD0748,Checkers,2026-01-21,245.95,Purchase,Approved,0,Online
TXN051930,C018,CRD0029,Clicks,2025-12-23,203.07,Withdrawal,Approved,0,ATM
TXN051931,C493,CRD0743,Ster-Kinekor,2025-12-10,247.79,Purchase,Approved,0,Online
TXN051932,C206,CRD0302,Truworths,2025-12-28,881.75,Purchase,Approved,0,Online
TXN051933,C329,CRD0490,Woolworths,2026-01-14,245.4,Purchase,Approved,0,POS
TXN051934,C453,CRD0691,Makro,2025-12-13,327.83,Refund,Approved,0,POS
TXN051935,C206,CRD0302,Edgars,2025-12-09,842.97,Purchase,Approved,0,Online
TXN051936,C487,CRD0735,Faithful to Nature,2025-12-24,1385.02,Purchase,Approved,0,Online
TXN051937,C074,CRD0115,Romans Pizza,2026-02-25,145.57,Purchase,Approved,0,POS
TXN051938,C426,CRD0649,TicketPro,2026-02-25,541.21,Purchase,Approved,0,POS
TXN051939,C367,CRD0552,Steers,2026-03-18,58.55,Purchase,Declined,0,ATM
TXN051940,C152,CRD0230,Clicks,2026-04-26,68.45,Purchase,Approved,0,POS
TXN051941,C505,CRD0759,KFC,2026-01-26,56.65,Purchase,Approved,0,POS
TXN051942,C270,CRD0392,Pick n Pay,2026-02-23,1691.33,Withdrawal,Approved,0,ATM
TXN051943,C399,CRD0602,Clicks,2025-12-28,536.27,Purchase,Approved,0,POS
TXN051944,C239,CRD0346,Pep,2026-01-28,229.48,Purchase,Approved,0,Online
TXN051945,C162,CRD0240,Builders Warehouse,2025-11-27,10027.03,Payment,Approved,0,Online
TXN051946,C445,CRD0676,Apple iTunes,2026-04-08,289.72,Payment,Approved,0,Online
TXN051947,C063,CRD0097,Debonairs,2026-04-25,64.43,Purchase,Approved,0,POS
TXN051948,C054,CRD0084,Nu Metro,2026-03-25,136.61,Purchase,Approved,0,Online
TXN051949,C432,CRD0657,Apple iTunes,2025-12-26,306.92,Withdrawal,Pending,0,Online
TXN051950,C247,CRD0356,Foschini,2025-11-28,478.58,Purchase,Approved,0,POS
TXN051951,C279,CRD0404,Chicken Licken,2026-01-25,130.81,Purchase,Approved,0,Online
TXN051952,C384,CRD0580,Faithful to Nature,2026-05-09,2239.2,Purchase,Approved,1,Online
TXN051953,C274,CRD0397,KFC,2026-03-02,50.24,Purchase,Approved,0,POS
TXN051954,C179,CRD0263,Ster-Kinekor,2026-05-15,122.79,Purchase,Declined,0,POS
TXN051955,C531,CRD0785,Chicken Licken,2026-04-26,76.92,Payment,Approved,0,Online
TXN051956,C067,CRD0103,Pick n Pay,2025-11-29,986.07,Payment,Approved,0,Online
TXN051957,C007,CRD0011,Apple iTunes,2026-04-06,162.25,Purchase,Approved,0,Online
TXN051958,C517,CRD0771,Clicks,2026-01-27,385.33,Withdrawal,Approved,0,ATM
TXN051959,C047,CRD0073,Vida e Caffe,2026-01-28,67.82,Purchase,Approved,0,POS
TXN051960,C236,CRD0342,Shell,2026-05-28,1872.88,Purchase,Approved,1,POS
TXN051961,C300,CRD0439,Shell,2026-01-15,1004.82,Purchase,Approved,0,Online
TXN051962,C420,CRD0639,McDonalds,2026-01-20,232.59,Purchase,Approved,1,Online
TXN051963,C061,CRD0094,Wimpy,2026-05-26,116.28,Purchase,Approved,0,Online
TXN051964,C355,CRD0533,McDonalds,2026-02-07,106.76,Purchase,Approved,0,POS
TXN051965,C313,CRD0463,Google Play,2026-03-28,124.17,Payment,Declined,0,Online
TXN051966,C295,CRD0432,BP,2026-03-20,1249.9,Purchase,Approved,0,Online
TXN051967,C060,CRD0093,Incredible Connect,2026-04-06,9410.14,Purchase,Approved,0,ATM
TXN051968,C429,CRD0653,Chicken Licken,2025-12-18,183.68,Purchase,Approved,0,POS
TXN051969,C058,CRD0090,Google Play,2025-12-25,114.68,Withdrawal,Approved,0,Online
TXN051970,C311,CRD0458,Ocean Basket,2026-02-05,234.93,Purchase,Approved,0,ATM
TXN051971,C120,CRD0183,Google Play,2026-02-14,47.73,Withdrawal,Approved,0,Online
TXN051972,C456,CRD0696,Mugg and Bean,2026-05-11,190.82,Purchase,Approved,0,Online
TXN051973,C525,CRD0779,Foschini,2026-01-25,296.11,Purchase,Approved,0,POS
TXN051974,C398,CRD0599,Pep,2026-03-26,155.13,Purchase,Approved,0,ATM
TXN051975,C263,CRD0381,Spur,2025-12-27,118.96,Payment,Approved,0,Online
TXN051976,C538,CRD0792,Gold Reef City,2026-02-03,294.15,Purchase,Approved,0,Online
TXN051977,C403,CRD0607,Uber Eats,2026-03-11,299.39,Payment,Approved,0,Online
TXN051978,C066,CRD0101,Vida e Caffe,2025-12-20,85.05,Withdrawal,Approved,0,ATM
TXN051979,C353,CRD0531,Engen,2025-12-07,1588.93,Purchase,Approved,0,Online
TXN051980,C152,CRD0230,Steers,2026-01-13,241.87,Purchase,Approved,0,POS
TXN051981,C379,CRD0571,ShowMax,2026-04-17,106.03,Purchase,Approved,0,Online
TXN051982,C047,CRD0073,Pick n Pay,2026-05-10,2024.56,Purchase,Approved,0,POS
TXN051983,C371,CRD0559,Mugg and Bean,2025-12-29,112.84,Withdrawal,Approved,0,ATM
TXN051984,C491,CRD0741,Netflix,2026-03-26,176.07,Purchase,Approved,0,Online
TXN051985,C300,CRD0439,Dis-Chem,2026-02-27,357.05,Purchase,Declined,0,ATM
TXN051986,C313,CRD0462,Europcar,2025-12-26,1517.48,Purchase,Approved,0,Online
TXN051987,C095,CRD0146,McDonalds,2025-12-28,82.89,Purchase,Approved,0,Online
TXN051988,C204,CRD0299,Nandos,2026-05-12,153.11,Withdrawal,Approved,0,ATM
TXN051989,C093,CRD0144,Mr Price,2026-03-27,678.3,Purchase,Approved,0,Online
TXN051990,C043,CRD0068,Gold Reef City,2026-03-09,293.11,Purchase,Approved,0,POS
TXN051991,C118,CRD0179,Uber Eats,2026-04-25,162.95,Purchase,Approved,0,Online
TXN051992,C059,CRD0092,Amazon.co.za,2026-04-28,1715.36,Purchase,Approved,0,Online
TXN051993,C036,CRD0057,City Lodge,2025-12-25,2521.6,Payment,Approved,0,Online
TXN051994,C478,CRD0726,Zando,2026-01-08,623.06,Withdrawal,Approved,0,Online
TXN051995,C197,CRD0289,TicketPro,2026-03-26,233.3,Withdrawal,Approved,0,ATM
TXN051996,C020,CRD0033,Protea Hotels,2025-11-30,3507.91,Purchase,Approved,0,POS
TXN051997,C089,CRD0135,Ster-Kinekor,2026-02-26,120.99,Purchase,Approved,0,Online
TXN051998,C192,CRD0282,Faithful to Nature,2026-04-25,1082.48,Payment,Approved,0,Online
TXN051999,C128,CRD0192,Google Play,2026-03-23,67.81,Purchase,Approved,0,Online
TXN052000,C042,CRD0067,Nandos,2026-01-27,272.77,Purchase,Declined,0,Online
TXN052001,C247,CRD0357,Vida e Caffe,2025-12-16,96.16,Purchase,Declined,0,Online
TXN052002,C041,CRD0066,Edgars,2026-02-27,642.32,Purchase,Approved,0,Online
TXN052003,C440,CRD0671,Dis-Chem,2025-12-18,370.96,Purchase,Approved,0,Online
TXN052004,C536,CRD0790,Checkers,2026-01-27,654.13,Purchase,Approved,0,POS
TXN052005,C509,CRD0763,Google Play,2025-12-26,295.52,Withdrawal,Approved,1,Online
TXN052006,C466,CRD0710,Apple iTunes,2026-03-27,197.01,Withdrawal,Approved,0,Online
TXN052007,C376,CRD0566,Steers,2026-04-22,70.59,Withdrawal,Approved,0,ATM
TXN052008,C160,CRD0238,Woolworths,2025-12-16,430.78,Purchase,Approved,0,Online
TXN052009,C254,CRD0367,Chicken Licken,2026-01-02,68.22,Payment,Approved,0,Online
TXN052010,C089,CRD0136,Nandos,2026-01-23,95.72,Withdrawal,Declined,0,ATM
TXN052011,C112,CRD0170,Clicks,2025-12-25,90.49,Refund,Approved,0,ATM
TXN052012,C495,CRD0746,Spotify,2026-02-08,66.49,Purchase,Approved,0,Online
TXN052013,C082,CRD0125,Pep,2026-02-10,40.88,Purchase,Approved,0,POS
TXN052014,C447,CRD0680,Clicks,2026-04-25,66.56,Refund,Approved,0,POS
TXN052015,C433,CRD0660,Romans Pizza,2025-11-27,103.64,Purchase,Approved,0,POS
TXN052016,C404,CRD0609,Superbalist,2026-01-26,1232.58,Purchase,Declined,0,Online
TXN052017,C010,CRD0014,Google Play,2026-01-26,177.6,Purchase,Approved,0,Online
TXN052018,C484,CRD0732,Clicks,2026-05-25,415.4,Purchase,Approved,0,POS
TXN052019,C046,CRD0071,Clicks,2026-05-18,183.15,Purchase,Pending,0,Online
TXN052020,C420,CRD0637,Cape Union Mart,2025-12-30,504.42,Purchase,Approved,0,ATM
TXN052021,C080,CRD0123,KFC,2025-12-09,122.84,Purchase,Approved,0,POS
TXN052022,C458,CRD0698,Apple iTunes,2026-04-20,665.86,Purchase,Approved,1,Online
TXN052023,C162,CRD0240,Avis SA,2026-05-09,1186.43,Purchase,Approved,0,POS
TXN052024,C524,CRD0778,Checkers,2026-04-19,1340.26,Payment,Approved,0,Online
TXN052025,C056,CRD0087,Debonairs,2025-12-07,261.1,Purchase,Approved,0,POS
TXN052026,C402,CRD0606,Apple iTunes,2026-04-22,452.87,Purchase,Approved,0,Online
TXN052027,C156,CRD0234,McDonalds,2025-12-04,46.65,Purchase,Declined,0,POS
TXN052028,C029,CRD0049,Pep,2026-05-27,246.93,Purchase,Approved,0,POS
TXN052029,C139,CRD0211,Netflix,2026-01-25,170.89,Purchase,Approved,1,Online
TXN052030,C312,CRD0460,Edgars,2025-12-25,709.61,Purchase,Approved,0,POS
TXN052031,C138,CRD0210,Protea Hotels,2026-03-22,1249.82,Payment,Approved,0,Online
TXN052032,C498,CRD0751,Zando,2026-01-07,2632.52,Purchase,Approved,0,Online
TXN052033,C343,CRD0514,Takealot,2026-01-05,4097.36,Purchase,Approved,0,Online
TXN052034,C084,CRD0128,Nandos,2026-03-11,16.82,Refund,Approved,0,ATM
TXN052035,C028,CRD0048,Woolworths,2026-05-09,647.39,Withdrawal,Approved,0,ATM
TXN052036,C090,CRD0140,Ocean Basket,2026-02-03,658.51,Purchase,Approved,0,ATM
TXN052037,C485,CRD0733,Nandos,2026-03-27,19.59,Refund,Approved,0,POS
TXN052038,C088,CRD0133,McDonalds,2026-05-13,59.02,Purchase,Approved,0,POS
TXN052039,C313,CRD0463,Steers,2026-03-29,241.29,Payment,Approved,0,Online
TXN052040,C447,CRD0680,Sportsmans Whouse,2026-04-27,1530.52,Purchase,Approved,0,POS
TXN052041,C089,CRD0136,Chicken Licken,2026-05-06,59.49,Purchase,Approved,0,POS
TXN052042,C251,CRD0363,Totalsports,2025-12-25,1790.76,Payment,Approved,0,Online
TXN052043,C507,CRD0761,Foschini,2026-04-28,2428.38,Purchase,Approved,1,POS
TXN052044,C128,CRD0192,Apple iTunes,2025-12-20,176.13,Purchase,Declined,0,Online
TXN052045,C095,CRD0147,Clicks,2026-01-28,18.39,Refund,Approved,0,Online
TXN052046,C130,CRD0196,Clicks,2025-12-28,126.2,Withdrawal,Approved,0,ATM
TXN052047,C391,CRD0590,Ster-Kinekor,2025-12-23,114.1,Purchase,Pending,0,POS
TXN052048,C096,CRD0148,McDonalds,2026-03-18,155.86,Withdrawal,Approved,0,ATM
TXN052049,C372,CRD0560,Ster-Kinekor,2025-12-09,166.88,Purchase,Approved,0,POS
TXN052050,C409,CRD0621,Checkers,2026-04-10,860.55,Purchase,Declined,0,Online
TXN052051,C069,CRD0107,Dis-Chem,2026-02-28,396.62,Purchase,Approved,0,POS
TXN052052,C069,CRD0108,Google Play,2026-04-04,27.53,Purchase,Approved,0,Online
TXN052053,C230,CRD0335,Checkers,2025-12-26,1925.27,Purchase,Approved,0,Online
TXN052054,C540,CRD0794,Superbalist,2026-02-26,1397.1,Purchase,Approved,0,Online
TXN052055,C483,CRD0731,Truworths,2026-01-19,462.18,Refund,Approved,0,POS
TXN052056,C178,CRD0262,Foschini,2026-03-04,836.07,Purchase,Approved,0,POS
TXN052057,C215,CRD0315,Ocean Basket,2026-03-27,344.52,Withdrawal,Approved,0,ATM
TXN052058,C460,CRD0701,Vida e Caffe,2026-01-23,122.85,Payment,Approved,0,Online
TXN052059,C137,CRD0208,Google Play,2026-04-18,15.22,Purchase,Approved,0,Online
TXN052060,C296,CRD0433,Mr Price,2026-02-27,495.3,Purchase,Approved,0,POS
TXN052061,C070,CRD0110,Clicks,2025-12-10,123.0,Purchase,Approved,0,Online
TXN052062,C468,CRD0712,Apple iTunes,2026-02-25,389.91,Purchase,Declined,0,Online
TXN052063,C017,CRD0025,Google Play,2025-12-15,26.7,Refund,Approved,0,Online
TXN052064,C115,CRD0175,Checkers,2025-12-25,1097.34,Purchase,Approved,0,POS
TXN052065,C537,CRD0791,Europcar,2026-02-04,500.2,Withdrawal,Approved,0,ATM
TXN052066,C050,CRD0079,McDonalds,2026-04-18,190.9,Purchase,Declined,0,ATM
TXN052067,C385,CRD0583,Dis-Chem,2026-04-05,391.86,Purchase,Approved,0,POS
TXN052068,C096,CRD0148,Clicks,2026-05-12,109.0,Purchase,Approved,0,POS
TXN052069,C349,CRD0524,Checkers,2026-02-07,1039.27,Purchase,Approved,0,POS
TXN052070,C419,CRD0636,McDonalds,2025-12-23,125.05,Payment,Approved,0,Online
TXN052071,C426,CRD0648,Loot.co.za,2026-03-29,1630.01,Purchase,Approved,0,Online
TXN052072,C375,CRD0564,Checkers,2025-12-23,2782.82,Payment,Approved,0,Online
TXN052073,C493,CRD0744,TicketPro,2025-11-26,407.34,Withdrawal,Approved,0,ATM
TXN052074,C426,CRD0648,KFC,2026-03-01,116.15,Withdrawal,Approved,0,ATM
TXN052075,C276,CRD0400,Pep,2026-02-25,280.67,Withdrawal,Approved,0,ATM
TXN052076,C366,CRD0550,Apple iTunes,2026-01-22,31.78,Refund,Approved,0,Online
TXN052077,C224,CRD0327,Cape Union Mart,2026-01-26,335.46,Purchase,Declined,0,POS
TXN052078,C397,CRD0597,Engen,2025-11-24,1782.6,Withdrawal,Declined,0,ATM
TXN052079,C149,CRD0225,Makro,2025-12-07,4507.27,Withdrawal,Approved,0,ATM
TXN052080,C075,CRD0117,Wimpy,2026-03-12,65.72,Refund,Approved,0,Online
TXN052081,C087,CRD0132,Nandos,2026-03-03,73.34,Purchase,Approved,0,POS
TXN052082,C368,CRD0554,DStv,2025-12-18,388.18,Withdrawal,Approved,0,ATM
TXN052083,C218,CRD0320,Pep,2026-02-02,221.23,Purchase,Approved,0,Online
TXN052084,C469,CRD0714,Spur,2026-05-14,259.47,Purchase,Approved,0,POS
TXN052085,C106,CRD0162,Dis-Chem,2026-02-27,890.27,Purchase,Approved,0,POS
TXN052086,C294,CRD0430,Loot.co.za,2026-03-12,528.12,Purchase,Approved,0,Online
TXN052087,C547,CRD0801,Debonairs,2026-02-07,200.17,Withdrawal,Declined,0,ATM
TXN052088,C495,CRD0746,Google Play,2025-11-28,233.7,Purchase,Pending,0,Online
TXN052089,C212,CRD0312,Spotify,2026-03-02,60.78,Purchase,Approved,0,Online
TXN052090,C038,CRD0059,Uber Eats,2026-04-13,180.96,Purchase,Approved,0,Online
TXN052091,C355,CRD0534,Debonairs,2026-04-18,149.66,Purchase,Approved,0,POS
TXN052092,C146,CRD0219,Steers,2026-02-26,131.23,Purchase,Approved,0,ATM
TXN052093,C443,CRD0674,Pep,2025-12-28,75.37,Purchase,Declined,0,POS
TXN052094,C506,CRD0760,Vida e Caffe,2026-01-22,95.06,Purchase,Approved,0,Online
TXN052095,C530,CRD0784,Spotify,2026-03-30,42.23,Purchase,Approved,0,Online
TXN052096,C057,CRD0088,Pep,2026-04-30,91.19,Purchase,Approved,0,POS
TXN052097,C019,CRD0030,Amazon.co.za,2025-11-26,4283.36,Purchase,Approved,0,Online
TXN052098,C031,CRD0051,Ster-Kinekor,2026-05-18,184.73,Withdrawal,Declined,0,ATM
TXN052099,C480,CRD0728,Clicks,2025-12-27,987.26,Purchase,Approved,1,Online
TXN052100,C243,CRD0351,Dis-Chem,2025-12-27,247.41,Purchase,Approved,0,Online
TXN052101,C508,CRD0762,Mr Price,2026-03-09,115.44,Purchase,Approved,0,POS
TXN052102,C472,CRD0717,Pick n Pay,2026-03-04,1476.85,Purchase,Declined,0,ATM
TXN052103,C331,CRD0493,Dis-Chem,2026-03-03,866.22,Purchase,Declined,0,Online
TXN052104,C364,CRD0545,Ster-Kinekor,2026-01-03,179.41,Purchase,Approved,0,POS
TXN052105,C332,CRD0496,Pick n Pay,2026-04-27,222.64,Purchase,Approved,0,Online
TXN052106,C282,CRD0409,Makro,2026-03-04,4523.45,Purchase,Approved,0,Online
TXN052107,C537,CRD0791,Apple iTunes,2026-04-25,21.54,Refund,Approved,0,Online
TXN052108,C134,CRD0202,TicketPro,2026-01-12,332.23,Purchase,Approved,0,POS
TXN052109,C155,CRD0233,Kulula,2026-01-26,2312.06,Purchase,Approved,0,POS
TXN052110,C365,CRD0547,Uber Eats,2026-04-09,211.81,Purchase,Approved,0,Online
TXN052111,C320,CRD0472,Ocean Basket,2026-03-01,332.97,Withdrawal,Approved,0,ATM
TXN052112,C338,CRD0507,Bash.com,2026-04-06,800.33,Purchase,Approved,0,Online
TXN052113,C115,CRD0176,Zando,2026-03-30,1546.19,Withdrawal,Approved,0,Online
TXN052114,C495,CRD0746,Amazon.co.za,2026-01-01,5219.35,Purchase,Approved,1,Online
TXN052115,C458,CRD0698,Ster-Kinekor,2026-01-09,279.76,Purchase,Approved,0,POS
TXN052116,C150,CRD0227,Zando,2026-04-28,430.14,Purchase,Approved,0,Online
TXN052117,C025,CRD0042,Google Play,2026-01-02,40.84,Purchase,Approved,0,Online
TXN052118,C247,CRD0357,Romans Pizza,2025-12-23,95.24,Purchase,Approved,0,POS
TXN052119,C081,CRD0124,Nu Metro,2026-02-25,84.74,Purchase,Approved,0,Online
TXN052120,C501,CRD0755,Nandos,2026-03-01,118.93,Purchase,Approved,0,POS
TXN052121,C165,CRD0245,Game,2025-12-21,222.57,Payment,Approved,0,Online
TXN052122,C137,CRD0206,Nu Metro,2026-02-03,73.52,Purchase,Pending,0,POS
TXN052123,C384,CRD0580,KFC,2026-04-04,97.55,Purchase,Declined,0,POS
TXN052124,C438,CRD0667,Dis-Chem,2025-11-27,760.27,Withdrawal,Approved,0,ATM
TXN052125,C462,CRD0703,Gold Reef City,2026-05-27,316.36,Purchase,Declined,0,Online
TXN052126,C490,CRD0740,Apple iTunes,2026-02-19,284.6,Purchase,Approved,0,Online
TXN052127,C105,CRD0160,Apple iTunes,2025-12-08,66.33,Purchase,Approved,0,Online
TXN052128,C415,CRD0629,Superbalist,2026-02-12,653.86,Purchase,Approved,0,Online
TXN052129,C262,CRD0380,DStv,2026-01-31,323.2,Purchase,Approved,0,Online
TXN052130,C235,CRD0341,Mr Price,2025-12-14,610.82,Purchase,Approved,0,POS
TXN052131,C286,CRD0416,Bash.com,2025-12-29,1093.4,Purchase,Approved,0,Online
TXN052132,C189,CRD0277,McDonalds,2026-03-18,43.42,Purchase,Approved,0,POS
TXN052133,C191,CRD0281,Checkers,2025-11-23,794.01,Purchase,Approved,0,POS
TXN052134,C452,CRD0688,Google Play,2026-04-21,65.22,Purchase,Approved,0,Online
TXN052135,C481,CRD0729,Apple iTunes,2026-03-04,169.35,Purchase,Approved,0,Online
TXN052136,C344,CRD0515,Makro,2026-05-02,323.2,Purchase,Declined,0,Online
TXN052137,C462,CRD0704,Europcar,2026-03-28,715.89,Withdrawal,Approved,0,ATM
TXN052138,C344,CRD0515,Apple iTunes,2026-05-01,65.68,Purchase,Declined,0,Online
TXN052139,C531,CRD0785,Clicks,2026-02-03,131.04,Purchase,Approved,0,POS
TXN052140,C038,CRD0059,Clicks,2025-12-27,811.64,Purchase,Declined,0,POS
TXN052141,C161,CRD0239,ShowMax,2026-01-28,25.65,Refund,Approved,0,Online
TXN052142,C388,CRD0586,Google Play,2025-12-26,55.94,Purchase,Approved,0,Online
TXN052143,C398,CRD0599,Pick n Pay,2026-03-22,54.04,Purchase,Approved,0,ATM
TXN052144,C105,CRD0160,Ocean Basket,2026-03-04,414.54,Purchase,Approved,0,Online
TXN052145,C410,CRD0622,Dis-Chem,2025-11-26,924.83,Purchase,Approved,0,Online
TXN052146,C322,CRD0478,Apple iTunes,2026-02-13,40.62,Purchase,Approved,0,Online
TXN052147,C027,CRD0045,Romans Pizza,2025-11-30,153.92,Purchase,Approved,0,POS
TXN052148,C197,CRD0289,Amazon.co.za,2026-03-24,3730.14,Purchase,Approved,0,Online
TXN052149,C276,CRD0400,McDonalds,2025-11-26,73.8,Purchase,Approved,0,POS
TXN052150,C001,CRD0001,KFC,2026-02-07,92.25,Purchase,Declined,0,Online
TXN052151,C227,CRD0330,Google Play,2026-01-25,357.65,Purchase,Approved,1,Online
TXN052152,C298,CRD0437,Ocean Basket,2026-02-25,222.97,Withdrawal,Declined,0,ATM
TXN052153,C056,CRD0087,City Lodge,2025-12-26,2016.95,Withdrawal,Approved,0,ATM
TXN052154,C055,CRD0085,Apple iTunes,2026-01-11,137.9,Purchase,Approved,0,Online
TXN052155,C367,CRD0552,Clicks,2026-02-01,197.14,Withdrawal,Approved,0,ATM
TXN052156,C055,CRD0086,Vida e Caffe,2026-03-05,47.82,Purchase,Approved,0,Online
TXN052157,C329,CRD0490,Mr Price,2026-01-12,1354.63,Purchase,Declined,0,Online
TXN052158,C508,CRD0762,Foschini,2026-01-24,281.94,Purchase,Approved,0,POS
TXN052159,C379,CRD0571,Woolworths,2026-04-26,1925.64,Withdrawal,Approved,0,ATM
TXN052160,C362,CRD0541,Game,2025-12-28,7637.66,Withdrawal,Approved,0,ATM
TXN052161,C073,CRD0114,Pep,2026-03-17,65.15,Purchase,Approved,0,POS
TXN052162,C375,CRD0565,Nandos,2026-03-28,180.07,Purchase,Approved,0,POS
TXN052163,C430,CRD0655,Vida e Caffe,2026-05-15,120.07,Purchase,Approved,0,POS
TXN052164,C388,CRD0586,Bash.com,2026-03-20,313.29,Purchase,Approved,0,Online
TXN052165,C408,CRD0619,Bash.com,2026-04-28,1702.9,Payment,Approved,0,Online
TXN052166,C460,CRD0700,Woolworths,2025-12-20,1874.55,Payment,Approved,0,Online
TXN052167,C171,CRD0252,BP,2026-02-23,1113.2,Purchase,Approved,0,Online
TXN052168,C467,CRD0711,Google Play,2026-05-06,50.59,Withdrawal,Declined,0,Online
TXN052169,C442,CRD0673,Google Play,2026-01-28,176.74,Withdrawal,Approved,0,Online
TXN052170,C390,CRD0589,Wimpy,2026-02-25,100.72,Withdrawal,Pending,0,ATM
TXN052171,C364,CRD0544,Google Play,2026-04-07,264.42,Purchase,Approved,0,Online
TXN052172,C367,CRD0552,Faithful to Nature,2025-12-09,505.36,Purchase,Approved,0,Online
TXN052173,C150,CRD0226,Faithful to Nature,2026-03-27,605.84,Purchase,Approved,0,Online
TXN052174,C394,CRD0594,Faithful to Nature,2026-03-30,1466.81,Purchase,Approved,0,Online
TXN052175,C023,CRD0038,Amazon.co.za,2026-04-06,2263.42,Withdrawal,Approved,0,Online
TXN052176,C376,CRD0567,Faithful to Nature,2026-03-28,1040.83,Purchase,Approved,0,Online
TXN052177,C328,CRD0488,Takealot,2026-04-01,1908.29,Purchase,Approved,0,Online
TXN052178,C495,CRD0746,Clicks,2026-02-07,478.89,Purchase,Approved,0,POS
TXN052179,C131,CRD0197,Avis SA,2026-04-18,189.53,Refund,Approved,0,Online
TXN052180,C482,CRD0730,Checkers,2026-01-26,1945.48,Payment,Approved,0,Online
TXN052181,C127,CRD0191,Kulula,2025-12-18,1367.47,Purchase,Approved,0,POS
TXN052182,C548,CRD0802,Google Play,2026-03-30,123.57,Purchase,Approved,0,Online
TXN052183,C368,CRD0553,Romans Pizza,2025-12-30,165.42,Purchase,Approved,0,POS
TXN052184,C293,CRD0429,Clicks,2026-01-02,211.87,Withdrawal,Declined,0,ATM
TXN052185,C411,CRD0623,Pep,2026-04-16,41.51,Purchase,Approved,0,POS
TXN052186,C002,CRD0002,Shell,2026-03-19,496.99,Purchase,Declined,0,POS
TXN052187,C123,CRD0186,Google Play,2025-12-02,193.33,Purchase,Approved,0,Online
TXN052188,C096,CRD0149,Google Play,2025-12-02,87.61,Purchase,Approved,0,Online
TXN052189,C086,CRD0130,Dis-Chem,2025-12-28,134.46,Purchase,Declined,0,POS
TXN052190,C298,CRD0436,Gold Reef City,2026-04-20,410.54,Payment,Approved,0,Online
TXN052191,C101,CRD0155,Steers,2025-12-25,67.33,Withdrawal,Approved,0,ATM
TXN052192,C426,CRD0649,ShowMax,2026-04-02,118.4,Payment,Approved,0,Online
TXN052193,C194,CRD0285,Pick n Pay,2026-03-19,97.21,Purchase,Approved,0,POS
TXN052194,C485,CRD0733,Uber Eats,2026-05-28,197.0,Purchase,Approved,0,Online
TXN052195,C351,CRD0528,Google Play,2026-03-26,38.11,Purchase,Approved,0,Online
TXN052196,C365,CRD0548,DStv,2026-05-25,632.19,Withdrawal,Approved,0,ATM
TXN052197,C448,CRD0681,Debonairs,2026-05-14,138.17,Withdrawal,Approved,0,ATM
TXN052198,C087,CRD0132,Zando,2026-03-28,1196.03,Purchase,Approved,0,Online
TXN052199,C525,CRD0779,Samsung Store,2026-03-13,3624.88,Purchase,Approved,0,Online
TXN052200,C319,CRD0470,BP,2026-02-26,2456.16,Purchase,Approved,1,Online
TXN052201,C176,CRD0259,Mugg and Bean,2025-12-14,145.35,Purchase,Approved,0,POS
TXN052202,C536,CRD0790,Apple iTunes,2025-12-25,62.07,Purchase,Approved,0,Online
TXN052203,C114,CRD0174,Ster-Kinekor,2026-01-17,217.06,Purchase,Approved,0,Online
TXN052204,C400,CRD0603,Clicks,2026-03-04,450.96,Purchase,Approved,0,POS
TXN052205,C041,CRD0065,ShowMax,2025-11-28,96.04,Withdrawal,Approved,0,Online
TXN052206,C255,CRD0368,BP,2025-12-25,1131.15,Purchase,Approved,0,POS
TXN052207,C546,CRD0800,Pick n Pay,2025-12-18,706.47,Purchase,Approved,0,POS
TXN052208,C355,CRD0533,KFC,2026-02-08,123.91,Purchase,Approved,0,POS
TXN052209,C291,CRD0425,KFC,2026-04-03,106.95,Payment,Approved,0,Online
TXN052210,C310,CRD0455,Spur,2026-02-09,318.46,Purchase,Approved,0,Online
TXN052211,C446,CRD0678,Uber Eats,2026-03-27,323.53,Withdrawal,Approved,1,Online
TXN052212,C001,CRD0001,Avis SA,2026-02-10,1733.45,Purchase,Approved,0,Online
TXN052213,C439,CRD0669,Google Play,2026-02-24,76.13,Purchase,Approved,0,Online
TXN052214,C267,CRD0388,KFC,2026-01-19,165.42,Purchase,Approved,0,POS
TXN052215,C425,CRD0644,Wimpy,2026-01-26,60.53,Purchase,Pending,0,ATM
TXN052216,C440,CRD0670,KFC,2025-12-25,39.37,Purchase,Approved,0,POS
TXN052217,C377,CRD0569,Google Play,2026-05-25,273.51,Purchase,Approved,1,Online
TXN052218,C130,CRD0196,Ocean Basket,2025-12-23,276.72,Purchase,Approved,0,POS
TXN052219,C107,CRD0164,Spotify,2026-05-17,56.19,Purchase,Approved,0,Online
TXN052220,C401,CRD0605,Google Play,2026-01-25,71.72,Purchase,Approved,0,Online
TXN052221,C037,CRD0058,Google Play,2026-04-12,240.27,Purchase,Approved,1,Online
TXN052222,C547,CRD0801,McDonalds,2026-05-07,62.84,Purchase,Declined,0,Online
TXN052223,C476,CRD0723,Dis-Chem,2026-01-16,971.68,Purchase,Approved,0,POS
TXN052224,C312,CRD0461,Mugg and Bean,2026-01-28,227.1,Purchase,Approved,0,Online
TXN052225,C022,CRD0037,Vida e Caffe,2026-01-26,113.22,Purchase,Approved,0,Online
TXN052226,C239,CRD0346,Dis-Chem,2026-01-29,822.99,Purchase,Approved,0,POS
TXN052227,C289,CRD0420,Google Play,2026-05-14,40.78,Purchase,Pending,0,Online
TXN052228,C045,CRD0070,Dis-Chem,2026-03-28,257.39,Withdrawal,Approved,0,ATM
TXN052229,C289,CRD0422,Apple iTunes,2026-05-08,247.43,Purchase,Approved,0,Online
TXN052230,C080,CRD0123,Debonairs,2026-02-22,165.19,Purchase,Approved,0,Online
TXN052231,C283,CRD0411,Mr Price,2026-04-16,660.44,Payment,Approved,0,Online
TXN052232,C200,CRD0295,Uber Eats,2026-02-16,77.59,Purchase,Approved,0,Online
TXN052233,C374,CRD0562,Incredible Connect,2026-01-24,2789.49,Purchase,Approved,0,POS
TXN052234,C039,CRD0062,Pep,2026-01-18,43.23,Purchase,Approved,0,POS
TXN052235,C368,CRD0554,Checkers,2025-11-24,134.01,Purchase,Approved,0,POS
TXN052236,C041,CRD0065,Spotify,2026-03-18,54.16,Purchase,Approved,0,Online
TXN052237,C360,CRD0539,Zando,2026-04-25,859.74,Payment,Approved,0,Online
TXN052238,C119,CRD0180,Faithful to Nature,2026-04-26,683.95,Purchase,Approved,0,Online
TXN052239,C438,CRD0666,Debonairs,2026-05-02,215.98,Purchase,Declined,0,POS
TXN052240,C443,CRD0674,Checkers,2026-03-20,3553.2,Purchase,Approved,1,POS
TXN052241,C458,CRD0698,Google Play,2026-01-20,53.19,Purchase,Approved,0,Online
TXN052242,C292,CRD0428,Apple iTunes,2026-01-28,286.66,Purchase,Approved,0,Online
TXN052243,C357,CRD0536,Loot.co.za,2026-03-02,1181.95,Payment,Approved,0,Online
TXN052244,C310,CRD0455,Debonairs,2026-03-28,57.34,Withdrawal,Approved,0,ATM
TXN052245,C110,CRD0167,Dis-Chem,2025-11-27,1169.23,Purchase,Declined,0,POS
TXN052246,C055,CRD0085,KFC,2025-12-25,74.48,Purchase,Declined,0,Online
TXN052247,C126,CRD0190,Google Play,2026-04-02,39.35,Purchase,Approved,0,Online
TXN052248,C111,CRD0169,Nu Metro,2026-03-24,200.49,Payment,Approved,0,Online
TXN052249,C403,CRD0607,Mugg and Bean,2026-03-09,449.89,Purchase,Approved,0,ATM
TXN052250,C112,CRD0171,Spotify,2026-04-27,71.95,Purchase,Approved,0,Online
TXN052251,C520,CRD0774,KFC,2025-12-21,123.58,Purchase,Approved,0,POS
TXN052252,C382,CRD0575,Clicks,2026-01-09,366.31,Purchase,Approved,0,ATM
TXN052253,C337,CRD0504,Dis-Chem,2026-04-15,853.07,Purchase,Approved,0,POS
TXN052254,C469,CRD0713,Pep,2025-11-21,188.64,Purchase,Approved,0,ATM
TXN052255,C353,CRD0531,DStv,2025-12-03,619.98,Withdrawal,Declined,0,ATM
TXN052256,C227,CRD0330,Nandos,2026-02-27,128.28,Purchase,Approved,0,ATM
TXN052257,C304,CRD0446,Pick n Pay,2025-12-28,797.18,Purchase,Approved,0,POS
TXN052258,C195,CRD0286,Pep,2026-02-23,335.14,Purchase,Approved,0,Online
TXN052259,C430,CRD0655,Game,2025-12-14,1773.17,Purchase,Approved,0,POS
TXN052260,C460,CRD0701,Uber Eats,2026-04-02,328.92,Purchase,Approved,1,Online
TXN052261,C481,CRD0729,Pick n Pay,2026-04-09,189.24,Purchase,Declined,0,POS
TXN052262,C375,CRD0564,Spotify,2026-05-14,70.21,Purchase,Approved,0,Online
TXN052263,C414,CRD0627,KFC,2026-05-16,225.86,Withdrawal,Approved,1,ATM
TXN052264,C529,CRD0783,Romans Pizza,2026-04-30,140.41,Purchase,Approved,0,Online
TXN052265,C209,CRD0308,Vida e Caffe,2025-12-15,60.96,Withdrawal,Approved,0,ATM
TXN052266,C464,CRD0706,Takealot,2026-03-18,495.78,Purchase,Approved,0,Online
TXN052267,C549,CRD0803,Checkers,2026-04-23,942.37,Purchase,Approved,0,POS
TXN052268,C249,CRD0361,KFC,2026-02-07,287.45,Payment,Approved,1,Online
TXN052269,C366,CRD0550,Google Play,2026-01-26,39.39,Purchase,Approved,0,Online
TXN052270,C338,CRD0506,Mr Price,2026-03-03,1166.38,Payment,Pending,0,Online
TXN052271,C024,CRD0041,Mugg and Bean,2026-04-26,415.64,Withdrawal,Approved,0,ATM
TXN052272,C404,CRD0610,Nu Metro,2026-04-04,94.57,Purchase,Approved,0,Online
TXN052273,C299,CRD0438,Pick n Pay,2026-02-28,1725.88,Purchase,Declined,0,Online
TXN052274,C233,CRD0339,Ster-Kinekor,2025-11-24,144.26,Purchase,Approved,0,POS
TXN052275,C247,CRD0357,Vida e Caffe,2026-01-25,104.32,Purchase,Approved,0,Online
TXN052276,C031,CRD0051,Pick n Pay,2026-02-12,1160.22,Purchase,Approved,0,ATM
TXN052277,C507,CRD0761,KFC,2026-01-25,89.17,Purchase,Declined,0,POS
TXN052278,C246,CRD0355,Spotify,2026-04-27,57.92,Purchase,Approved,0,Online
TXN052279,C249,CRD0360,Nu Metro,2026-05-26,213.76,Purchase,Approved,0,POS
TXN052280,C365,CRD0546,Checkers,2026-03-02,1586.26,Purchase,Approved,0,POS
TXN052281,C341,CRD0511,Google Play,2026-02-22,96.31,Purchase,Approved,0,Online
TXN052282,C513,CRD0767,Ocean Basket,2026-02-26,519.23,Purchase,Approved,0,POS
TXN052283,C385,CRD0583,Checkers,2026-05-28,296.93,Refund,Approved,0,Online
TXN052284,C056,CRD0087,Nandos,2026-01-23,300.03,Purchase,Approved,0,POS
TXN052285,C017,CRD0025,Wimpy,2026-01-08,126.63,Withdrawal,Approved,0,ATM
TXN052286,C154,CRD0232,Checkers,2026-02-11,1505.1,Purchase,Approved,0,POS
TXN052287,C209,CRD0308,Clicks,2026-05-01,229.67,Withdrawal,Approved,0,ATM
TXN052288,C115,CRD0176,Vida e Caffe,2025-11-28,130.03,Purchase,Approved,0,POS
TXN052289,C351,CRD0528,Dis-Chem,2026-01-21,113.42,Withdrawal,Approved,0,ATM
TXN052290,C325,CRD0483,Wimpy,2025-12-27,232.29,Purchase,Approved,0,Online
TXN052291,C188,CRD0276,Chicken Licken,2026-01-12,10.6,Refund,Approved,0,POS
TXN052292,C468,CRD0712,ShowMax,2026-02-10,111.31,Withdrawal,Approved,0,Online
TXN052293,C408,CRD0619,Debonairs,2026-03-15,69.95,Purchase,Approved,0,POS
TXN052294,C343,CRD0514,TicketPro,2026-05-05,737.53,Withdrawal,Approved,0,ATM
TXN052295,C294,CRD0430,TicketPro,2026-02-01,226.56,Purchase,Approved,0,POS
TXN052296,C049,CRD0078,Chicken Licken,2026-05-26,123.47,Withdrawal,Approved,0,ATM
TXN052297,C445,CRD0676,Uber Eats,2026-04-12,254.61,Purchase,Approved,0,Online
TXN052298,C238,CRD0345,Spotify,2025-12-27,59.21,Purchase,Approved,1,Online
TXN052299,C029,CRD0049,Ster-Kinekor,2026-04-06,147.53,Purchase,Approved,0,POS
TXN052300,C249,CRD0360,TicketPro,2025-12-20,632.78,Purchase,Approved,0,POS
TXN052301,C105,CRD0160,Zando,2025-12-25,387.44,Purchase,Approved,0,Online
TXN052302,C280,CRD0407,Google Play,2026-03-10,225.38,Payment,Approved,0,Online
TXN052303,C342,CRD0513,Vida e Caffe,2025-12-08,38.86,Purchase,Approved,0,ATM
TXN052304,C282,CRD0409,Samsung Store,2026-03-07,10484.33,Purchase,Approved,0,Online
TXN052305,C216,CRD0316,Avis SA,2026-01-18,724.67,Purchase,Approved,0,POS
TXN052306,C027,CRD0046,ShowMax,2026-02-03,80.42,Purchase,Approved,0,Online
TXN052307,C034,CRD0055,Google Play,2025-12-16,139.02,Withdrawal,Approved,0,Online
TXN052308,C195,CRD0286,Google Play,2026-03-30,260.44,Payment,Approved,0,Online
TXN052309,C533,CRD0787,Ster-Kinekor,2026-04-20,87.69,Purchase,Approved,0,POS
TXN052310,C082,CRD0125,Game,2025-12-31,919.3,Purchase,Approved,0,POS
TXN052311,C365,CRD0546,Vida e Caffe,2025-12-25,128.82,Purchase,Approved,0,POS
TXN052312,C430,CRD0655,Steers,2025-12-16,178.81,Purchase,Approved,0,POS
TXN052313,C403,CRD0607,Loot.co.za,2026-03-17,1725.24,Purchase,Approved,0,Online
TXN052314,C301,CRD0441,Apple iTunes,2026-01-26,104.72,Purchase,Approved,0,Online
TXN052315,C351,CRD0527,Clicks,2026-04-10,533.93,Withdrawal,Approved,0,ATM
TXN052316,C405,CRD0612,Chicken Licken,2026-01-31,51.18,Purchase,Approved,0,POS
TXN052317,C014,CRD0021,McDonalds,2026-05-02,67.72,Withdrawal,Approved,0,ATM
TXN052318,C469,CRD0714,KFC,2026-05-01,58.6,Purchase,Declined,0,POS
TXN052319,C013,CRD0020,Google Play,2026-03-28,214.96,Withdrawal,Approved,0,Online
TXN052320,C232,CRD0338,Zando,2026-05-26,451.39,Purchase,Approved,0,Online
TXN052321,C241,CRD0349,Spotify,2026-04-02,67.23,Purchase,Approved,0,Online
TXN052322,C257,CRD0370,Google Play,2026-02-07,50.92,Refund,Declined,0,Online
TXN052323,C374,CRD0563,Bash.com,2025-12-27,1036.99,Withdrawal,Approved,0,Online
TXN052324,C455,CRD0694,Google Play,2025-12-27,117.44,Purchase,Approved,0,Online
TXN052325,C053,CRD0082,DStv,2026-04-14,359.24,Purchase,Approved,0,Online
TXN052326,C064,CRD0098,Wimpy,2026-02-21,79.09,Purchase,Approved,0,POS
TXN052327,C404,CRD0609,BP,2025-11-21,768.0,Payment,Approved,0,Online
TXN052328,C191,CRD0281,Cape Union Mart,2026-02-08,1225.81,Purchase,Approved,0,POS
TXN052329,C142,CRD0214,Debonairs,2026-02-27,169.82,Purchase,Approved,0,Online
TXN052330,C297,CRD0435,KFC,2025-12-04,66.37,Purchase,Approved,0,POS
TXN052331,C130,CRD0196,Engen,2026-01-07,244.04,Purchase,Approved,0,Online
TXN052332,C117,CRD0178,Nandos,2026-02-10,195.62,Purchase,Approved,0,POS
TXN052333,C083,CRD0127,Google Play,2025-12-27,13.07,Refund,Approved,0,Online
TXN052334,C462,CRD0703,Google Play,2026-03-06,285.78,Purchase,Approved,1,Online
TXN052335,C190,CRD0279,Romans Pizza,2026-03-26,102.88,Purchase,Approved,0,POS
TXN052336,C405,CRD0613,Takealot,2026-02-25,1226.12,Purchase,Approved,0,Online
TXN052337,C488,CRD0737,Vida e Caffe,2026-01-31,48.52,Purchase,Approved,0,POS
TXN052338,C152,CRD0229,Clicks,2025-11-29,415.71,Purchase,Approved,0,POS
TXN052339,C308,CRD0451,Amazon.co.za,2026-04-07,1203.02,Purchase,Declined,0,Online
TXN052340,C176,CRD0259,Chicken Licken,2025-11-22,124.59,Purchase,Approved,0,Online
TXN052341,C476,CRD0723,Cape Union Mart,2025-12-02,1085.85,Withdrawal,Approved,0,ATM
TXN052342,C278,CRD0402,Vida e Caffe,2026-01-25,76.6,Purchase,Approved,0,POS
TXN052343,C028,CRD0048,Ocean Basket,2026-04-11,576.75,Purchase,Approved,0,Online
TXN052344,C410,CRD0622,DStv,2026-03-26,618.22,Purchase,Approved,0,POS
TXN052345,C149,CRD0224,Mugg and Bean,2026-03-12,172.66,Purchase,Approved,0,POS
TXN052346,C078,CRD0121,Engen,2026-04-27,296.2,Purchase,Approved,0,POS
TXN052347,C408,CRD0618,Nu Metro,2026-02-11,97.04,Purchase,Approved,0,Online
TXN052348,C190,CRD0278,Nandos,2026-03-23,313.88,Withdrawal,Approved,0,ATM
TXN052349,C411,CRD0623,ShowMax,2026-04-22,77.63,Purchase,Approved,0,Online
TXN052350,C052,CRD0081,Checkers,2026-02-05,1061.56,Purchase,Approved,0,Online
TXN052351,C258,CRD0372,Pep,2026-03-26,69.25,Refund,Approved,0,POS
TXN052352,C466,CRD0710,Truworths,2025-12-07,1113.3,Purchase,Approved,0,POS
TXN052353,C135,CRD0204,Bash.com,2026-03-25,1037.41,Purchase,Approved,0,Online
TXN052354,C471,CRD0716,Makro,2025-12-25,3281.57,Purchase,Approved,0,POS
TXN052355,C266,CRD0386,Samsung Store,2026-02-13,10541.45,Purchase,Approved,0,Online
TXN052356,C537,CRD0791,Apple iTunes,2025-12-28,63.94,Purchase,Approved,0,Online
TXN052357,C335,CRD0501,Takealot,2025-12-02,6232.57,Purchase,Approved,1,Online
TXN052358,C036,CRD0057,Kulula,2026-01-28,1259.23,Purchase,Declined,0,POS
TXN052359,C230,CRD0335,KFC,2025-11-25,65.0,Purchase,Approved,0,Online
TXN052360,C008,CRD0012,Mugg and Bean,2026-01-30,121.51,Purchase,Approved,0,Online
TXN052361,C440,CRD0670,TicketPro,2026-02-03,371.05,Purchase,Approved,0,POS
TXN052362,C466,CRD0710,Spur,2025-12-27,250.25,Purchase,Approved,0,POS
TXN052363,C047,CRD0072,Edgars,2026-04-13,531.17,Purchase,Approved,0,Online
TXN052364,C319,CRD0470,Edgars,2026-03-21,1783.58,Purchase,Approved,1,ATM
TXN052365,C010,CRD0014,McDonalds,2025-12-23,168.1,Purchase,Approved,0,POS
TXN052366,C116,CRD0177,Checkers,2026-03-20,124.69,Purchase,Approved,0,POS
TXN052367,C289,CRD0422,Google Play,2026-01-25,220.84,Purchase,Approved,0,Online
TXN052368,C320,CRD0472,Clicks,2026-01-28,284.11,Purchase,Approved,0,Online
TXN052369,C514,CRD0768,Spotify,2026-05-09,48.48,Purchase,Declined,0,Online
TXN052370,C534,CRD0788,Google Play,2026-05-14,222.21,Purchase,Approved,0,Online
TXN052371,C342,CRD0513,Clicks,2026-02-20,273.07,Purchase,Approved,0,Online
TXN052372,C193,CRD0284,TicketPro,2026-04-01,277.91,Purchase,Approved,0,POS
TXN052373,C537,CRD0791,Nu Metro,2026-04-13,126.1,Purchase,Approved,0,Online
TXN052374,C236,CRD0342,Wimpy,2025-12-13,197.72,Withdrawal,Approved,0,ATM
TXN052375,C350,CRD0525,Takealot,2026-01-30,2354.81,Purchase,Approved,0,Online
TXN052376,C068,CRD0105,Checkers,2025-12-28,1848.11,Purchase,Approved,0,Online
TXN052377,C274,CRD0398,Takealot,2026-02-25,2740.32,Purchase,Approved,0,Online
TXN052378,C415,CRD0629,Clicks,2026-03-25,216.83,Payment,Approved,0,Online
TXN052379,C303,CRD0444,Clicks,2026-01-12,77.98,Purchase,Approved,0,POS
TXN052380,C183,CRD0270,Edgars,2026-05-04,261.6,Payment,Approved,0,Online
TXN052381,C134,CRD0202,iStore,2026-02-08,4128.43,Withdrawal,Declined,0,ATM
TXN052382,C048,CRD0075,TicketPro,2026-02-06,499.63,Purchase,Approved,0,POS
TXN052383,C206,CRD0302,Uber Eats,2026-01-10,364.0,Purchase,Approved,0,Online
TXN052384,C118,CRD0179,Spotify,2026-01-27,53.92,Payment,Approved,0,Online
TXN052385,C294,CRD0430,Edgars,2025-12-03,310.33,Purchase,Approved,0,POS
TXN052386,C123,CRD0186,Apple iTunes,2026-01-07,144.26,Purchase,Approved,0,Online
TXN052387,C446,CRD0677,Europcar,2026-02-25,521.7,Refund,Approved,0,Online
TXN052388,C282,CRD0410,SAA,2026-02-25,4070.23,Purchase,Approved,0,POS
TXN052389,C340,CRD0510,Engen,2026-04-24,925.35,Purchase,Pending,0,POS
TXN052390,C435,CRD0662,Google Play,2026-05-02,212.1,Purchase,Approved,0,Online
TXN052391,C380,CRD0572,Bash.com,2026-04-28,374.81,Withdrawal,Approved,0,Online
TXN052392,C410,CRD0622,Pick n Pay,2026-03-25,337.01,Refund,Approved,0,POS
TXN052393,C043,CRD0068,Pep,2026-05-13,115.33,Withdrawal,Approved,0,ATM
TXN052394,C398,CRD0598,McDonalds,2026-05-26,112.71,Purchase,Approved,0,POS
TXN052395,C025,CRD0042,Mr Price,2026-01-31,198.3,Purchase,Approved,0,POS
TXN052396,C136,CRD0205,Apple iTunes,2026-01-25,399.94,Payment,Declined,0,Online
TXN052397,C324,CRD0481,KFC,2026-04-25,119.98,Purchase,Approved,0,Online
TXN052398,C375,CRD0565,KFC,2026-05-06,83.93,Purchase,Declined,0,Online
TXN052399,C550,CRD0804,Steers,2026-03-20,131.07,Purchase,Approved,0,POS
TXN052400,C076,CRD0119,Truworths,2026-01-03,386.57,Purchase,Approved,0,ATM
TXN052401,C365,CRD0548,Dis-Chem,2026-03-27,861.47,Purchase,Approved,0,Online
TXN052402,C186,CRD0273,Debonairs,2026-02-18,92.55,Payment,Approved,0,Online
TXN052403,C243,CRD0352,Mr Price,2026-04-30,348.04,Payment,Approved,0,Online
TXN052404,C319,CRD0470,Takealot,2026-03-15,1468.71,Refund,Declined,0,Online
TXN052405,C244,CRD0353,Makro,2026-03-27,7336.12,Withdrawal,Approved,0,ATM
TXN052406,C229,CRD0334,Nandos,2026-01-29,135.5,Purchase,Approved,0,Online
TXN052407,C405,CRD0611,Steers,2026-04-25,48.94,Purchase,Approved,0,POS
TXN052408,C429,CRD0653,Uber Eats,2026-03-12,85.26,Purchase,Pending,0,Online
TXN052409,C332,CRD0495,ShowMax,2026-02-04,113.64,Purchase,Approved,1,Online
TXN052410,C020,CRD0032,Zando,2026-03-26,821.51,Purchase,Approved,0,Online
TXN052411,C415,CRD0630,Apple iTunes,2026-04-21,138.32,Purchase,Approved,0,Online
TXN052412,C202,CRD0297,Debonairs,2025-11-27,232.32,Purchase,Approved,0,POS
TXN052413,C252,CRD0364,Takealot,2026-03-25,4628.95,Payment,Approved,0,Online
TXN052414,C243,CRD0352,Wimpy,2025-11-30,60.2,Refund,Approved,0,POS
TXN052415,C099,CRD0153,Ocean Basket,2026-02-06,133.43,Withdrawal,Approved,0,ATM
TXN052416,C426,CRD0649,Vida e Caffe,2026-04-05,172.41,Payment,Approved,0,Online
TXN052417,C221,CRD0324,KFC,2025-11-25,65.81,Withdrawal,Approved,0,ATM
TXN052418,C464,CRD0706,ShowMax,2026-03-25,89.0,Withdrawal,Approved,0,Online
TXN052419,C411,CRD0623,TicketPro,2026-03-17,341.91,Purchase,Approved,0,POS
TXN052420,C292,CRD0427,Checkers,2026-03-25,1536.4,Purchase,Approved,0,POS
TXN052421,C072,CRD0112,Apple iTunes,2026-01-23,216.33,Purchase,Approved,0,Online
TXN052422,C260,CRD0377,Foschini,2026-05-07,1771.37,Purchase,Approved,0,POS
TXN052423,C535,CRD0789,Google Play,2026-04-25,129.37,Purchase,Approved,0,Online
TXN052424,C466,CRD0709,Amazon.co.za,2026-01-27,1533.99,Purchase,Approved,0,Online
TXN052425,C357,CRD0536,Faithful to Nature,2025-12-27,257.47,Purchase,Declined,0,Online
TXN052426,C338,CRD0506,McDonalds,2026-04-16,58.76,Purchase,Approved,0,POS
TXN052427,C536,CRD0790,KFC,2026-04-17,71.04,Purchase,Approved,0,ATM
TXN052428,C037,CRD0058,Takealot,2026-04-20,1149.35,Payment,Approved,0,Online
TXN052429,C206,CRD0302,Clicks,2026-01-07,773.33,Purchase,Pending,0,Online
TXN052430,C432,CRD0658,Dis-Chem,2026-04-21,907.97,Purchase,Approved,0,POS
TXN052431,C068,CRD0105,SAA,2025-11-22,5252.5,Purchase,Approved,0,Online
TXN052432,C118,CRD0179,Romans Pizza,2026-03-13,163.94,Purchase,Approved,0,Online
TXN052433,C058,CRD0091,Checkers,2026-01-04,1786.35,Purchase,Approved,0,POS
TXN052434,C375,CRD0564,Apple iTunes,2026-04-06,72.18,Withdrawal,Approved,0,Online
TXN052435,C410,CRD0622,Apple iTunes,2026-05-08,276.69,Purchase,Approved,0,Online
TXN052436,C427,CRD0651,Apple iTunes,2026-01-27,219.67,Purchase,Approved,0,Online
TXN052437,C107,CRD0164,Apple iTunes,2025-11-25,264.2,Withdrawal,Declined,0,Online
TXN052438,C207,CRD0305,Pep,2026-02-12,264.05,Purchase,Approved,0,POS
TXN052439,C324,CRD0481,McDonalds,2026-01-26,78.39,Withdrawal,Approved,0,ATM
TXN052440,C072,CRD0112,Loot.co.za,2025-12-26,160.06,Purchase,Declined,0,Online
TXN052441,C039,CRD0062,Woolworths,2026-04-14,259.59,Payment,Declined,0,Online
TXN052442,C047,CRD0073,Amazon.co.za,2026-03-14,382.08,Refund,Approved,0,Online
TXN052443,C355,CRD0534,Wimpy,2026-04-27,144.88,Purchase,Approved,0,Online
TXN052444,C052,CRD0081,Mr Price,2026-02-08,1010.08,Purchase,Approved,0,POS
TXN052445,C079,CRD0122,Nu Metro,2026-04-27,165.8,Purchase,Approved,0,POS
TXN052446,C513,CRD0767,Zando,2026-02-24,1933.03,Purchase,Approved,0,Online
TXN052447,C338,CRD0507,Steers,2026-03-15,110.43,Purchase,Approved,0,POS
TXN052448,C180,CRD0264,Totalsports,2026-02-14,1562.6,Purchase,Approved,0,POS
TXN052449,C442,CRD0673,Apple iTunes,2026-05-25,421.82,Purchase,Approved,0,Online
TXN052450,C211,CRD0310,Apple iTunes,2026-04-02,346.89,Purchase,Declined,0,Online
TXN052451,C296,CRD0433,Apple iTunes,2026-05-05,158.15,Withdrawal,Approved,0,Online
TXN052452,C069,CRD0107,Ocean Basket,2026-05-25,485.45,Payment,Approved,0,Online
TXN052453,C430,CRD0655,Vida e Caffe,2025-12-26,81.94,Purchase,Approved,0,ATM
TXN052454,C466,CRD0709,BP,2026-05-25,1543.83,Purchase,Declined,0,POS
TXN052455,C507,CRD0761,KFC,2026-02-14,120.55,Payment,Approved,0,Online
TXN052456,C211,CRD0310,Pep,2025-11-27,585.04,Purchase,Approved,1,POS
TXN052457,C071,CRD0111,Google Play,2026-04-02,43.51,Payment,Declined,0,Online
TXN052458,C073,CRD0114,Uber Eats,2026-01-26,138.84,Purchase,Approved,0,Online
TXN052459,C399,CRD0602,Clicks,2026-04-28,418.55,Purchase,Approved,0,Online
TXN052460,C188,CRD0276,Chicken Licken,2026-04-28,139.35,Purchase,Declined,0,POS
TXN052461,C267,CRD0388,Takealot,2026-03-11,681.71,Purchase,Declined,0,Online
TXN052462,C180,CRD0264,KFC,2025-12-05,47.2,Refund,Declined,0,POS
TXN052463,C401,CRD0605,Edgars,2026-02-12,900.07,Withdrawal,Approved,0,ATM
TXN052464,C295,CRD0432,BP,2026-04-28,1289.49,Withdrawal,Approved,0,ATM
TXN052465,C288,CRD0419,City Lodge,2026-04-03,226.98,Refund,Approved,0,Online
TXN052466,C095,CRD0146,Mr Price,2026-04-25,371.19,Withdrawal,Approved,0,ATM
TXN052467,C004,CRD0004,Truworths,2026-01-27,552.85,Purchase,Approved,0,POS
TXN052468,C027,CRD0045,Sportsmans Whouse,2026-05-09,2506.19,Withdrawal,Approved,0,ATM
TXN052469,C116,CRD0177,Bash.com,2026-04-27,1842.53,Withdrawal,Approved,0,Online
TXN052470,C257,CRD0370,Vida e Caffe,2026-03-09,56.88,Purchase,Approved,0,ATM
TXN052471,C472,CRD0718,Spur,2025-12-26,124.55,Payment,Approved,0,Online
TXN052472,C325,CRD0483,Zando,2026-02-01,636.6,Purchase,Declined,0,Online
TXN052473,C025,CRD0042,Apple iTunes,2026-03-27,157.24,Withdrawal,Approved,0,Online
TXN052474,C395,CRD0595,Woolworths,2026-02-06,478.39,Refund,Approved,0,POS
TXN052475,C512,CRD0766,Loot.co.za,2026-03-08,3478.55,Purchase,Approved,1,Online
TXN052476,C458,CRD0698,Nu Metro,2026-02-15,164.23,Purchase,Approved,0,POS
TXN052477,C430,CRD0654,Pep,2026-04-14,51.07,Purchase,Approved,0,ATM
TXN052478,C258,CRD0372,Checkers,2026-02-13,317.79,Refund,Approved,0,POS
TXN052479,C328,CRD0489,Checkers,2026-02-27,623.54,Withdrawal,Approved,0,ATM
TXN052480,C098,CRD0152,Spotify,2026-04-12,52.24,Purchase,Approved,0,Online
TXN052481,C152,CRD0229,Chicken Licken,2026-01-30,125.75,Purchase,Approved,0,POS
TXN052482,C211,CRD0310,Game,2026-05-18,4946.63,Purchase,Approved,0,ATM
TXN052483,C203,CRD0298,Apple iTunes,2026-02-25,187.44,Payment,Approved,0,Online
TXN052484,C298,CRD0437,Romans Pizza,2025-11-30,161.88,Withdrawal,Approved,0,ATM
TXN052485,C120,CRD0182,Takealot,2026-02-07,1456.33,Purchase,Approved,0,Online
TXN052486,C498,CRD0751,Foschini,2026-05-14,2777.43,Purchase,Approved,1,POS
TXN052487,C291,CRD0425,Truworths,2026-01-26,959.0,Purchase,Approved,0,ATM
TXN052488,C368,CRD0554,Netflix,2026-02-17,129.94,Purchase,Declined,0,Online
TXN052489,C348,CRD0520,Wimpy,2026-05-14,89.64,Withdrawal,Approved,0,ATM
TXN052490,C310,CRD0455,Zando,2026-03-25,258.08,Purchase,Approved,0,Online
TXN052491,C309,CRD0453,Ocean Basket,2026-03-06,566.93,Purchase,Approved,0,Online
TXN052492,C460,CRD0701,Ster-Kinekor,2025-12-10,94.93,Purchase,Approved,0,POS
TXN052493,C481,CRD0729,Loot.co.za,2026-05-08,410.32,Purchase,Approved,0,Online
TXN052494,C321,CRD0474,KFC,2025-12-23,58.16,Purchase,Approved,0,POS
TXN052495,C404,CRD0609,BP,2026-03-14,356.99,Purchase,Approved,0,POS
TXN052496,C058,CRD0090,ShowMax,2025-12-14,101.1,Purchase,Approved,0,Online
TXN052497,C058,CRD0091,Faithful to Nature,2026-01-01,1796.95,Purchase,Approved,0,Online
TXN052498,C072,CRD0113,Google Play,2026-05-15,116.57,Purchase,Approved,0,Online
TXN052499,C370,CRD0556,Nu Metro,2025-12-27,78.68,Purchase,Approved,0,Online
TXN052500,C088,CRD0134,Pep,2026-03-20,70.04,Payment,Approved,0,Online
TXN052501,C548,CRD0802,Nandos,2026-05-12,161.73,Purchase,Approved,0,POS
TXN052502,C075,CRD0118,Edgars,2025-12-27,929.67,Withdrawal,Declined,0,ATM
TXN052503,C094,CRD0145,Debonairs,2026-01-15,358.05,Purchase,Approved,1,Online
TXN052504,C371,CRD0559,Clicks,2026-03-08,502.32,Purchase,Declined,0,Online
TXN052505,C338,CRD0505,McDonalds,2026-02-24,99.35,Payment,Approved,0,Online
TXN052506,C515,CRD0769,Cape Union Mart,2025-11-24,198.6,Purchase,Approved,0,POS
TXN052507,C072,CRD0113,Totalsports,2026-05-01,1874.01,Purchase,Approved,0,Online
TXN052508,C387,CRD0585,Takealot,2026-04-06,3383.1,Purchase,Approved,0,Online
TXN052509,C376,CRD0566,Dis-Chem,2026-02-13,622.85,Purchase,Approved,0,Online
TXN052510,C267,CRD0387,Mugg and Bean,2025-12-10,448.46,Purchase,Approved,0,POS
TXN052511,C525,CRD0779,Mr Price,2026-04-22,290.79,Purchase,Approved,0,POS
TXN052512,C513,CRD0767,Apple iTunes,2026-01-29,339.19,Purchase,Approved,0,Online
TXN052513,C033,CRD0054,Steers,2026-05-14,55.79,Purchase,Approved,0,POS
TXN052514,C036,CRD0057,Pep,2026-05-04,211.94,Purchase,Approved,0,POS
TXN052515,C258,CRD0373,Clicks,2026-03-27,255.2,Purchase,Approved,0,POS
TXN052516,C384,CRD0580,Pep,2025-12-25,55.39,Purchase,Approved,0,POS
TXN052517,C124,CRD0187,ShowMax,2025-11-30,110.77,Withdrawal,Approved,0,Online
TXN052518,C221,CRD0324,Checkers,2026-02-19,582.12,Purchase,Approved,0,Online
TXN052519,C407,CRD0617,Truworths,2025-11-24,780.01,Payment,Approved,0,Online
TXN052520,C140,CRD0212,Bash.com,2026-02-28,545.5,Withdrawal,Approved,0,Online
TXN052521,C051,CRD0080,Gold Reef City,2025-11-24,189.18,Purchase,Approved,0,POS
TXN052522,C535,CRD0789,Apple iTunes,2026-05-12,147.52,Withdrawal,Approved,0,Online
TXN052523,C065,CRD0099,Spotify,2026-05-25,46.23,Purchase,Approved,0,Online
TXN052524,C398,CRD0598,Vida e Caffe,2026-04-13,114.71,Purchase,Approved,0,POS
TXN052525,C338,CRD0507,Apple iTunes,2026-01-14,363.25,Purchase,Declined,0,Online
TXN052526,C178,CRD0261,FlySafair,2026-01-13,1414.59,Purchase,Approved,0,Online
TXN052527,C333,CRD0497,Google Play,2026-02-03,113.86,Withdrawal,Approved,0,Online
TXN052528,C097,CRD0150,Uber Eats,2026-02-26,107.59,Purchase,Declined,0,Online
TXN052529,C521,CRD0775,iStore,2025-12-02,8419.7,Withdrawal,Approved,0,ATM
TXN052530,C070,CRD0110,Takealot,2026-03-08,3109.79,Purchase,Approved,0,Online
TXN052531,C320,CRD0471,Mr Price,2026-02-07,519.04,Purchase,Approved,0,POS
TXN052532,C159,CRD0237,Builders Warehouse,2026-03-06,2419.85,Purchase,Approved,0,POS
TXN052533,C350,CRD0525,McDonalds,2026-01-06,171.63,Purchase,Approved,0,Online
TXN052534,C229,CRD0334,Ster-Kinekor,2026-04-21,80.25,Purchase,Approved,0,POS
TXN052535,C438,CRD0667,Nandos,2026-02-07,235.87,Purchase,Approved,0,ATM
TXN052536,C209,CRD0307,iStore,2026-01-11,12163.67,Purchase,Approved,0,POS
TXN052537,C451,CRD0687,Bash.com,2026-01-05,1485.49,Purchase,Approved,0,Online
TXN052538,C365,CRD0548,Truworths,2026-02-06,1940.71,Payment,Approved,0,Online
TXN052539,C241,CRD0349,KFC,2026-02-28,87.67,Payment,Approved,0,Online
TXN052540,C149,CRD0225,Chicken Licken,2025-12-19,138.95,Purchase,Approved,0,ATM
TXN052541,C522,CRD0776,DStv,2025-12-26,272.04,Purchase,Approved,0,POS
TXN052542,C322,CRD0478,Vida e Caffe,2026-01-16,41.86,Purchase,Approved,0,POS
TXN052543,C287,CRD0418,Wimpy,2026-01-30,153.79,Purchase,Approved,0,POS
TXN052544,C443,CRD0674,Pick n Pay,2025-12-05,493.99,Purchase,Approved,0,POS
TXN052545,C227,CRD0330,Wimpy,2026-05-02,167.24,Purchase,Approved,0,POS
TXN052546,C421,CRD0640,Checkers,2025-12-23,1708.29,Purchase,Approved,0,POS
TXN052547,C059,CRD0092,Checkers,2026-02-25,522.86,Purchase,Approved,0,POS
TXN052548,C377,CRD0569,Cape Union Mart,2026-02-27,152.17,Purchase,Approved,0,Online
TXN052549,C360,CRD0539,Mugg and Bean,2026-01-26,124.83,Purchase,Approved,0,Online
TXN052550,C491,CRD0741,Apple iTunes,2025-12-10,437.05,Purchase,Approved,0,Online
TXN052551,C315,CRD0466,Apple iTunes,2025-11-26,601.26,Withdrawal,Approved,1,Online
TXN052552,C363,CRD0542,Truworths,2026-03-25,976.56,Payment,Approved,0,Online
TXN052553,C451,CRD0685,Romans Pizza,2026-02-16,83.38,Purchase,Approved,0,POS
TXN052554,C067,CRD0104,Pick n Pay,2026-01-20,2465.58,Purchase,Approved,0,POS
TXN052555,C365,CRD0548,Clicks,2025-12-14,431.41,Purchase,Approved,0,Online
TXN052556,C173,CRD0255,Zando,2026-05-03,335.94,Purchase,Approved,0,Online
TXN052557,C085,CRD0129,TicketPro,2026-01-28,865.78,Purchase,Approved,0,POS
TXN052558,C428,CRD0652,Edgars,2026-04-04,190.09,Purchase,Approved,0,ATM
TXN052559,C356,CRD0535,Clicks,2026-02-19,306.83,Purchase,Approved,0,POS
TXN052560,C410,CRD0622,Romans Pizza,2026-01-16,153.4,Purchase,Declined,0,POS
TXN052561,C384,CRD0580,Apple iTunes,2026-02-14,334.11,Payment,Approved,0,Online
TXN052562,C283,CRD0411,Foschini,2026-04-07,2316.21,Payment,Approved,0,Online
TXN052563,C333,CRD0497,Pick n Pay,2026-04-05,777.09,Payment,Approved,0,Online
TXN052564,C244,CRD0353,ShowMax,2026-03-15,92.91,Withdrawal,Approved,0,Online
TXN052565,C058,CRD0091,Nandos,2026-04-08,73.53,Payment,Approved,0,Online
TXN052566,C315,CRD0465,Romans Pizza,2026-05-16,99.76,Purchase,Approved,0,POS
TXN052567,C053,CRD0082,BP,2026-03-07,648.91,Purchase,Approved,0,POS
TXN052568,C209,CRD0307,Google Play,2026-01-07,156.29,Purchase,Approved,0,Online
TXN052569,C289,CRD0420,Checkers,2026-04-28,2245.79,Purchase,Approved,0,Online
TXN052570,C391,CRD0590,Edgars,2026-01-09,1228.25,Withdrawal,Declined,0,ATM
TXN052571,C439,CRD0669,Romans Pizza,2025-11-23,262.44,Payment,Approved,0,Online
TXN052572,C390,CRD0589,Spur,2026-01-27,132.02,Purchase,Approved,0,POS
TXN052573,C471,CRD0716,Faithful to Nature,2025-12-08,602.49,Purchase,Approved,0,Online
TXN052574,C519,CRD0773,Chicken Licken,2026-01-20,128.1,Purchase,Approved,0,Online
TXN052575,C141,CRD0213,Uber Eats,2025-12-14,141.69,Purchase,Approved,0,Online
TXN052576,C295,CRD0432,Nu Metro,2026-03-26,60.77,Purchase,Approved,0,POS
TXN052577,C254,CRD0367,TicketPro,2025-12-15,115.75,Purchase,Approved,0,POS
TXN052578,C546,CRD0800,Uber Eats,2026-05-18,289.22,Purchase,Approved,0,Online
TXN052579,C190,CRD0278,McDonalds,2026-01-26,49.95,Payment,Approved,0,Online
TXN052580,C334,CRD0499,Google Play,2025-12-28,240.75,Purchase,Approved,0,Online
TXN052581,C392,CRD0591,Google Play,2026-05-27,53.76,Purchase,Approved,0,Online
TXN052582,C446,CRD0679,DStv,2026-02-13,214.91,Purchase,Declined,0,POS
TXN052583,C276,CRD0400,Superbalist,2025-11-22,2088.48,Purchase,Approved,0,Online
TXN052584,C329,CRD0490,Apple iTunes,2026-03-28,76.82,Withdrawal,Approved,0,Online
TXN052585,C512,CRD0766,Incredible Connect,2026-03-03,8245.89,Withdrawal,Approved,0,ATM
TXN052586,C142,CRD0214,Clicks,2025-12-07,549.29,Purchase,Approved,0,Online
TXN052587,C348,CRD0521,Nandos,2026-02-26,360.62,Purchase,Approved,1,POS
TXN052588,C390,CRD0588,Clicks,2026-04-26,803.77,Purchase,Approved,1,ATM
TXN052589,C418,CRD0634,Mugg and Bean,2026-01-21,292.77,Purchase,Approved,0,POS
TXN052590,C486,CRD0734,Wimpy,2026-01-03,271.67,Purchase,Approved,0,POS
TXN052591,C243,CRD0352,Pep,2025-12-17,303.43,Payment,Approved,0,Online
TXN052592,C377,CRD0568,Loot.co.za,2026-03-29,1710.86,Purchase,Approved,0,Online
TXN052593,C270,CRD0392,KFC,2026-04-07,80.07,Payment,Declined,0,Online
TXN052594,C490,CRD0740,Google Play,2025-11-23,21.52,Purchase,Pending,0,Online
TXN052595,C047,CRD0072,Takealot,2026-02-22,2265.23,Withdrawal,Approved,0,Online
TXN052596,C027,CRD0045,Pep,2026-05-17,150.44,Purchase,Approved,0,POS
TXN052597,C454,CRD0693,Faithful to Nature,2026-02-14,1199.28,Withdrawal,Approved,0,Online
TXN052598,C134,CRD0202,Google Play,2026-02-27,291.81,Purchase,Approved,0,Online
TXN052599,C462,CRD0704,Uber Eats,2026-05-26,102.83,Purchase,Approved,0,Online
TXN052600,C292,CRD0428,Debonairs,2026-04-07,446.69,Purchase,Declined,0,Online
TXN052601,C033,CRD0054,Pep,2026-02-24,54.79,Purchase,Approved,0,POS
TXN052602,C141,CRD0213,TicketPro,2026-01-25,617.06,Purchase,Approved,0,POS
TXN052603,C333,CRD0497,Woolworths,2026-04-25,416.14,Purchase,Approved,0,Online
TXN052604,C488,CRD0737,Truworths,2026-01-17,648.51,Purchase,Approved,0,POS
TXN052605,C413,CRD0625,Cape Union Mart,2025-12-29,418.31,Withdrawal,Approved,0,ATM
TXN052606,C086,CRD0130,Sportsmans Whouse,2026-02-10,1215.4,Withdrawal,Approved,0,ATM
TXN052607,C075,CRD0117,McDonalds,2025-12-26,179.09,Purchase,Approved,0,POS
TXN052608,C364,CRD0544,Wimpy,2026-04-13,458.63,Purchase,Approved,1,Online
TXN052609,C178,CRD0261,Google Play,2025-12-12,36.01,Purchase,Approved,0,Online
TXN052610,C447,CRD0680,Debonairs,2025-12-25,154.15,Purchase,Approved,0,POS
TXN052611,C150,CRD0227,Google Play,2026-04-28,284.2,Payment,Approved,0,Online
TXN052612,C083,CRD0127,BP,2026-03-28,553.03,Purchase,Approved,0,POS
TXN052613,C385,CRD0581,Romans Pizza,2026-03-25,195.75,Purchase,Declined,0,Online
TXN052614,C199,CRD0292,KFC,2026-03-26,290.17,Purchase,Approved,1,POS
TXN052615,C065,CRD0099,Samsung Store,2026-04-28,12302.33,Purchase,Approved,0,POS
TXN052616,C024,CRD0040,Mugg and Bean,2026-02-05,263.35,Purchase,Approved,0,Online
TXN052617,C254,CRD0367,Incredible Connect,2026-03-28,5303.83,Purchase,Declined,0,Online
TXN052618,C053,CRD0082,Mugg and Bean,2026-02-28,239.92,Purchase,Approved,0,POS
TXN052619,C208,CRD0306,Clicks,2026-05-16,329.46,Purchase,Approved,0,Online
TXN052620,C004,CRD0004,ShowMax,2026-05-25,59.15,Purchase,Approved,0,Online
TXN052621,C467,CRD0711,Kulula,2025-12-27,3262.3,Purchase,Approved,0,POS
TXN052622,C027,CRD0046,Totalsports,2025-11-30,1142.99,Purchase,Approved,0,POS
TXN052623,C288,CRD0419,Spotify,2026-04-03,59.65,Purchase,Approved,1,Online
TXN052624,C069,CRD0107,Google Play,2026-05-08,4.82,Refund,Approved,0,Online
TXN052625,C272,CRD0395,Google Play,2026-05-07,78.15,Purchase,Approved,0,Online
TXN052626,C395,CRD0595,Truworths,2026-04-25,1015.14,Purchase,Approved,0,ATM
TXN052627,C423,CRD0642,Faithful to Nature,2026-05-02,1895.99,Purchase,Approved,0,Online
TXN052628,C306,CRD0449,Incredible Connect,2026-04-20,13908.99,Payment,Approved,0,Online
TXN052629,C038,CRD0061,Steers,2026-01-23,79.47,Purchase,Approved,0,POS
TXN052630,C335,CRD0501,Chicken Licken,2026-05-02,42.91,Refund,Approved,0,POS
TXN052631,C501,CRD0755,Vida e Caffe,2026-01-08,57.17,Purchase,Approved,0,POS
TXN052632,C133,CRD0201,Mugg and Bean,2026-05-09,259.59,Purchase,Approved,0,POS
TXN052633,C486,CRD0734,Makro,2026-04-08,6844.55,Purchase,Approved,0,Online
TXN052634,C492,CRD0742,Faithful to Nature,2026-04-02,1050.54,Purchase,Declined,0,Online
TXN052635,C005,CRD0006,Apple iTunes,2026-03-21,210.29,Purchase,Approved,0,Online
TXN052636,C523,CRD0777,Debonairs,2026-02-27,169.7,Purchase,Approved,0,ATM
TXN052637,C074,CRD0116,Wimpy,2026-01-20,224.3,Purchase,Approved,0,POS
TXN052638,C462,CRD0703,Pep,2025-11-28,282.89,Withdrawal,Declined,0,ATM
TXN052639,C199,CRD0293,KFC,2026-04-22,135.48,Purchase,Approved,0,Online
TXN052640,C413,CRD0625,KFC,2026-04-14,113.1,Withdrawal,Approved,0,ATM
TXN052641,C438,CRD0666,Mugg and Bean,2026-05-28,122.41,Withdrawal,Approved,0,ATM
TXN052642,C024,CRD0041,Vida e Caffe,2025-12-05,76.75,Payment,Approved,0,Online
TXN052643,C476,CRD0722,Zando,2026-01-26,1593.67,Purchase,Approved,0,Online
TXN052644,C338,CRD0505,Chicken Licken,2026-05-07,56.43,Withdrawal,Approved,0,ATM
TXN052645,C180,CRD0264,Spotify,2026-03-26,77.65,Withdrawal,Approved,1,Online
TXN052646,C164,CRD0243,Vida e Caffe,2026-02-05,13.74,Refund,Approved,0,Online
TXN052647,C348,CRD0521,Spur,2026-03-29,132.0,Purchase,Approved,0,POS
TXN052648,C045,CRD0070,Ocean Basket,2026-03-30,282.08,Purchase,Approved,0,POS
TXN052649,C406,CRD0614,Dis-Chem,2026-01-28,793.02,Purchase,Approved,0,POS
TXN052650,C149,CRD0224,Kulula,2026-04-29,488.43,Purchase,Approved,0,POS
TXN052651,C132,CRD0198,KFC,2025-11-24,73.53,Withdrawal,Approved,0,ATM
TXN052652,C434,CRD0661,Dis-Chem,2025-11-28,314.61,Purchase,Approved,0,ATM
TXN052653,C547,CRD0801,Chicken Licken,2026-03-25,119.81,Purchase,Approved,0,POS
TXN052654,C061,CRD0094,SAA,2026-01-27,2831.43,Purchase,Approved,0,POS
TXN052655,C407,CRD0617,Amazon.co.za,2026-03-27,3589.94,Purchase,Approved,0,Online
TXN052656,C115,CRD0176,Gold Reef City,2025-12-13,152.55,Purchase,Approved,0,POS
TXN052657,C496,CRD0748,Takealot,2025-12-02,2148.39,Purchase,Approved,0,Online
TXN052658,C307,CRD0450,Spotify,2026-04-11,51.87,Payment,Approved,0,Online
TXN052659,C522,CRD0776,Uber Eats,2026-02-18,222.23,Payment,Approved,0,Online
TXN052660,C019,CRD0031,KFC,2026-01-14,62.23,Withdrawal,Approved,0,ATM
TXN052661,C279,CRD0404,Takealot,2026-02-04,2128.93,Purchase,Approved,0,Online
TXN052662,C482,CRD0730,Superbalist,2025-12-27,764.31,Purchase,Approved,0,Online
TXN052663,C213,CRD0313,Amazon.co.za,2026-01-05,5698.84,Purchase,Approved,1,Online
TXN052664,C277,CRD0401,Pep,2025-11-25,429.07,Withdrawal,Approved,0,ATM
TXN052665,C420,CRD0637,Mr Price,2026-03-01,2213.03,Payment,Approved,1,Online
TXN052666,C298,CRD0436,Wimpy,2026-01-08,118.32,Purchase,Approved,0,Online
TXN052667,C192,CRD0282,Edgars,2026-03-27,979.77,Purchase,Declined,0,POS
TXN052668,C086,CRD0131,Dis-Chem,2026-03-25,363.27,Payment,Pending,0,Online
TXN052669,C269,CRD0390,Spotify,2026-03-07,54.8,Payment,Approved,0,Online
TXN052670,C456,CRD0696,KFC,2026-04-26,85.71,Purchase,Approved,0,Online
TXN052671,C052,CRD0081,Uber Eats,2026-05-06,67.07,Purchase,Declined,0,Online
TXN052672,C218,CRD0320,Takealot,2026-04-28,4168.89,Purchase,Approved,0,Online
TXN052673,C126,CRD0190,Sportsmans Whouse,2026-01-28,4742.85,Payment,Approved,0,Online
TXN052674,C025,CRD0042,ShowMax,2026-02-02,109.44,Purchase,Approved,0,Online
TXN052675,C461,CRD0702,Bash.com,2026-04-01,452.12,Purchase,Approved,0,Online
TXN052676,C069,CRD0108,Engen,2026-03-22,1261.67,Purchase,Pending,0,POS
TXN052677,C046,CRD0071,Takealot,2026-04-18,1017.31,Withdrawal,Approved,0,Online
TXN052678,C050,CRD0079,Incredible Connect,2026-01-27,10993.83,Withdrawal,Approved,0,ATM
TXN052679,C304,CRD0445,Google Play,2026-03-25,26.04,Refund,Approved,0,Online
TXN052680,C477,CRD0725,Clicks,2026-04-04,445.92,Purchase,Approved,0,POS
TXN052681,C462,CRD0703,Faithful to Nature,2025-12-07,2940.52,Purchase,Declined,0,Online
TXN052682,C303,CRD0444,Faithful to Nature,2026-04-20,207.61,Purchase,Approved,0,Online
TXN052683,C446,CRD0679,Steers,2026-03-09,207.44,Purchase,Approved,0,Online
TXN052684,C178,CRD0262,Incredible Connect,2026-01-06,3307.33,Withdrawal,Approved,0,ATM
TXN052685,C027,CRD0045,Pick n Pay,2025-12-16,2090.34,Purchase,Approved,0,Online
TXN052686,C326,CRD0484,KFC,2026-03-16,54.45,Purchase,Approved,0,ATM
TXN052687,C218,CRD0320,Google Play,2026-04-25,272.78,Payment,Approved,0,Online
TXN052688,C322,CRD0477,Steers,2026-03-19,205.3,Purchase,Approved,1,Online
TXN052689,C207,CRD0304,Clicks,2025-12-26,70.26,Purchase,Approved,0,POS
TXN052690,C247,CRD0357,Loot.co.za,2026-01-10,595.12,Purchase,Declined,0,Online
TXN052691,C091,CRD0141,Uber Eats,2026-04-25,83.42,Purchase,Approved,0,Online
TXN052692,C217,CRD0318,Woolworths,2026-05-16,243.06,Refund,Approved,0,POS
TXN052693,C478,CRD0726,Mugg and Bean,2026-03-03,107.26,Purchase,Approved,0,POS
TXN052694,C337,CRD0504,Checkers,2026-02-28,470.14,Purchase,Approved,0,Online
TXN052695,C011,CRD0018,KFC,2026-04-28,174.14,Withdrawal,Declined,0,ATM
TXN052696,C410,CRD0622,Dis-Chem,2026-02-28,654.96,Purchase,Approved,0,POS
TXN052697,C392,CRD0591,Uber Eats,2025-12-27,189.1,Purchase,Approved,0,Online
TXN052698,C493,CRD0743,Europcar,2026-01-25,911.92,Purchase,Approved,0,POS
TXN052699,C460,CRD0701,Ster-Kinekor,2026-01-25,194.86,Purchase,Approved,0,Online
TXN052700,C432,CRD0657,Clicks,2026-02-07,70.36,Withdrawal,Approved,0,ATM
TXN052701,C091,CRD0141,Edgars,2026-04-27,640.49,Purchase,Approved,0,ATM
TXN052702,C279,CRD0404,DStv,2026-03-14,426.66,Purchase,Approved,0,ATM
TXN052703,C129,CRD0193,Checkers,2026-04-03,273.62,Withdrawal,Declined,0,ATM
TXN052704,C405,CRD0613,Google Play,2026-05-25,49.94,Payment,Approved,0,Online
TXN052705,C255,CRD0368,Clicks,2026-02-25,212.85,Purchase,Approved,0,POS
TXN052706,C171,CRD0253,Steers,2025-12-15,118.23,Purchase,Approved,0,POS
TXN052707,C410,CRD0622,ShowMax,2025-12-16,110.6,Purchase,Approved,0,Online
TXN052708,C271,CRD0393,Apple iTunes,2026-03-22,651.87,Purchase,Approved,1,Online
TXN052709,C193,CRD0283,Steers,2026-01-06,108.28,Purchase,Approved,0,POS
TXN052710,C088,CRD0133,Europcar,2026-02-25,1438.67,Purchase,Approved,0,Online
TXN052711,C521,CRD0775,Google Play,2026-01-27,167.28,Withdrawal,Declined,0,Online
TXN052712,C304,CRD0446,Clicks,2026-03-06,451.95,Purchase,Approved,0,POS
TXN052713,C074,CRD0116,DStv,2026-03-25,1195.71,Payment,Approved,1,Online
TXN052714,C048,CRD0075,McDonalds,2026-05-08,141.07,Purchase,Approved,0,POS
TXN052715,C480,CRD0728,Pep,2026-01-21,214.49,Purchase,Approved,0,ATM
TXN052716,C065,CRD0100,Sportsmans Whouse,2026-05-26,726.72,Withdrawal,Declined,0,ATM
TXN052717,C088,CRD0133,Checkers,2026-05-28,750.32,Refund,Approved,1,POS
TXN052718,C382,CRD0576,Google Play,2025-11-29,157.46,Purchase,Approved,0,Online
TXN052719,C138,CRD0209,Edgars,2026-05-08,142.56,Refund,Approved,0,Online
TXN052720,C456,CRD0696,Clicks,2026-05-25,276.3,Withdrawal,Declined,0,ATM
TXN052721,C408,CRD0619,ShowMax,2025-11-28,114.02,Purchase,Approved,0,Online
TXN052722,C424,CRD0643,Nandos,2026-04-22,22.77,Refund,Approved,0,ATM
TXN052723,C262,CRD0380,Pep,2026-04-25,341.61,Withdrawal,Approved,0,ATM
TXN052724,C492,CRD0742,KFC,2025-12-26,125.62,Purchase,Approved,0,Online
TXN052725,C440,CRD0671,Clicks,2026-04-27,42.22,Purchase,Approved,0,Online
TXN052726,C406,CRD0615,Google Play,2026-04-25,146.83,Purchase,Approved,0,Online
TXN052727,C265,CRD0383,Debonairs,2026-04-28,193.23,Purchase,Approved,0,ATM
TXN052728,C076,CRD0119,Spotify,2026-02-10,54.86,Purchase,Approved,0,Online
TXN052729,C149,CRD0225,Loot.co.za,2026-04-27,1614.97,Purchase,Approved,0,Online
TXN052730,C418,CRD0635,Vida e Caffe,2026-01-13,46.79,Purchase,Approved,0,ATM
TXN052731,C419,CRD0636,Ster-Kinekor,2026-01-24,165.74,Purchase,Approved,0,ATM
TXN052732,C451,CRD0685,Steers,2026-03-27,144.24,Purchase,Approved,0,Online
TXN052733,C292,CRD0428,Wimpy,2026-03-04,123.94,Purchase,Approved,0,Online
TXN052734,C166,CRD0246,Clicks,2026-05-09,648.91,Purchase,Approved,1,POS
TXN052735,C066,CRD0102,Clicks,2026-02-28,639.96,Purchase,Declined,0,ATM
TXN052736,C453,CRD0692,Samsung Store,2026-02-07,1499.59,Purchase,Approved,0,POS
TXN052737,C088,CRD0134,Pep,2025-12-28,371.58,Purchase,Approved,0,POS
TXN052738,C155,CRD0233,Vida e Caffe,2026-02-20,28.19,Refund,Declined,0,ATM
TXN052739,C208,CRD0306,Debonairs,2026-02-13,153.6,Purchase,Approved,0,ATM
TXN052740,C332,CRD0495,Google Play,2025-12-28,159.7,Payment,Approved,0,Online
TXN052741,C067,CRD0103,Google Play,2026-05-08,82.1,Purchase,Declined,0,Online
TXN052742,C298,CRD0437,Steers,2026-03-31,154.32,Purchase,Approved,0,Online
TXN052743,C325,CRD0483,Woolworths,2026-03-15,3035.43,Purchase,Declined,0,Online
TXN052744,C233,CRD0339,Mr Price,2025-11-22,322.45,Withdrawal,Approved,0,ATM
TXN052745,C082,CRD0125,Vida e Caffe,2026-01-25,116.46,Purchase,Approved,0,Online
TXN052746,C449,CRD0682,Mr Price,2026-04-01,337.62,Purchase,Approved,0,POS
TXN052747,C405,CRD0611,Shell,2026-02-25,544.59,Purchase,Pending,0,POS
TXN052748,C335,CRD0501,Google Play,2025-12-08,145.57,Purchase,Approved,0,Online
TXN052749,C258,CRD0373,BP,2026-05-28,419.88,Purchase,Approved,0,ATM
TXN052750,C507,CRD0761,McDonalds,2026-04-14,109.61,Withdrawal,Approved,0,ATM
TXN052751,C432,CRD0657,Dis-Chem,2026-04-20,622.62,Purchase,Declined,0,Online
TXN052752,C365,CRD0547,Loot.co.za,2025-11-30,2076.32,Withdrawal,Approved,0,Online
TXN052753,C267,CRD0388,Mr Price,2026-02-20,913.23,Purchase,Declined,0,POS
TXN052754,C169,CRD0250,Sportsmans Whouse,2026-05-01,263.13,Purchase,Approved,0,ATM
TXN052755,C168,CRD0249,Engen,2026-01-19,1135.9,Purchase,Approved,0,ATM
TXN052756,C090,CRD0139,Edgars,2026-04-25,720.05,Purchase,Approved,0,Online
TXN052757,C112,CRD0170,Chicken Licken,2025-12-03,82.77,Withdrawal,Approved,0,ATM
TXN052758,C472,CRD0718,McDonalds,2026-02-25,104.05,Withdrawal,Approved,0,ATM
TXN052759,C425,CRD0644,Spur,2026-02-12,203.49,Purchase,Approved,0,ATM
TXN052760,C107,CRD0163,Cape Union Mart,2026-02-22,1876.76,Purchase,Approved,0,Online
TXN052761,C413,CRD0625,Takealot,2026-03-09,1244.35,Purchase,Approved,0,Online
TXN052762,C132,CRD0199,Truworths,2026-03-20,1030.75,Purchase,Approved,0,POS
TXN052763,C102,CRD0157,Pep,2025-11-24,38.24,Withdrawal,Approved,0,ATM
TXN052764,C466,CRD0709,Mr Price,2025-12-13,1239.13,Purchase,Approved,0,Online
TXN052765,C287,CRD0418,Nu Metro,2026-01-31,248.81,Purchase,Approved,0,POS
TXN052766,C209,CRD0307,Google Play,2026-04-26,200.34,Purchase,Approved,0,Online
TXN052767,C287,CRD0417,Debonairs,2026-03-28,203.01,Withdrawal,Approved,0,ATM
TXN052768,C362,CRD0541,Loot.co.za,2026-03-28,1125.76,Withdrawal,Approved,0,Online
TXN052769,C191,CRD0280,Clicks,2025-11-26,427.05,Purchase,Approved,0,POS
TXN052770,C081,CRD0124,Wimpy,2026-03-24,155.89,Purchase,Approved,0,Online
TXN052771,C089,CRD0135,Takealot,2026-02-11,1568.57,Purchase,Approved,0,Online
TXN052772,C421,CRD0640,Pep,2025-11-27,90.73,Purchase,Approved,0,Online
TXN052773,C322,CRD0478,Zando,2025-12-05,175.12,Purchase,Approved,0,Online
TXN052774,C522,CRD0776,Wimpy,2026-02-11,140.63,Purchase,Approved,0,POS
TXN052775,C348,CRD0520,Vida e Caffe,2025-12-02,37.56,Purchase,Declined,0,POS
TXN052776,C182,CRD0267,Google Play,2026-03-25,55.55,Payment,Declined,0,Online
TXN052777,C027,CRD0045,McDonalds,2026-02-27,69.06,Withdrawal,Approved,0,ATM
TXN052778,C320,CRD0473,Vida e Caffe,2026-03-23,129.08,Payment,Approved,0,Online
TXN052779,C431,CRD0656,Romans Pizza,2025-11-26,172.83,Purchase,Approved,0,ATM
TXN052780,C262,CRD0380,Bash.com,2026-04-30,1944.19,Purchase,Approved,0,Online
TXN052781,C205,CRD0300,Chicken Licken,2026-02-15,158.16,Purchase,Approved,0,Online
TXN052782,C416,CRD0631,Google Play,2026-04-26,105.13,Withdrawal,Approved,0,Online
TXN052783,C367,CRD0552,Totalsports,2026-03-10,533.48,Purchase,Approved,0,POS
TXN052784,C460,CRD0700,Romans Pizza,2025-12-02,485.12,Payment,Approved,1,Online
TXN052785,C186,CRD0273,KFC,2025-12-21,122.47,Purchase,Approved,0,ATM
TXN052786,C052,CRD0081,Google Play,2025-12-05,72.41,Withdrawal,Approved,0,Online
TXN052787,C488,CRD0736,Apple iTunes,2026-03-30,20.11,Refund,Approved,0,Online
TXN052788,C075,CRD0117,Ster-Kinekor,2025-12-01,41.06,Refund,Approved,0,POS
TXN052789,C023,CRD0038,Pep,2026-05-06,144.84,Purchase,Declined,0,POS
TXN052790,C178,CRD0261,Bash.com,2026-02-07,563.59,Purchase,Approved,0,Online
TXN052791,C142,CRD0214,Romans Pizza,2026-04-18,199.54,Purchase,Approved,0,Online
TXN052792,C339,CRD0508,Clicks,2026-05-04,656.89,Purchase,Approved,0,POS
TXN052793,C505,CRD0759,Pick n Pay,2026-03-06,888.17,Withdrawal,Approved,0,ATM
TXN052794,C088,CRD0133,Pep,2026-04-27,163.58,Purchase,Approved,0,Online
TXN052795,C343,CRD0514,Apple iTunes,2026-03-26,379.92,Purchase,Approved,0,Online
TXN052796,C315,CRD0465,Takealot,2026-03-27,474.64,Purchase,Approved,0,Online
TXN052797,C054,CRD0083,Pep,2026-01-07,312.77,Purchase,Declined,0,Online
TXN052798,C389,CRD0587,Nandos,2026-02-28,76.38,Withdrawal,Approved,0,ATM
TXN052799,C451,CRD0687,Loot.co.za,2026-04-12,1647.12,Purchase,Approved,0,Online
TXN052800,C498,CRD0752,Samsung Store,2026-01-28,13342.04,Purchase,Approved,0,POS
TXN052801,C190,CRD0279,Engen,2026-05-27,295.06,Payment,Approved,0,Online
TXN052802,C016,CRD0023,Mugg and Bean,2026-04-05,367.07,Purchase,Approved,0,Online
TXN052803,C379,CRD0571,Zando,2026-02-28,2282.65,Purchase,Declined,0,Online
TXN052804,C020,CRD0032,Steers,2026-01-26,149.1,Purchase,Approved,0,POS
TXN052805,C388,CRD0586,Ster-Kinekor,2026-01-02,89.17,Purchase,Approved,0,POS
TXN052806,C306,CRD0448,Cape Union Mart,2026-01-27,1767.73,Purchase,Approved,0,POS
TXN052807,C386,CRD0584,Woolworths,2026-03-25,599.82,Refund,Declined,0,Online
TXN052808,C409,CRD0620,Montecasino,2025-12-18,1371.88,Purchase,Approved,0,Online
TXN052809,C476,CRD0724,Chicken Licken,2026-02-20,139.16,Purchase,Approved,0,ATM
TXN052810,C346,CRD0517,KFC,2025-12-25,65.49,Purchase,Declined,0,POS
TXN052811,C025,CRD0042,Dis-Chem,2026-04-16,943.83,Withdrawal,Approved,0,ATM
TXN052812,C206,CRD0302,Pep,2026-04-26,411.31,Purchase,Approved,0,POS
TXN052813,C029,CRD0049,Takealot,2026-01-10,2352.14,Purchase,Approved,0,Online
TXN052814,C426,CRD0649,Loot.co.za,2025-12-03,790.4,Purchase,Approved,0,Online
TXN052815,C432,CRD0658,Pep,2025-11-24,210.35,Purchase,Declined,0,ATM
TXN052816,C189,CRD0277,Romans Pizza,2026-05-14,182.18,Purchase,Approved,0,POS
TXN052817,C531,CRD0785,Google Play,2026-02-26,159.43,Withdrawal,Approved,0,Online
TXN052818,C470,CRD0715,Nu Metro,2026-04-01,205.37,Purchase,Pending,0,POS
TXN052819,C275,CRD0399,Nu Metro,2026-04-12,66.38,Purchase,Approved,0,Online
TXN052820,C039,CRD0062,Chicken Licken,2026-01-06,81.52,Purchase,Approved,0,POS
TXN052821,C020,CRD0033,Clicks,2026-02-20,144.75,Refund,Approved,0,Online
TXN052822,C229,CRD0334,Pep,2025-12-14,161.74,Withdrawal,Approved,0,ATM
TXN052823,C016,CRD0023,Apple iTunes,2025-12-28,348.15,Withdrawal,Approved,0,Online
TXN052824,C449,CRD0682,Builders Warehouse,2026-02-17,2011.95,Purchase,Approved,0,POS
TXN052825,C070,CRD0110,Mugg and Bean,2026-05-16,176.95,Purchase,Approved,0,ATM
TXN052826,C199,CRD0293,Dis-Chem,2026-02-03,1004.52,Purchase,Approved,0,POS
TXN052827,C281,CRD0408,Pick n Pay,2026-01-21,1778.75,Withdrawal,Approved,0,ATM
TXN052828,C538,CRD0792,Montecasino,2026-05-05,377.36,Purchase,Approved,0,POS
TXN052829,C382,CRD0576,Debonairs,2026-01-15,169.62,Payment,Approved,0,Online
TXN052830,C097,CRD0150,McDonalds,2026-02-11,84.89,Purchase,Approved,0,POS
TXN052831,C134,CRD0202,Chicken Licken,2026-02-23,205.59,Withdrawal,Declined,0,ATM
TXN052832,C408,CRD0619,Google Play,2026-01-27,51.93,Refund,Approved,0,Online
TXN052833,C292,CRD0428,Mugg and Bean,2026-04-24,228.31,Purchase,Approved,0,Online
TXN052834,C167,CRD0248,Woolworths,2026-05-13,1045.65,Purchase,Approved,0,POS
TXN052835,C147,CRD0222,KFC,2026-02-26,118.82,Payment,Approved,0,Online
TXN052836,C371,CRD0558,Loot.co.za,2025-11-30,2339.57,Purchase,Approved,0,Online
TXN052837,C240,CRD0348,Loot.co.za,2026-03-29,702.2,Purchase,Approved,0,Online
TXN052838,C108,CRD0165,McDonalds,2026-01-20,67.31,Purchase,Approved,0,POS
TXN052839,C252,CRD0364,Steers,2025-11-22,187.32,Purchase,Approved,0,Online
TXN052840,C086,CRD0131,Amazon.co.za,2026-01-28,1379.98,Purchase,Approved,0,Online
TXN052841,C289,CRD0421,Ocean Basket,2026-02-19,170.56,Withdrawal,Approved,0,ATM
TXN052842,C058,CRD0090,Bash.com,2025-12-30,2716.48,Purchase,Approved,0,Online
TXN052843,C047,CRD0072,iStore,2026-01-27,20583.16,Payment,Approved,0,Online
TXN052844,C071,CRD0111,Google Play,2025-12-03,96.77,Purchase,Declined,0,Online
TXN052845,C335,CRD0501,Cape Union Mart,2026-05-25,292.1,Purchase,Approved,0,Online
TXN052846,C453,CRD0692,Chicken Licken,2026-02-25,55.48,Purchase,Approved,0,POS
TXN052847,C285,CRD0414,ShowMax,2026-01-07,24.05,Refund,Pending,0,Online
TXN052848,C351,CRD0527,Chicken Licken,2025-12-19,34.03,Refund,Approved,0,POS
TXN052849,C422,CRD0641,Loot.co.za,2025-12-25,2028.2,Purchase,Approved,0,Online
TXN052850,C218,CRD0320,Debonairs,2026-03-04,298.63,Purchase,Approved,0,Online
TXN052851,C033,CRD0054,Vida e Caffe,2026-02-15,53.18,Purchase,Declined,0,ATM
TXN052852,C279,CRD0404,KFC,2026-04-07,40.23,Purchase,Declined,0,Online
TXN052853,C217,CRD0317,Debonairs,2026-03-17,179.74,Purchase,Approved,0,POS
TXN052854,C449,CRD0682,Steers,2026-05-18,46.31,Purchase,Approved,0,Online
TXN052855,C290,CRD0423,Engen,2026-01-28,673.16,Refund,Approved,1,Online
TXN052856,C061,CRD0094,McDonalds,2026-03-28,47.69,Purchase,Approved,0,POS
TXN052857,C252,CRD0365,Pick n Pay,2026-02-24,1967.7,Purchase,Approved,0,POS
TXN052858,C049,CRD0078,Cape Union Mart,2026-02-10,1912.66,Purchase,Approved,0,POS
TXN052859,C449,CRD0682,TicketPro,2026-03-27,242.45,Purchase,Approved,0,POS
TXN052860,C279,CRD0405,Debonairs,2026-04-28,76.15,Payment,Declined,0,Online
TXN052861,C049,CRD0076,Chicken Licken,2025-11-26,108.44,Purchase,Approved,0,Online
TXN052862,C505,CRD0759,Nu Metro,2026-05-07,77.0,Purchase,Approved,0,ATM
TXN052863,C090,CRD0139,Engen,2025-11-27,684.36,Purchase,Approved,0,POS
TXN052864,C128,CRD0192,Edgars,2025-11-28,1048.96,Purchase,Approved,0,POS
TXN052865,C007,CRD0011,Europcar,2026-02-28,705.27,Purchase,Approved,0,POS
TXN052866,C049,CRD0077,Romans Pizza,2025-12-28,121.78,Purchase,Approved,0,POS
TXN052867,C003,CRD0003,Debonairs,2026-03-01,76.7,Payment,Pending,0,Online
TXN052868,C382,CRD0576,Clicks,2026-04-29,441.27,Purchase,Approved,0,POS
TXN052869,C314,CRD0464,Romans Pizza,2025-12-26,71.36,Purchase,Approved,0,POS
TXN052870,C296,CRD0433,Spotify,2025-12-30,46.9,Purchase,Approved,0,Online
TXN052871,C095,CRD0146,Vida e Caffe,2026-04-18,99.88,Payment,Declined,0,Online
TXN052872,C426,CRD0647,Woolworths,2026-02-07,1746.35,Payment,Approved,0,Online
TXN052873,C032,CRD0053,Nandos,2025-12-25,307.04,Payment,Approved,0,Online
TXN052874,C053,CRD0082,Pep,2025-12-25,319.15,Purchase,Approved,0,Online
TXN052875,C063,CRD0096,Mugg and Bean,2025-12-03,103.49,Purchase,Approved,0,Online
TXN052876,C462,CRD0703,KFC,2026-01-07,109.37,Purchase,Approved,0,Online
TXN052877,C178,CRD0261,Wimpy,2026-03-28,16.47,Refund,Approved,0,ATM
TXN052878,C377,CRD0569,Checkers,2026-01-01,733.04,Purchase,Approved,0,Online
TXN052879,C155,CRD0233,Google Play,2026-03-03,224.73,Purchase,Approved,0,Online
TXN052880,C521,CRD0775,Wimpy,2026-01-13,147.75,Purchase,Approved,0,POS
TXN052881,C496,CRD0748,Faithful to Nature,2026-02-09,1222.52,Purchase,Approved,0,Online
TXN052882,C207,CRD0304,Apple iTunes,2026-02-13,127.48,Purchase,Declined,0,Online
TXN052883,C413,CRD0625,ShowMax,2026-01-26,23.83,Refund,Approved,0,Online
TXN052884,C335,CRD0501,Spotify,2026-05-08,69.77,Withdrawal,Approved,0,Online
TXN052885,C347,CRD0519,Woolworths,2026-03-16,618.31,Purchase,Approved,0,POS
TXN052886,C280,CRD0407,City Lodge,2025-11-28,967.02,Purchase,Approved,0,POS
TXN052887,C112,CRD0172,Dis-Chem,2026-03-30,391.79,Purchase,Approved,0,POS
TXN052888,C498,CRD0751,Chicken Licken,2026-03-15,167.28,Purchase,Approved,0,Online
TXN052889,C129,CRD0193,Apple iTunes,2025-12-12,193.12,Purchase,Declined,0,Online
TXN052890,C310,CRD0455,DStv,2025-12-30,449.2,Payment,Approved,0,Online
TXN052891,C314,CRD0464,Ocean Basket,2026-04-18,597.32,Withdrawal,Approved,0,ATM
TXN052892,C222,CRD0325,Zando,2025-12-01,1344.23,Purchase,Approved,0,Online
TXN052893,C308,CRD0452,Gold Reef City,2026-04-05,261.24,Purchase,Approved,0,POS
TXN052894,C385,CRD0581,Debonairs,2025-12-08,203.39,Purchase,Approved,0,POS
TXN052895,C448,CRD0681,Apple iTunes,2026-03-06,232.7,Withdrawal,Approved,0,Online
TXN052896,C023,CRD0039,Vida e Caffe,2026-05-06,84.78,Purchase,Approved,0,Online
TXN052897,C093,CRD0144,Ster-Kinekor,2026-02-25,79.5,Purchase,Pending,0,Online
TXN052898,C448,CRD0681,Uber Eats,2025-12-24,136.93,Purchase,Approved,0,Online
TXN052899,C112,CRD0171,Ster-Kinekor,2025-12-20,238.02,Purchase,Approved,0,Online
TXN052900,C217,CRD0318,Engen,2026-05-02,1137.77,Purchase,Approved,0,POS
TXN052901,C508,CRD0762,Chicken Licken,2026-03-21,88.45,Withdrawal,Approved,0,ATM
TXN052902,C297,CRD0435,Pep,2026-01-29,408.41,Purchase,Declined,0,POS
TXN052903,C047,CRD0072,Google Play,2026-05-15,255.56,Purchase,Approved,1,Online
TXN052904,C412,CRD0624,Pep,2026-01-20,54.8,Withdrawal,Approved,0,ATM
TXN052905,C144,CRD0217,Mr Price,2026-01-27,1163.32,Purchase,Approved,0,Online
TXN052906,C501,CRD0755,Dis-Chem,2026-03-27,322.47,Purchase,Approved,0,POS
TXN052907,C032,CRD0052,Nandos,2026-04-28,157.92,Payment,Approved,0,Online
TXN052908,C172,CRD0254,Faithful to Nature,2025-12-26,806.44,Purchase,Approved,0,Online
TXN052909,C089,CRD0135,Sportsmans Whouse,2025-12-25,1927.44,Purchase,Approved,0,Online
TXN052910,C543,CRD0797,Ster-Kinekor,2026-04-22,73.49,Purchase,Approved,0,POS
TXN052911,C017,CRD0025,Pep,2026-02-14,462.61,Purchase,Approved,0,Online
TXN052912,C137,CRD0207,Truworths,2026-01-25,117.41,Refund,Approved,0,POS
TXN052913,C062,CRD0095,Spotify,2026-05-02,50.81,Payment,Approved,0,Online
TXN052914,C399,CRD0601,Takealot,2025-12-15,2187.05,Purchase,Approved,0,Online
TXN052915,C315,CRD0466,Mr Price,2025-11-21,258.27,Withdrawal,Approved,0,ATM
TXN052916,C416,CRD0631,Steers,2026-03-01,110.95,Purchase,Approved,0,Online
TXN052917,C400,CRD0604,Builders Warehouse,2026-02-27,5407.0,Purchase,Approved,0,POS
TXN052918,C151,CRD0228,Vida e Caffe,2026-04-03,174.89,Purchase,Approved,0,Online
TXN052919,C283,CRD0412,McDonalds,2025-12-12,122.28,Withdrawal,Approved,0,ATM
TXN052920,C330,CRD0491,Faithful to Nature,2026-03-13,201.13,Refund,Approved,0,Online
TXN052921,C458,CRD0698,Romans Pizza,2026-04-18,157.32,Purchase,Approved,0,POS
TXN052922,C163,CRD0242,Clicks,2026-02-25,68.18,Purchase,Approved,0,Online
TXN052923,C018,CRD0028,Amazon.co.za,2026-03-19,1225.72,Purchase,Approved,0,Online
TXN052924,C279,CRD0406,Truworths,2026-01-25,353.97,Payment,Approved,0,Online
TXN052925,C403,CRD0607,Google Play,2026-04-13,64.94,Purchase,Approved,0,Online
TXN052926,C479,CRD0727,Amazon.co.za,2026-03-27,430.64,Refund,Approved,0,Online
TXN052927,C305,CRD0447,Apple iTunes,2026-01-23,64.62,Withdrawal,Approved,0,Online
TXN052928,C455,CRD0695,Vida e Caffe,2026-01-25,92.75,Payment,Approved,0,Online
TXN052929,C544,CRD0798,Truworths,2026-02-22,1354.39,Purchase,Approved,0,Online
TXN052930,C142,CRD0214,Checkers,2026-02-21,1006.8,Purchase,Approved,0,Online
TXN052931,C158,CRD0236,Netflix,2026-02-18,138.99,Purchase,Approved,0,Online
TXN052932,C521,CRD0775,Spur,2025-11-23,353.93,Withdrawal,Approved,0,ATM
TXN052933,C252,CRD0364,Clicks,2026-03-14,259.91,Purchase,Approved,0,POS
TXN052934,C182,CRD0267,Checkers,2026-05-16,942.19,Purchase,Approved,0,POS
TXN052935,C493,CRD0744,Superbalist,2026-02-06,1743.0,Purchase,Pending,0,Online
TXN052936,C061,CRD0094,Clicks,2026-03-08,144.19,Withdrawal,Approved,0,ATM
TXN052937,C306,CRD0449,Uber Eats,2026-02-12,306.78,Purchase,Approved,0,Online
TXN052938,C471,CRD0716,Mr Price,2026-03-01,85.8,Withdrawal,Approved,0,ATM
TXN052939,C467,CRD0711,Pep,2025-12-07,266.95,Purchase,Approved,0,POS
TXN052940,C436,CRD0663,KFC,2025-11-30,245.6,Purchase,Approved,1,POS
TXN052941,C486,CRD0734,Chicken Licken,2026-04-23,117.04,Purchase,Approved,0,POS
TXN052942,C284,CRD0413,Spotify,2025-12-23,65.92,Purchase,Approved,0,Online
TXN052943,C381,CRD0574,Truworths,2026-01-08,875.89,Purchase,Approved,0,ATM
TXN052944,C110,CRD0167,Vida e Caffe,2025-12-28,68.67,Purchase,Declined,0,POS
TXN052945,C316,CRD0467,Mugg and Bean,2026-01-12,22.87,Refund,Approved,0,POS
TXN052946,C538,CRD0792,KFC,2026-03-26,141.81,Purchase,Approved,0,POS
TXN052947,C498,CRD0751,Debonairs,2026-01-20,153.96,Purchase,Approved,0,POS
TXN052948,C310,CRD0455,KFC,2026-02-23,86.36,Purchase,Approved,0,POS
TXN052949,C023,CRD0038,Google Play,2025-12-12,223.99,Payment,Declined,0,Online
TXN052950,C128,CRD0192,Pep,2026-01-27,270.53,Purchase,Approved,0,Online
TXN052951,C474,CRD0720,FlySafair,2026-05-17,275.2,Refund,Approved,0,POS
TXN052952,C200,CRD0295,KFC,2026-04-21,37.16,Purchase,Declined,0,Online
TXN052953,C129,CRD0194,Chicken Licken,2026-03-21,105.64,Purchase,Declined,0,ATM
TXN052954,C334,CRD0498,Google Play,2026-02-27,40.09,Withdrawal,Approved,0,Online
TXN052955,C512,CRD0766,Apple iTunes,2026-01-19,279.05,Purchase,Approved,0,Online
TXN052956,C192,CRD0282,Cape Union Mart,2026-02-25,1064.01,Purchase,Approved,0,POS
TXN052957,C430,CRD0655,Apple iTunes,2026-03-25,169.7,Purchase,Approved,0,Online
TXN052958,C148,CRD0223,Nandos,2026-01-28,344.25,Withdrawal,Approved,1,ATM
TXN052959,C284,CRD0413,Romans Pizza,2025-11-22,36.88,Refund,Approved,0,POS
TXN052960,C058,CRD0091,Clicks,2025-11-26,222.84,Purchase,Approved,0,POS
TXN052961,C132,CRD0199,Zando,2026-04-16,1995.93,Withdrawal,Approved,0,Online
TXN052962,C108,CRD0165,KFC,2026-02-05,56.34,Purchase,Approved,0,POS
TXN052963,C119,CRD0180,Takealot,2026-05-03,1851.58,Purchase,Pending,0,Online
TXN052964,C121,CRD0184,Ster-Kinekor,2025-12-21,151.73,Purchase,Approved,0,POS
TXN052965,C169,CRD0250,Nu Metro,2026-05-17,147.99,Withdrawal,Approved,0,ATM
TXN052966,C370,CRD0556,Google Play,2026-05-16,402.68,Purchase,Pending,1,Online
TXN052967,C385,CRD0583,Cape Union Mart,2025-12-28,443.61,Purchase,Approved,0,POS
TXN052968,C072,CRD0113,Takealot,2026-04-18,2724.68,Purchase,Approved,0,Online
TXN052969,C007,CRD0010,Checkers,2026-01-19,272.6,Purchase,Approved,0,POS
TXN052970,C268,CRD0389,Mr Price,2026-04-25,1061.86,Payment,Approved,0,Online
TXN052971,C011,CRD0017,TicketPro,2026-01-17,413.51,Purchase,Approved,0,POS
TXN052972,C418,CRD0634,Checkers,2025-11-28,1717.35,Payment,Approved,0,Online
TXN052973,C413,CRD0625,Steers,2026-05-26,124.17,Purchase,Approved,0,Online
TXN052974,C075,CRD0117,Pep,2026-01-29,476.77,Purchase,Approved,0,POS
TXN052975,C318,CRD0469,Steers,2025-12-25,142.11,Purchase,Approved,0,POS
TXN052976,C070,CRD0109,Pep,2026-02-03,433.01,Withdrawal,Approved,0,ATM
TXN052977,C480,CRD0728,McDonalds,2025-12-29,64.82,Purchase,Approved,0,Online
TXN052978,C418,CRD0635,Faithful to Nature,2026-01-08,1145.53,Purchase,Approved,0,Online
TXN052979,C066,CRD0102,Google Play,2026-01-22,190.58,Purchase,Approved,0,Online
TXN052980,C365,CRD0546,Google Play,2026-04-26,30.78,Purchase,Approved,0,Online
TXN052981,C023,CRD0039,Faithful to Nature,2026-03-27,300.51,Purchase,Pending,0,Online
TXN052982,C311,CRD0457,Checkers,2026-02-26,289.72,Purchase,Pending,0,POS
TXN052983,C382,CRD0576,Romans Pizza,2026-01-22,60.1,Refund,Approved,0,POS
TXN052984,C182,CRD0267,Pep,2026-01-30,209.72,Purchase,Approved,0,POS
TXN052985,C455,CRD0695,Mugg and Bean,2026-05-27,397.98,Purchase,Approved,0,POS
TXN052986,C201,CRD0296,Ster-Kinekor,2026-01-22,190.92,Purchase,Approved,0,POS
TXN052987,C206,CRD0303,Faithful to Nature,2025-12-27,745.87,Purchase,Approved,0,Online
TXN052988,C174,CRD0257,Spotify,2025-12-19,55.14,Purchase,Approved,0,Online
TXN052989,C076,CRD0119,Apple iTunes,2025-11-24,144.72,Purchase,Approved,0,Online
TXN052990,C548,CRD0802,Nu Metro,2026-01-27,161.56,Purchase,Approved,0,POS
TXN052991,C465,CRD0708,Dis-Chem,2026-04-18,841.84,Purchase,Declined,0,POS
TXN052992,C334,CRD0500,Superbalist,2025-11-27,627.65,Purchase,Declined,0,Online
TXN052993,C231,CRD0337,Pep,2026-03-05,580.08,Purchase,Declined,0,POS
TXN052994,C339,CRD0509,Dis-Chem,2026-04-01,961.93,Purchase,Approved,0,Online
TXN052995,C401,CRD0605,Ocean Basket,2026-03-15,336.4,Purchase,Approved,0,POS
TXN052996,C168,CRD0249,Dis-Chem,2025-11-27,481.05,Purchase,Approved,0,POS
TXN052997,C330,CRD0492,Pick n Pay,2026-03-02,440.76,Purchase,Approved,0,POS
TXN052998,C110,CRD0168,Chicken Licken,2026-03-24,128.15,Purchase,Approved,0,POS
TXN052999,C082,CRD0126,Wimpy,2026-03-20,29.09,Refund,Approved,0,POS
TXN053000,C327,CRD0486,Foschini,2026-02-17,1736.46,Purchase,Approved,0,POS
TXN053001,C353,CRD0530,Mr Price,2026-05-06,722.8,Purchase,Declined,0,ATM
TXN053002,C115,CRD0176,Debonairs,2025-12-18,186.2,Purchase,Approved,0,POS
TXN053003,C338,CRD0506,Mr Price,2026-05-02,958.61,Purchase,Approved,0,POS
TXN053004,C257,CRD0370,Mr Price,2026-03-01,773.12,Purchase,Approved,0,POS
TXN053005,C105,CRD0161,KFC,2026-05-14,99.34,Purchase,Approved,0,Online
TXN053006,C403,CRD0607,KFC,2026-02-28,82.86,Withdrawal,Approved,0,ATM
TXN053007,C220,CRD0323,iStore,2026-01-30,3445.54,Withdrawal,Declined,0,ATM
TXN053008,C344,CRD0515,Google Play,2025-12-27,57.72,Purchase,Approved,0,Online
TXN053009,C049,CRD0076,Chicken Licken,2026-02-03,41.94,Purchase,Pending,0,POS
TXN053010,C524,CRD0778,KFC,2026-03-01,99.84,Payment,Approved,0,Online
TXN053011,C259,CRD0374,Shell,2026-05-14,418.3,Purchase,Pending,0,POS
TXN053012,C083,CRD0127,Vida e Caffe,2025-12-24,46.12,Purchase,Approved,0,POS
TXN053013,C254,CRD0367,Apple iTunes,2025-12-26,257.94,Withdrawal,Approved,0,Online
TXN053014,C519,CRD0773,Shell,2026-03-28,211.87,Withdrawal,Approved,0,ATM
TXN053015,C346,CRD0517,Mr Price,2026-03-12,476.51,Purchase,Approved,0,Online
TXN053016,C051,CRD0080,Game,2026-02-27,2760.55,Purchase,Declined,0,ATM
TXN053017,C408,CRD0619,Shell,2026-05-11,1358.21,Purchase,Approved,0,Online
TXN053018,C395,CRD0595,Mr Price,2026-05-11,716.4,Purchase,Approved,0,POS
TXN053019,C344,CRD0515,Google Play,2026-04-11,386.98,Withdrawal,Approved,1,Online
TXN053020,C257,CRD0370,Edgars,2026-02-14,1336.74,Purchase,Declined,0,Online
TXN053021,C501,CRD0755,Loot.co.za,2025-12-30,765.06,Purchase,Approved,0,Online
TXN053022,C209,CRD0307,Chicken Licken,2025-11-28,72.6,Purchase,Approved,0,POS
TXN053023,C051,CRD0080,Google Play,2026-03-27,70.64,Purchase,Approved,0,Online
TXN053024,C064,CRD0098,Google Play,2026-02-10,25.84,Refund,Approved,0,Online
TXN053025,C417,CRD0633,Wimpy,2026-05-16,114.78,Withdrawal,Approved,0,ATM
TXN053026,C464,CRD0706,SAA,2026-01-14,2683.91,Purchase,Approved,0,POS
TXN053027,C178,CRD0262,Nandos,2026-04-25,128.3,Purchase,Approved,0,ATM
TXN053028,C432,CRD0658,KFC,2025-11-22,198.45,Purchase,Approved,0,Online
TXN053029,C418,CRD0634,Nu Metro,2026-02-11,35.48,Refund,Approved,0,POS
TXN053030,C442,CRD0673,KFC,2025-12-26,41.62,Refund,Approved,0,POS
TXN053031,C384,CRD0580,iStore,2025-11-24,15257.62,Purchase,Approved,0,ATM
TXN053032,C167,CRD0248,Checkers,2026-01-25,631.27,Payment,Approved,0,Online
TXN053033,C295,CRD0431,Chicken Licken,2026-04-28,104.48,Withdrawal,Approved,0,ATM
TXN053034,C148,CRD0223,Nu Metro,2025-11-25,101.48,Payment,Approved,0,Online
TXN053035,C320,CRD0471,Woolworths,2026-02-04,1254.85,Payment,Pending,0,Online
TXN053036,C056,CRD0087,Edgars,2026-04-23,1797.18,Purchase,Declined,0,Online
TXN053037,C283,CRD0412,Apple iTunes,2026-05-04,117.03,Purchase,Declined,0,Online
TXN053038,C398,CRD0600,Google Play,2026-04-21,148.02,Purchase,Approved,0,Online
TXN053039,C302,CRD0442,McDonalds,2026-01-27,54.8,Purchase,Approved,0,ATM
TXN053040,C199,CRD0293,McDonalds,2026-01-25,87.9,Purchase,Approved,0,ATM
TXN053041,C010,CRD0014,Faithful to Nature,2025-12-15,818.6,Payment,Approved,0,Online
TXN053042,C385,CRD0582,Faithful to Nature,2025-11-26,436.56,Purchase,Approved,0,Online
TXN053043,C384,CRD0580,Edgars,2026-02-11,726.93,Purchase,Approved,0,POS
TXN053044,C476,CRD0724,McDonalds,2026-01-09,179.01,Purchase,Approved,0,Online
TXN053045,C132,CRD0199,Spur,2026-05-25,238.36,Purchase,Approved,0,POS
TXN053046,C312,CRD0461,Gold Reef City,2026-02-21,703.88,Purchase,Pending,1,POS
TXN053047,C091,CRD0141,Pep,2026-03-08,42.35,Refund,Approved,0,POS
TXN053048,C390,CRD0589,Clicks,2026-02-12,145.65,Withdrawal,Declined,0,ATM
TXN053049,C464,CRD0707,Clicks,2026-01-19,116.33,Payment,Approved,0,Online
TXN053050,C077,CRD0120,Apple iTunes,2026-01-10,30.82,Withdrawal,Approved,0,Online
TXN053051,C215,CRD0315,Debonairs,2026-01-27,129.45,Payment,Approved,0,Online
TXN053052,C323,CRD0479,Wimpy,2026-04-03,283.42,Payment,Approved,0,Online
TXN053053,C351,CRD0526,Bash.com,2026-05-09,1708.33,Payment,Approved,0,Online
TXN053054,C068,CRD0105,Dis-Chem,2026-02-28,265.01,Purchase,Approved,0,Online
TXN053055,C073,CRD0114,Faithful to Nature,2026-03-03,1922.8,Purchase,Approved,0,Online
TXN053056,C385,CRD0583,Truworths,2026-03-25,456.38,Purchase,Approved,0,Online
TXN053057,C095,CRD0147,Incredible Connect,2026-02-12,371.87,Purchase,Approved,0,Online
TXN053058,C187,CRD0274,Dis-Chem,2025-12-03,821.21,Withdrawal,Approved,0,ATM
TXN053059,C385,CRD0582,Amazon.co.za,2025-12-28,2087.19,Purchase,Approved,0,Online
TXN053060,C400,CRD0604,Truworths,2026-01-23,1068.63,Purchase,Declined,0,Online
TXN053061,C253,CRD0366,Ocean Basket,2026-01-28,453.4,Payment,Declined,0,Online
TXN053062,C049,CRD0077,Checkers,2025-12-26,952.88,Withdrawal,Approved,0,ATM
TXN053063,C069,CRD0107,KFC,2026-01-27,98.95,Withdrawal,Declined,0,ATM
TXN053064,C237,CRD0343,Truworths,2026-05-27,1525.24,Payment,Declined,0,Online
TXN053065,C022,CRD0037,Shell,2026-03-26,1114.93,Purchase,Approved,0,Online
TXN053066,C108,CRD0165,Vida e Caffe,2026-03-22,54.61,Purchase,Approved,0,Online
TXN053067,C446,CRD0678,Truworths,2026-05-13,1184.15,Purchase,Approved,0,POS
TXN053068,C216,CRD0316,Pick n Pay,2026-05-18,470.82,Refund,Pending,0,POS
TXN053069,C247,CRD0357,Ster-Kinekor,2026-01-09,218.42,Purchase,Approved,0,POS
TXN053070,C536,CRD0790,Zando,2026-02-22,323.67,Refund,Approved,0,Online
TXN053071,C267,CRD0387,Takealot,2025-11-27,289.73,Purchase,Approved,0,Online
TXN053072,C548,CRD0802,Google Play,2026-03-27,180.19,Purchase,Approved,0,Online
TXN053073,C469,CRD0713,Google Play,2025-12-10,142.68,Purchase,Approved,0,Online
TXN053074,C444,CRD0675,Takealot,2026-03-26,4172.25,Purchase,Approved,0,Online
TXN053075,C095,CRD0147,Spur,2025-12-17,524.05,Purchase,Approved,0,POS
TXN053076,C425,CRD0645,Builders Warehouse,2026-01-02,7903.89,Payment,Declined,0,Online
TXN053077,C195,CRD0286,Spur,2026-04-25,365.67,Purchase,Approved,0,Online
TXN053078,C302,CRD0442,Bash.com,2026-01-18,794.21,Purchase,Approved,0,Online
TXN053079,C517,CRD0771,Vida e Caffe,2025-11-22,42.0,Withdrawal,Approved,0,ATM
TXN053080,C204,CRD0299,Google Play,2025-12-26,388.13,Purchase,Approved,1,Online
TXN053081,C339,CRD0509,Debonairs,2025-12-09,158.38,Purchase,Approved,0,Online
TXN053082,C105,CRD0161,Romans Pizza,2025-12-26,164.06,Payment,Approved,0,Online
TXN053083,C199,CRD0293,Builders Warehouse,2026-05-07,5969.1,Purchase,Approved,0,Online
TXN053084,C019,CRD0031,Woolworths,2026-03-24,694.05,Payment,Approved,0,Online
TXN053085,C103,CRD0158,Sportsmans Whouse,2026-01-31,1191.57,Purchase,Approved,0,POS
TXN053086,C421,CRD0640,Faithful to Nature,2026-04-30,400.75,Withdrawal,Declined,0,Online
TXN053087,C492,CRD0742,Loot.co.za,2026-04-29,342.61,Purchase,Declined,0,Online
TXN053088,C165,CRD0244,Mr Price,2026-05-26,612.04,Purchase,Approved,0,Online
TXN053089,C370,CRD0556,Clicks,2026-03-26,415.93,Purchase,Approved,0,Online
TXN053090,C377,CRD0568,Google Play,2026-02-25,158.31,Purchase,Approved,0,Online
TXN053091,C388,CRD0586,Google Play,2025-11-29,78.65,Purchase,Approved,0,Online
TXN053092,C485,CRD0733,Ster-Kinekor,2026-03-07,85.49,Purchase,Approved,0,POS
TXN053093,C153,CRD0231,Mr Price,2026-01-13,226.79,Purchase,Pending,0,ATM
TXN053094,C273,CRD0396,Wimpy,2026-04-04,98.06,Payment,Approved,0,Online
TXN053095,C421,CRD0640,Chicken Licken,2026-04-11,44.8,Purchase,Approved,0,ATM
TXN053096,C285,CRD0415,Game,2026-01-25,2355.95,Purchase,Approved,0,POS
TXN053097,C487,CRD0735,Builders Warehouse,2026-05-10,8286.77,Withdrawal,Approved,0,ATM
TXN053098,C445,CRD0676,Clicks,2026-01-27,296.86,Purchase,Approved,0,POS
TXN053099,C010,CRD0016,KFC,2025-12-03,58.07,Purchase,Approved,0,Online
TXN053100,C434,CRD0661,Dis-Chem,2025-12-11,828.13,Purchase,Declined,0,POS
TXN053101,C101,CRD0155,Pep,2026-01-12,103.48,Purchase,Approved,0,POS
TXN053102,C216,CRD0316,Zando,2025-12-29,1602.8,Purchase,Declined,0,Online
TXN053103,C006,CRD0009,KFC,2026-05-10,175.88,Purchase,Approved,0,Online
TXN053104,C055,CRD0085,Clicks,2025-12-01,287.76,Withdrawal,Approved,0,ATM
TXN053105,C028,CRD0047,McDonalds,2026-05-09,84.12,Withdrawal,Declined,0,ATM
TXN053106,C216,CRD0316,McDonalds,2026-02-26,73.3,Withdrawal,Approved,0,ATM
TXN053107,C332,CRD0496,McDonalds,2026-04-11,64.08,Purchase,Approved,0,Online
TXN053108,C264,CRD0382,Engen,2026-04-22,464.84,Purchase,Declined,0,Online
TXN053109,C405,CRD0611,BP,2026-03-27,341.49,Withdrawal,Approved,0,ATM
TXN053110,C403,CRD0607,Mugg and Bean,2026-02-25,136.1,Withdrawal,Approved,0,ATM
TXN053111,C093,CRD0144,Ster-Kinekor,2026-02-01,133.71,Purchase,Approved,0,Online
TXN053112,C030,CRD0050,Google Play,2026-04-22,187.91,Purchase,Approved,0,Online
TXN053113,C136,CRD0205,Chicken Licken,2026-03-12,189.73,Payment,Declined,0,Online
TXN053114,C175,CRD0258,Pep,2026-03-01,376.8,Payment,Pending,0,Online
TXN053115,C098,CRD0151,Dis-Chem,2025-12-27,843.73,Purchase,Approved,0,POS
TXN053116,C073,CRD0114,Pick n Pay,2025-11-21,2206.92,Withdrawal,Approved,0,ATM
TXN053117,C182,CRD0269,TicketPro,2026-02-28,293.11,Purchase,Approved,0,Online
TXN053118,C519,CRD0773,McDonalds,2026-03-28,80.74,Purchase,Approved,0,Online
TXN053119,C180,CRD0264,KFC,2026-03-25,117.96,Purchase,Approved,0,Online
TXN053120,C393,CRD0592,Nandos,2025-12-30,145.11,Purchase,Approved,0,Online
TXN053121,C412,CRD0624,Ster-Kinekor,2025-11-26,174.39,Payment,Approved,0,Online
TXN053122,C073,CRD0114,McDonalds,2025-12-28,157.6,Withdrawal,Approved,0,ATM
TXN053123,C191,CRD0281,Nu Metro,2025-12-12,216.67,Purchase,Approved,0,Online
TXN053124,C220,CRD0322,Gold Reef City,2025-12-25,361.78,Purchase,Approved,0,POS
TXN053125,C185,CRD0272,Game,2026-03-17,885.09,Purchase,Approved,0,Online
TXN053126,C532,CRD0786,KFC,2026-05-16,108.04,Purchase,Approved,0,POS
TXN053127,C029,CRD0049,Spotify,2026-01-21,13.8,Refund,Approved,1,Online
TXN053128,C243,CRD0351,Ster-Kinekor,2026-04-25,265.67,Purchase,Approved,0,POS
TXN053129,C452,CRD0689,Cape Union Mart,2026-02-16,2717.34,Purchase,Declined,0,POS
TXN053130,C190,CRD0279,Apple iTunes,2026-04-26,109.67,Purchase,Approved,0,Online
TXN053131,C164,CRD0243,Truworths,2026-02-05,1230.86,Withdrawal,Approved,0,ATM
TXN053132,C458,CRD0698,Pep,2026-02-07,431.31,Purchase,Approved,0,Online
TXN053133,C214,CRD0314,Google Play,2026-04-22,44.13,Refund,Approved,0,Online
TXN053134,C466,CRD0710,Steers,2026-03-27,35.07,Refund,Approved,0,POS
TXN053135,C144,CRD0217,Google Play,2026-04-06,248.49,Withdrawal,Approved,0,Online
TXN053136,C296,CRD0433,McDonalds,2026-05-16,312.08,Withdrawal,Approved,1,ATM
TXN053137,C168,CRD0249,Dis-Chem,2026-03-15,1533.73,Purchase,Declined,0,Online
TXN053138,C418,CRD0634,Spotify,2025-12-28,59.58,Purchase,Approved,0,Online
TXN053139,C172,CRD0254,Apple iTunes,2026-02-01,312.05,Withdrawal,Approved,0,Online
TXN053140,C200,CRD0295,Google Play,2026-03-10,24.95,Purchase,Approved,0,Online
TXN053141,C230,CRD0336,Shell,2026-04-05,1756.34,Purchase,Approved,0,POS
TXN053142,C203,CRD0298,Checkers,2025-12-23,1237.1,Purchase,Approved,0,POS
TXN053143,C065,CRD0100,Clicks,2026-05-26,253.77,Purchase,Approved,0,ATM
TXN053144,C053,CRD0082,Apple iTunes,2026-03-15,266.66,Purchase,Approved,0,Online
TXN053145,C349,CRD0524,Checkers,2026-01-07,152.79,Withdrawal,Declined,0,ATM
TXN053146,C280,CRD0407,DStv,2026-03-25,774.84,Withdrawal,Approved,0,ATM
TXN053147,C192,CRD0282,Zando,2026-01-26,907.17,Purchase,Approved,0,Online
TXN053148,C153,CRD0231,Apple iTunes,2026-04-15,355.66,Purchase,Approved,0,Online
TXN053149,C364,CRD0545,Google Play,2026-03-02,133.4,Payment,Approved,0,Online
TXN053150,C099,CRD0153,FlySafair,2026-02-05,1481.79,Purchase,Declined,0,POS
TXN053151,C416,CRD0631,Apple iTunes,2026-01-04,154.48,Purchase,Declined,0,Online
TXN053152,C425,CRD0646,Truworths,2026-01-12,330.79,Payment,Approved,0,Online
TXN053153,C451,CRD0686,Uber Eats,2026-01-16,168.39,Purchase,Approved,0,Online
TXN053154,C236,CRD0342,Checkers,2026-01-25,179.84,Purchase,Approved,0,POS
TXN053155,C545,CRD0799,TicketPro,2026-01-24,865.67,Purchase,Approved,0,POS
TXN053156,C452,CRD0688,Clicks,2026-04-11,546.99,Withdrawal,Approved,0,ATM
TXN053157,C314,CRD0464,Pick n Pay,2026-01-01,3698.02,Purchase,Approved,1,Online
TXN053158,C346,CRD0517,Zando,2026-04-01,177.3,Purchase,Approved,0,Online
TXN053159,C041,CRD0064,Engen,2026-02-14,512.11,Purchase,Approved,0,Online
TXN053160,C115,CRD0176,Bash.com,2026-01-08,1642.95,Purchase,Approved,0,Online
TXN053161,C401,CRD0605,Google Play,2026-05-08,114.37,Purchase,Approved,0,Online
TXN053162,C511,CRD0765,Wimpy,2026-04-26,255.45,Purchase,Approved,0,POS
TXN053163,C354,CRD0532,Dis-Chem,2026-03-07,468.35,Purchase,Approved,0,Online
TXN053164,C254,CRD0367,Nu Metro,2026-03-05,244.61,Payment,Approved,0,Online
TXN053165,C171,CRD0253,Engen,2026-03-28,539.73,Purchase,Approved,0,POS
TXN053166,C029,CRD0049,Game,2026-04-27,4240.24,Purchase,Approved,0,POS
TXN053167,C378,CRD0570,Cape Union Mart,2026-02-11,2421.85,Withdrawal,Approved,1,ATM
TXN053168,C421,CRD0640,Clicks,2026-05-14,298.88,Purchase,Approved,0,POS
TXN053169,C256,CRD0369,TicketPro,2026-01-10,263.54,Purchase,Approved,0,POS
TXN053170,C021,CRD0036,Romans Pizza,2026-03-01,177.69,Purchase,Approved,0,ATM
TXN053171,C383,CRD0579,Steers,2026-02-26,245.23,Purchase,Approved,0,POS
TXN053172,C446,CRD0678,Loot.co.za,2025-11-22,1473.23,Withdrawal,Approved,0,Online
TXN053173,C076,CRD0119,Vida e Caffe,2025-12-01,189.22,Payment,Approved,1,Online
TXN053174,C175,CRD0258,Avis SA,2026-04-22,3791.07,Purchase,Approved,0,Online
TXN053175,C162,CRD0241,Kulula,2025-11-25,1434.66,Withdrawal,Approved,0,ATM
TXN053176,C325,CRD0483,Spotify,2025-12-18,61.61,Purchase,Approved,0,Online
TXN053177,C252,CRD0364,TicketPro,2026-03-27,717.38,Purchase,Approved,0,Online
TXN053178,C051,CRD0080,Builders Warehouse,2026-01-14,1769.48,Purchase,Approved,0,POS
TXN053179,C182,CRD0269,Game,2026-03-25,3545.03,Purchase,Approved,0,POS
TXN053180,C418,CRD0635,Spotify,2026-03-26,71.65,Purchase,Approved,0,Online
TXN053181,C387,CRD0585,ShowMax,2026-02-10,95.97,Purchase,Approved,0,Online
TXN053182,C217,CRD0317,McDonalds,2026-04-01,79.78,Purchase,Approved,0,Online
TXN053183,C363,CRD0542,Wimpy,2025-12-26,111.46,Purchase,Approved,0,Online
TXN053184,C222,CRD0325,Google Play,2025-12-03,71.68,Purchase,Pending,0,Online
TXN053185,C068,CRD0105,Steers,2026-04-26,144.45,Purchase,Declined,0,POS
TXN053186,C378,CRD0570,TicketPro,2026-04-09,163.93,Purchase,Declined,0,POS
TXN053187,C421,CRD0640,Mr Price,2026-02-11,958.43,Purchase,Approved,0,POS
TXN053188,C021,CRD0034,Loot.co.za,2026-01-26,1227.86,Purchase,Approved,0,Online
TXN053189,C097,CRD0150,Romans Pizza,2026-02-04,206.06,Purchase,Approved,0,POS
TXN053190,C457,CRD0697,Chicken Licken,2026-02-13,154.03,Purchase,Approved,0,POS
TXN053191,C272,CRD0395,Ocean Basket,2026-01-25,60.95,Refund,Approved,0,Online
TXN053192,C342,CRD0513,Makro,2026-05-17,405.43,Purchase,Approved,0,ATM
TXN053193,C453,CRD0692,Pep,2026-01-26,76.18,Purchase,Approved,0,Online
TXN053194,C196,CRD0288,Truworths,2025-12-30,1467.49,Purchase,Approved,0,Online
TXN053195,C298,CRD0436,Uber Eats,2026-01-23,206.14,Withdrawal,Approved,0,Online
TXN053196,C310,CRD0456,BP,2026-03-27,1143.86,Withdrawal,Approved,0,ATM
TXN053197,C433,CRD0660,Uber Eats,2026-02-27,129.83,Purchase,Declined,0,Online
TXN053198,C488,CRD0736,Steers,2025-12-05,55.44,Refund,Approved,0,Online
TXN053199,C426,CRD0649,Pick n Pay,2025-12-23,444.88,Withdrawal,Approved,0,ATM
TXN053200,C195,CRD0287,Bash.com,2025-12-27,1975.28,Purchase,Approved,0,Online
TXN053201,C095,CRD0146,Steers,2025-12-27,134.78,Payment,Approved,0,Online
TXN053202,C317,CRD0468,Spur,2026-04-28,233.83,Purchase,Approved,0,POS
TXN053203,C383,CRD0578,Checkers,2025-11-21,2130.51,Purchase,Approved,0,POS
TXN053204,C149,CRD0225,Vida e Caffe,2025-12-25,96.81,Purchase,Approved,0,Online
TXN053205,C243,CRD0352,TicketPro,2026-05-02,383.64,Purchase,Approved,0,POS
TXN053206,C158,CRD0236,Loot.co.za,2026-01-25,485.38,Withdrawal,Approved,0,Online
TXN053207,C472,CRD0718,Clicks,2026-04-29,208.6,Purchase,Approved,0,POS
TXN053208,C387,CRD0585,Google Play,2025-12-01,188.97,Purchase,Approved,0,Online
TXN053209,C016,CRD0023,Apple iTunes,2026-03-27,495.36,Withdrawal,Declined,0,Online
TXN053210,C181,CRD0266,Debonairs,2026-03-05,265.51,Purchase,Approved,0,POS
TXN053211,C094,CRD0145,Checkers,2026-05-09,1943.79,Purchase,Approved,0,ATM
TXN053212,C269,CRD0390,Foschini,2026-02-16,1240.13,Purchase,Approved,0,POS
TXN053213,C257,CRD0370,Europcar,2026-03-09,821.27,Purchase,Approved,0,POS
TXN053214,C472,CRD0717,Faithful to Nature,2026-05-26,1184.05,Payment,Approved,0,Online
TXN053215,C176,CRD0259,Checkers,2026-04-17,1973.44,Purchase,Approved,0,POS
TXN053216,C433,CRD0659,DStv,2026-03-19,175.43,Purchase,Approved,0,POS
TXN053217,C234,CRD0340,Shell,2026-04-24,529.0,Purchase,Approved,0,POS
TXN053218,C463,CRD0705,Dis-Chem,2026-04-19,502.68,Purchase,Approved,0,Online
TXN053219,C035,CRD0056,Gold Reef City,2025-12-30,361.64,Purchase,Approved,0,POS
TXN053220,C421,CRD0640,Game,2025-12-29,5420.45,Purchase,Declined,0,POS
TXN053221,C416,CRD0631,Nandos,2026-03-08,189.41,Purchase,Pending,0,POS
TXN053222,C310,CRD0455,Romans Pizza,2025-12-27,232.72,Purchase,Approved,0,Online
TXN053223,C349,CRD0522,Checkers,2026-03-26,1028.26,Purchase,Approved,0,Online
TXN053224,C054,CRD0083,Bash.com,2026-03-13,2582.81,Withdrawal,Approved,0,Online
TXN053225,C366,CRD0549,Spotify,2026-04-11,48.78,Purchase,Declined,0,Online
TXN053226,C109,CRD0166,Truworths,2025-12-04,1924.61,Purchase,Approved,0,Online
TXN053227,C304,CRD0445,DStv,2026-03-08,105.42,Withdrawal,Approved,0,ATM
TXN053228,C524,CRD0778,Woolworths,2026-01-09,98.96,Purchase,Approved,0,POS
TXN053229,C073,CRD0114,Google Play,2026-01-13,33.01,Purchase,Declined,0,Online
TXN053230,C084,CRD0128,Sportsmans Whouse,2026-04-05,1183.06,Purchase,Declined,0,POS
TXN053231,C532,CRD0786,Wimpy,2026-03-25,105.32,Payment,Approved,0,Online
TXN053232,C188,CRD0276,Google Play,2026-02-27,430.18,Withdrawal,Approved,1,Online
TXN053233,C005,CRD0005,Ster-Kinekor,2026-02-17,120.3,Withdrawal,Declined,0,ATM
TXN053234,C205,CRD0300,Vida e Caffe,2026-05-15,43.82,Purchase,Approved,0,ATM
TXN053235,C065,CRD0100,Debonairs,2026-01-26,54.82,Purchase,Approved,0,POS
TXN053236,C532,CRD0786,Netflix,2025-12-23,133.94,Purchase,Approved,0,Online
TXN053237,C203,CRD0298,Incredible Connect,2026-01-28,1064.67,Purchase,Approved,0,POS
TXN053238,C467,CRD0711,Dis-Chem,2026-04-28,209.44,Refund,Approved,0,Online
TXN053239,C405,CRD0612,Nandos,2026-05-05,252.41,Withdrawal,Approved,0,ATM
TXN053240,C156,CRD0234,Apple iTunes,2025-12-23,50.78,Purchase,Approved,0,Online
TXN053241,C488,CRD0737,Nandos,2026-05-05,82.14,Refund,Approved,0,POS
TXN053242,C476,CRD0724,Samsung Store,2025-12-18,12569.71,Withdrawal,Approved,0,ATM
TXN053243,C376,CRD0567,Uber Eats,2026-05-11,136.88,Purchase,Approved,0,Online
TXN053244,C400,CRD0603,Chicken Licken,2026-04-29,85.43,Purchase,Approved,0,POS
TXN053245,C334,CRD0498,McDonalds,2026-01-06,66.29,Withdrawal,Approved,0,ATM
TXN053246,C325,CRD0482,Zando,2026-02-23,289.33,Purchase,Approved,0,Online
TXN053247,C364,CRD0543,Takealot,2025-12-03,4759.51,Payment,Approved,0,Online
TXN053248,C538,CRD0792,TicketPro,2025-12-28,452.4,Purchase,Approved,0,Online
TXN053249,C322,CRD0477,Nandos,2026-04-21,67.86,Purchase,Approved,0,Online
TXN053250,C005,CRD0007,Dis-Chem,2026-03-27,303.74,Purchase,Approved,0,POS
TXN053251,C467,CRD0711,Game,2026-02-06,5448.85,Payment,Approved,0,Online
TXN053252,C433,CRD0659,Steers,2026-01-31,66.88,Purchase,Declined,0,POS
TXN053253,C482,CRD0730,Google Play,2026-04-11,436.6,Purchase,Declined,0,Online
TXN053254,C060,CRD0093,Pep,2026-01-26,114.61,Purchase,Approved,0,POS
TXN053255,C338,CRD0507,Checkers,2026-03-06,337.22,Refund,Approved,0,Online
TXN053256,C406,CRD0616,Steers,2026-04-28,145.78,Purchase,Approved,0,POS
TXN053257,C096,CRD0149,Spotify,2026-04-26,17.5,Refund,Approved,0,Online
TXN053258,C549,CRD0803,Checkers,2025-12-26,877.1,Purchase,Approved,0,POS
TXN053259,C263,CRD0381,ShowMax,2026-01-31,91.99,Purchase,Approved,0,Online
TXN053260,C519,CRD0773,Clicks,2026-01-23,86.78,Purchase,Approved,0,Online
TXN053261,C249,CRD0361,Apple iTunes,2026-02-12,310.76,Payment,Approved,0,Online
TXN053262,C312,CRD0461,Pep,2026-03-13,51.74,Purchase,Approved,0,POS
TXN053263,C029,CRD0049,Wimpy,2025-12-13,133.09,Purchase,Approved,0,POS
TXN053264,C404,CRD0609,Clicks,2026-03-27,217.15,Purchase,Approved,0,Online
TXN053265,C355,CRD0533,Takealot,2026-02-24,202.8,Refund,Approved,0,Online
TXN053266,C096,CRD0149,Debonairs,2026-04-14,66.38,Withdrawal,Approved,0,ATM
TXN053267,C182,CRD0269,Vida e Caffe,2026-01-22,117.83,Purchase,Approved,0,POS
TXN053268,C475,CRD0721,Debonairs,2025-11-27,204.04,Purchase,Approved,0,POS
TXN053269,C129,CRD0194,Amazon.co.za,2026-03-23,3189.15,Purchase,Approved,0,Online
TXN053270,C547,CRD0801,Clicks,2026-02-10,492.01,Purchase,Approved,0,POS
TXN053271,C334,CRD0498,Cape Union Mart,2026-05-16,3586.7,Withdrawal,Approved,1,ATM
TXN053272,C539,CRD0793,KFC,2026-03-27,269.09,Purchase,Approved,1,POS
TXN053273,C326,CRD0484,Vida e Caffe,2026-05-11,114.66,Purchase,Approved,0,POS
TXN053274,C116,CRD0177,Clicks,2026-02-27,91.01,Withdrawal,Declined,0,ATM
TXN053275,C205,CRD0301,KFC,2026-01-14,136.01,Purchase,Approved,0,ATM
TXN053276,C021,CRD0034,Vida e Caffe,2026-03-26,68.12,Purchase,Approved,0,POS
TXN053277,C367,CRD0551,KFC,2026-02-05,60.14,Purchase,Approved,0,POS
TXN053278,C405,CRD0612,Google Play,2026-04-20,210.27,Purchase,Approved,0,Online
TXN053279,C380,CRD0573,Chicken Licken,2026-02-25,137.92,Purchase,Approved,0,Online
TXN053280,C304,CRD0446,Loot.co.za,2026-05-28,1680.38,Purchase,Approved,0,Online
TXN053281,C102,CRD0157,Debonairs,2026-05-13,80.43,Purchase,Approved,0,POS
TXN053282,C384,CRD0580,Zando,2026-05-01,760.03,Purchase,Approved,0,Online
TXN053283,C038,CRD0061,Amazon.co.za,2026-01-09,2012.86,Purchase,Approved,0,Online
TXN053284,C472,CRD0718,Zando,2025-12-15,2477.99,Purchase,Declined,0,Online
TXN053285,C464,CRD0707,Steers,2026-04-16,77.39,Purchase,Approved,0,POS
TXN053286,C199,CRD0293,Debonairs,2026-03-04,20.12,Refund,Approved,0,POS
TXN053287,C193,CRD0284,Loot.co.za,2025-12-18,1070.31,Purchase,Approved,0,Online
TXN053288,C400,CRD0604,Kulula,2025-11-24,2446.6,Purchase,Approved,0,POS
TXN053289,C109,CRD0166,Shell,2026-02-26,1544.5,Purchase,Approved,0,Online
TXN053290,C072,CRD0113,Dis-Chem,2025-12-29,566.47,Payment,Approved,0,Online
TXN053291,C279,CRD0404,Truworths,2026-01-03,1028.61,Payment,Approved,0,Online
TXN053292,C158,CRD0236,Dis-Chem,2026-05-08,718.1,Payment,Approved,0,Online
TXN053293,C471,CRD0716,Chicken Licken,2026-01-05,69.02,Purchase,Approved,0,ATM
TXN053294,C365,CRD0547,KFC,2026-01-28,49.34,Purchase,Approved,0,POS
TXN053295,C425,CRD0644,Amazon.co.za,2026-02-08,2688.1,Purchase,Approved,0,Online
TXN053296,C258,CRD0373,Pep,2025-11-27,461.17,Purchase,Declined,0,POS
TXN053297,C173,CRD0256,Nu Metro,2026-04-27,152.17,Purchase,Approved,0,POS
TXN053298,C146,CRD0221,City Lodge,2026-04-20,1505.43,Purchase,Approved,0,ATM
TXN053299,C171,CRD0253,Chicken Licken,2025-11-27,67.73,Purchase,Approved,0,POS
TXN053300,C530,CRD0784,Apple iTunes,2026-01-25,119.38,Payment,Declined,0,Online
TXN053301,C293,CRD0429,DStv,2026-05-03,666.24,Purchase,Declined,0,POS
TXN053302,C351,CRD0527,Pick n Pay,2025-12-15,407.89,Purchase,Approved,0,POS
TXN053303,C317,CRD0468,Apple iTunes,2026-03-25,346.43,Withdrawal,Approved,0,Online
TXN053304,C398,CRD0600,McDonalds,2025-11-27,22.12,Refund,Approved,0,Online
TXN053305,C398,CRD0598,KFC,2025-12-28,76.58,Purchase,Approved,0,Online
TXN053306,C540,CRD0794,Clicks,2026-03-19,278.81,Purchase,Approved,0,POS
TXN053307,C351,CRD0528,Steers,2026-01-27,86.86,Purchase,Approved,0,POS
TXN053308,C117,CRD0178,Takealot,2026-01-26,590.47,Refund,Pending,0,Online
TXN053309,C104,CRD0159,Sportsmans Whouse,2026-01-14,1181.81,Purchase,Approved,0,ATM
TXN053310,C295,CRD0432,McDonalds,2026-02-27,76.29,Withdrawal,Approved,0,ATM
TXN053311,C512,CRD0766,Uber Eats,2025-12-27,94.77,Purchase,Approved,0,Online
TXN053312,C241,CRD0349,Nandos,2026-03-27,288.76,Purchase,Approved,0,POS
TXN053313,C275,CRD0399,Pep,2025-12-16,108.39,Payment,Approved,0,Online
TXN053314,C104,CRD0159,Woolworths,2026-01-26,760.81,Purchase,Approved,0,POS
TXN053315,C247,CRD0356,KFC,2026-01-10,90.73,Withdrawal,Approved,0,ATM
TXN053316,C300,CRD0439,Nandos,2025-12-11,112.85,Payment,Approved,0,Online
TXN053317,C298,CRD0437,Google Play,2026-03-26,72.52,Purchase,Approved,0,Online
TXN053318,C039,CRD0062,Woolworths,2026-03-25,1734.67,Payment,Approved,0,Online
TXN053319,C454,CRD0693,KFC,2026-01-27,74.13,Purchase,Approved,0,POS
TXN053320,C050,CRD0079,Nandos,2025-12-26,282.89,Purchase,Approved,0,POS
TXN053321,C420,CRD0638,Foschini,2025-12-24,742.69,Purchase,Approved,0,POS
TXN053322,C384,CRD0580,Clicks,2026-03-25,458.47,Purchase,Approved,0,POS
TXN053323,C256,CRD0369,Pick n Pay,2026-03-25,225.14,Purchase,Approved,0,POS
TXN053324,C472,CRD0717,McDonalds,2026-02-26,271.43,Purchase,Approved,1,Online
TXN053325,C393,CRD0592,BP,2025-11-26,1175.7,Purchase,Approved,0,Online
TXN053326,C366,CRD0550,Nandos,2026-05-13,124.5,Payment,Approved,0,Online
TXN053327,C171,CRD0253,Clicks,2025-12-05,464.34,Purchase,Approved,0,POS
TXN053328,C472,CRD0717,Cape Union Mart,2026-01-25,1893.79,Payment,Approved,0,Online
TXN053329,C302,CRD0442,Nandos,2026-03-23,68.67,Purchase,Approved,0,POS
TXN053330,C002,CRD0002,Google Play,2026-02-05,77.09,Purchase,Approved,0,Online
TXN053331,C053,CRD0082,Cape Union Mart,2025-12-27,582.92,Purchase,Approved,0,Online
TXN053332,C025,CRD0043,Montecasino,2026-03-19,987.16,Purchase,Approved,0,POS
TXN053333,C504,CRD0758,Incredible Connect,2026-03-15,2493.96,Refund,Approved,0,POS
TXN053334,C052,CRD0081,Wimpy,2026-04-25,173.21,Purchase,Approved,0,POS
TXN053335,C204,CRD0299,Google Play,2026-03-26,26.39,Purchase,Approved,0,Online
TXN053336,C409,CRD0621,Superbalist,2026-05-03,2158.88,Purchase,Approved,0,Online
TXN053337,C498,CRD0751,McDonalds,2026-03-22,120.61,Purchase,Approved,0,POS
TXN053338,C534,CRD0788,Ster-Kinekor,2026-01-27,105.31,Purchase,Approved,0,ATM
TXN053339,C098,CRD0152,Woolworths,2026-03-26,544.54,Purchase,Approved,0,POS
TXN053340,C446,CRD0679,KFC,2026-04-27,48.92,Withdrawal,Approved,0,ATM
TXN053341,C269,CRD0390,ShowMax,2026-05-18,75.52,Purchase,Approved,0,Online
TXN053342,C527,CRD0781,Dis-Chem,2026-01-19,430.26,Purchase,Approved,0,Online
TXN053343,C385,CRD0583,Takealot,2026-01-09,3012.72,Purchase,Approved,0,Online
TXN053344,C368,CRD0554,Google Play,2026-01-25,204.69,Purchase,Approved,0,Online
TXN053345,C467,CRD0711,Engen,2026-02-27,1313.5,Payment,Approved,0,Online
TXN053346,C193,CRD0284,Mr Price,2026-03-25,260.25,Payment,Approved,0,Online
TXN053347,C304,CRD0445,Google Play,2025-12-14,97.63,Purchase,Approved,0,Online
TXN053348,C016,CRD0023,Checkers,2026-01-05,1138.23,Purchase,Declined,0,POS
TXN053349,C023,CRD0038,Woolworths,2026-01-26,2092.94,Purchase,Approved,0,POS
TXN053350,C089,CRD0136,Woolworths,2026-03-02,348.25,Payment,Approved,0,Online
TXN053351,C018,CRD0028,ShowMax,2026-02-05,61.58,Payment,Approved,0,Online
TXN053352,C320,CRD0472,Google Play,2025-12-24,16.81,Purchase,Approved,0,Online
TXN053353,C326,CRD0484,Truworths,2026-01-17,628.09,Withdrawal,Approved,0,ATM
TXN053354,C341,CRD0511,Debonairs,2026-02-15,147.82,Purchase,Approved,0,ATM
TXN053355,C168,CRD0249,Google Play,2025-11-27,141.09,Purchase,Approved,0,Online
TXN053356,C367,CRD0551,Nu Metro,2026-04-08,87.33,Payment,Approved,0,Online
TXN053357,C296,CRD0433,KFC,2025-12-18,144.47,Purchase,Approved,0,Online
TXN053358,C016,CRD0024,ShowMax,2026-01-26,81.77,Payment,Pending,0,Online
TXN053359,C400,CRD0604,Google Play,2026-02-19,33.35,Purchase,Approved,0,Online
TXN053360,C001,CRD0001,TicketPro,2026-04-26,213.52,Withdrawal,Approved,0,ATM
TXN053361,C165,CRD0245,Checkers,2026-02-06,1568.19,Purchase,Approved,0,Online
TXN053362,C294,CRD0430,Loot.co.za,2026-01-24,755.4,Payment,Approved,0,Online
TXN053363,C522,CRD0776,Pep,2025-11-21,90.06,Purchase,Approved,0,POS
TXN053364,C339,CRD0509,Faithful to Nature,2026-01-26,1095.1,Purchase,Approved,0,Online
TXN053365,C506,CRD0760,Spur,2026-03-25,253.44,Purchase,Approved,0,POS
TXN053366,C453,CRD0690,Uber Eats,2026-03-28,163.74,Purchase,Approved,0,Online
TXN053367,C493,CRD0743,Vida e Caffe,2026-03-05,92.11,Withdrawal,Approved,0,ATM
TXN053368,C315,CRD0465,Steers,2026-04-25,51.61,Purchase,Approved,0,Online
TXN053369,C149,CRD0224,Takealot,2026-02-18,2464.54,Withdrawal,Approved,0,Online
TXN053370,C487,CRD0735,Avis SA,2026-01-28,1413.36,Purchase,Approved,0,POS
TXN053371,C533,CRD0787,Vida e Caffe,2026-01-29,65.49,Purchase,Approved,0,POS
TXN053372,C041,CRD0064,Pep,2026-03-05,183.92,Purchase,Approved,0,Online
TXN053373,C292,CRD0426,Totalsports,2026-01-05,759.97,Withdrawal,Pending,0,ATM
TXN053374,C205,CRD0301,Nandos,2026-03-21,317.62,Purchase,Approved,0,Online
TXN053375,C476,CRD0724,TicketPro,2026-01-18,712.45,Purchase,Approved,0,ATM
TXN053376,C093,CRD0144,Europcar,2026-02-26,544.67,Withdrawal,Approved,0,ATM
TXN053377,C284,CRD0413,Mr Price,2025-12-15,476.27,Withdrawal,Approved,0,ATM
TXN053378,C367,CRD0551,Chicken Licken,2025-12-21,70.12,Purchase,Approved,0,POS
TXN053379,C314,CRD0464,Mugg and Bean,2026-04-13,239.91,Withdrawal,Approved,0,ATM
TXN053380,C200,CRD0295,KFC,2025-11-30,55.36,Purchase,Approved,0,ATM
TXN053381,C069,CRD0107,Shell,2025-12-26,991.6,Purchase,Approved,0,POS
TXN053382,C125,CRD0189,Pick n Pay,2026-04-19,1598.59,Withdrawal,Approved,0,ATM
TXN053383,C197,CRD0289,Google Play,2026-04-23,164.98,Purchase,Pending,0,Online
TXN053384,C521,CRD0775,Engen,2026-04-08,790.4,Purchase,Approved,0,Online
TXN053385,C380,CRD0573,Checkers,2026-03-06,1630.68,Purchase,Approved,0,POS
TXN053386,C524,CRD0778,BP,2026-03-18,1111.83,Purchase,Approved,0,POS
TXN053387,C150,CRD0226,Nandos,2026-02-27,78.04,Purchase,Approved,0,POS
TXN053388,C426,CRD0647,Protea Hotels,2026-02-01,3218.18,Purchase,Approved,0,POS
TXN053389,C246,CRD0355,Ocean Basket,2026-02-27,441.29,Payment,Approved,0,Online
TXN053390,C259,CRD0374,Steers,2026-04-27,74.31,Purchase,Approved,0,ATM
TXN053391,C507,CRD0761,Nandos,2026-04-19,123.87,Purchase,Approved,0,Online
TXN053392,C292,CRD0426,Loot.co.za,2026-01-25,2237.52,Withdrawal,Approved,1,Online
TXN053393,C061,CRD0094,Steers,2026-05-09,129.78,Purchase,Approved,0,POS
TXN053394,C462,CRD0704,Vida e Caffe,2026-03-16,43.55,Payment,Approved,0,Online
TXN053395,C162,CRD0240,Nandos,2026-03-07,222.49,Payment,Declined,0,Online
TXN053396,C466,CRD0710,Vida e Caffe,2026-03-27,107.38,Purchase,Approved,0,POS
TXN053397,C311,CRD0457,Steers,2026-03-28,68.08,Withdrawal,Approved,0,ATM
TXN053398,C341,CRD0511,Vida e Caffe,2026-04-06,234.18,Withdrawal,Approved,1,ATM
TXN053399,C056,CRD0087,Clicks,2026-04-01,476.56,Purchase,Approved,0,ATM
TXN053400,C338,CRD0506,SAA,2026-02-07,6899.13,Purchase,Approved,1,POS
TXN053401,C017,CRD0025,BP,2026-03-10,441.74,Purchase,Approved,0,Online
TXN053402,C534,CRD0788,Apple iTunes,2026-02-28,71.37,Refund,Approved,0,Online
TXN053403,C437,CRD0665,Nandos,2026-04-26,141.34,Purchase,Approved,0,POS
TXN053404,C070,CRD0110,Debonairs,2026-05-12,216.95,Purchase,Approved,0,POS
TXN053405,C049,CRD0078,Makro,2026-04-14,8310.58,Purchase,Declined,0,Online
TXN053406,C179,CRD0263,TicketPro,2026-03-27,98.05,Payment,Approved,0,Online
TXN053407,C267,CRD0387,DStv,2025-12-24,733.86,Purchase,Declined,0,POS
TXN053408,C448,CRD0681,Vida e Caffe,2026-01-13,155.46,Purchase,Approved,0,ATM
TXN053409,C312,CRD0461,Game,2026-01-26,5964.98,Withdrawal,Declined,0,ATM
TXN053410,C409,CRD0620,Apple iTunes,2026-01-25,619.46,Purchase,Approved,1,Online
TXN053411,C343,CRD0514,Debonairs,2026-02-08,186.19,Purchase,Approved,0,POS
TXN053412,C185,CRD0272,Pick n Pay,2025-12-18,711.0,Withdrawal,Approved,0,ATM
TXN053413,C373,CRD0561,Chicken Licken,2026-05-05,123.26,Withdrawal,Approved,0,ATM
TXN053414,C496,CRD0749,BP,2026-04-30,248.79,Purchase,Approved,0,POS
TXN053415,C506,CRD0760,Mr Price,2025-12-23,441.29,Payment,Approved,0,Online
TXN053416,C214,CRD0314,Ster-Kinekor,2026-03-04,357.78,Purchase,Approved,1,POS
TXN053417,C173,CRD0256,Nu Metro,2026-02-27,101.28,Purchase,Approved,0,POS
TXN053418,C423,CRD0642,Google Play,2025-11-22,225.29,Purchase,Approved,0,Online
TXN053419,C335,CRD0501,Checkers,2025-11-30,2160.98,Purchase,Approved,0,POS
TXN053420,C223,CRD0326,Clicks,2026-01-25,107.62,Purchase,Approved,0,Online
TXN053421,C414,CRD0627,Apple iTunes,2026-03-16,156.93,Purchase,Approved,0,Online
TXN053422,C115,CRD0176,Spur,2026-02-18,269.05,Purchase,Approved,0,POS
TXN053423,C019,CRD0030,Montecasino,2025-12-25,999.33,Purchase,Approved,0,POS
TXN053424,C059,CRD0092,Clicks,2026-04-22,157.24,Withdrawal,Approved,0,ATM
TXN053425,C028,CRD0047,Google Play,2026-03-02,266.16,Payment,Approved,0,Online
TXN053426,C057,CRD0088,Apple iTunes,2026-01-29,244.29,Purchase,Approved,0,Online
TXN053427,C291,CRD0424,Vida e Caffe,2026-05-04,41.31,Purchase,Approved,0,ATM
TXN053428,C124,CRD0188,ShowMax,2026-03-29,109.99,Purchase,Declined,0,Online
TXN053429,C287,CRD0418,Truworths,2026-02-08,660.49,Purchase,Approved,0,POS
TXN053430,C331,CRD0493,Mr Price,2025-12-26,453.18,Purchase,Approved,0,ATM
TXN053431,C428,CRD0652,Superbalist,2025-12-18,804.72,Purchase,Approved,0,Online
TXN053432,C153,CRD0231,Mugg and Bean,2026-01-01,263.09,Withdrawal,Approved,0,ATM
TXN053433,C496,CRD0749,Woolworths,2025-12-16,338.56,Payment,Approved,0,Online
TXN053434,C364,CRD0543,Edgars,2025-12-27,1728.9,Purchase,Approved,0,POS
TXN053435,C230,CRD0336,Uber Eats,2026-01-05,240.31,Purchase,Approved,0,Online
TXN053436,C392,CRD0591,Sportsmans Whouse,2026-02-26,2538.96,Purchase,Approved,0,POS
TXN053437,C005,CRD0005,Mr Price,2026-05-25,636.69,Purchase,Approved,0,POS
TXN053438,C383,CRD0577,Google Play,2025-11-25,268.66,Purchase,Approved,0,Online
TXN053439,C317,CRD0468,Gold Reef City,2025-11-22,326.77,Payment,Declined,0,Online
TXN053440,C220,CRD0322,Bash.com,2026-03-21,144.35,Purchase,Approved,0,Online
TXN053441,C436,CRD0664,Shell,2026-02-01,507.32,Purchase,Approved,0,Online
TXN053442,C181,CRD0266,Chicken Licken,2026-01-26,116.3,Purchase,Approved,0,POS
TXN053443,C383,CRD0577,Uber Eats,2026-01-07,384.49,Purchase,Approved,0,Online
TXN053444,C077,CRD0120,ShowMax,2025-12-19,82.9,Purchase,Approved,0,Online
TXN053445,C532,CRD0786,Foschini,2025-12-24,162.39,Purchase,Approved,0,POS
TXN053446,C442,CRD0673,Pep,2025-11-25,240.37,Purchase,Pending,0,Online
TXN053447,C303,CRD0443,Loot.co.za,2025-11-25,683.24,Payment,Approved,0,Online
TXN053448,C193,CRD0284,Pick n Pay,2026-02-08,412.14,Purchase,Approved,0,POS
TXN053449,C196,CRD0288,Ster-Kinekor,2026-04-12,72.31,Purchase,Approved,0,POS
TXN053450,C383,CRD0579,Pep,2026-05-02,99.95,Purchase,Approved,0,Online
TXN053451,C001,CRD0001,Mr Price,2025-12-28,199.92,Withdrawal,Approved,0,ATM
TXN053452,C243,CRD0351,Pep,2025-12-01,251.86,Purchase,Declined,0,Online
TXN053453,C224,CRD0327,Mr Price,2026-04-24,145.84,Purchase,Approved,0,Online
TXN053454,C476,CRD0724,Uber Eats,2026-02-05,158.7,Withdrawal,Approved,0,Online
TXN053455,C230,CRD0336,Google Play,2026-05-08,213.37,Purchase,Approved,0,Online
TXN053456,C338,CRD0507,KFC,2025-12-27,124.69,Withdrawal,Approved,0,ATM
TXN053457,C316,CRD0467,Pep,2025-12-25,184.22,Withdrawal,Declined,0,ATM
TXN053458,C102,CRD0157,Montecasino,2025-11-29,267.43,Withdrawal,Approved,0,ATM
TXN053459,C339,CRD0509,Steers,2026-02-27,174.67,Purchase,Approved,0,Online
TXN053460,C058,CRD0091,Nu Metro,2026-03-22,227.3,Purchase,Approved,0,Online
TXN053461,C464,CRD0706,KFC,2026-05-28,64.44,Purchase,Approved,0,Online
TXN053462,C541,CRD0795,Netflix,2026-03-21,167.81,Purchase,Approved,0,Online
TXN053463,C317,CRD0468,Zando,2025-12-22,254.82,Purchase,Approved,0,Online
TXN053464,C114,CRD0174,Clicks,2026-04-10,444.96,Purchase,Approved,0,Online
TXN053465,C439,CRD0669,Chicken Licken,2025-12-21,50.16,Purchase,Approved,0,POS
TXN053466,C047,CRD0073,Wimpy,2025-11-27,234.13,Purchase,Approved,0,Online
TXN053467,C089,CRD0137,DStv,2026-01-31,330.77,Payment,Approved,0,Online
TXN053468,C218,CRD0319,Uber Eats,2026-03-28,108.93,Purchase,Approved,0,Online
TXN053469,C483,CRD0731,Pep,2026-01-06,87.43,Purchase,Declined,0,ATM
TXN053470,C225,CRD0328,Checkers,2025-11-29,1924.53,Purchase,Approved,0,POS
TXN053471,C279,CRD0404,ShowMax,2026-03-04,97.87,Purchase,Approved,0,Online
TXN053472,C289,CRD0421,Loot.co.za,2026-01-26,888.85,Purchase,Approved,0,Online
TXN053473,C316,CRD0467,KFC,2025-12-16,200.69,Purchase,Declined,0,POS
TXN053474,C417,CRD0632,Incredible Connect,2026-05-03,239.37,Payment,Declined,0,Online
TXN053475,C529,CRD0783,Nandos,2025-11-22,294.28,Purchase,Approved,0,POS
TXN053476,C102,CRD0157,KFC,2026-05-13,119.65,Withdrawal,Approved,0,ATM
TXN053477,C368,CRD0553,Checkers,2026-05-10,206.81,Refund,Approved,0,POS
TXN053478,C270,CRD0391,Superbalist,2025-12-25,995.75,Withdrawal,Approved,0,Online
TXN053479,C017,CRD0025,Nu Metro,2026-03-05,232.14,Purchase,Approved,0,POS
TXN053480,C297,CRD0435,Takealot,2026-05-07,1769.84,Purchase,Approved,0,Online
TXN053481,C411,CRD0623,Vida e Caffe,2025-12-22,134.19,Purchase,Approved,0,POS
TXN053482,C415,CRD0629,Uber Eats,2026-04-28,122.98,Purchase,Approved,0,Online
TXN053483,C016,CRD0024,Apple iTunes,2026-02-16,176.04,Purchase,Approved,0,Online
TXN053484,C447,CRD0680,Amazon.co.za,2026-03-25,2479.81,Purchase,Declined,0,Online
TXN053485,C120,CRD0181,Spur,2026-01-06,338.7,Purchase,Approved,0,POS
TXN053486,C118,CRD0179,Woolworths,2026-05-12,393.98,Purchase,Approved,0,POS
TXN053487,C227,CRD0330,Mr Price,2025-12-18,765.01,Purchase,Approved,0,POS
TXN053488,C048,CRD0074,McDonalds,2026-02-27,48.62,Purchase,Approved,0,Online
TXN053489,C326,CRD0484,Faithful to Nature,2026-04-04,556.76,Purchase,Approved,0,Online
TXN053490,C320,CRD0472,Faithful to Nature,2026-01-10,523.98,Purchase,Approved,0,Online
TXN053491,C434,CRD0661,Spur,2026-05-28,355.98,Purchase,Declined,0,POS
TXN053492,C013,CRD0020,Cape Union Mart,2026-02-28,709.0,Purchase,Approved,0,Online
TXN053493,C415,CRD0629,Ocean Basket,2026-01-24,139.47,Purchase,Approved,0,Online
TXN053494,C365,CRD0548,Bash.com,2025-11-25,456.19,Refund,Approved,0,Online
TXN053495,C331,CRD0493,Apple iTunes,2026-02-19,197.45,Purchase,Approved,0,Online
TXN053496,C014,CRD0021,McDonalds,2026-04-28,21.33,Refund,Approved,0,POS
TXN053497,C127,CRD0191,Steers,2026-03-30,73.85,Purchase,Approved,0,POS
TXN053498,C393,CRD0593,Makro,2026-03-24,8929.31,Purchase,Approved,0,POS
TXN053499,C313,CRD0463,Pep,2026-02-05,420.72,Purchase,Declined,0,ATM
TXN053500,C431,CRD0656,McDonalds,2026-01-28,64.03,Purchase,Approved,0,Online
TXN053501,C304,CRD0445,Checkers,2026-03-10,919.67,Purchase,Declined,0,Online
TXN053502,C482,CRD0730,Protea Hotels,2025-12-14,1406.47,Purchase,Declined,0,POS
TXN053503,C229,CRD0334,Mugg and Bean,2026-02-27,143.64,Purchase,Approved,0,POS
TXN053504,C181,CRD0266,Mugg and Bean,2025-12-29,119.4,Purchase,Approved,0,POS
TXN053505,C055,CRD0086,DStv,2026-05-18,135.95,Withdrawal,Approved,0,ATM
TXN053506,C393,CRD0593,Clicks,2026-03-23,78.82,Purchase,Approved,0,POS
TXN053507,C400,CRD0603,Mugg and Bean,2025-12-27,147.59,Purchase,Approved,0,ATM
TXN053508,C271,CRD0393,Takealot,2026-01-03,1573.16,Withdrawal,Declined,0,Online
TXN053509,C308,CRD0451,Checkers,2026-03-20,473.05,Refund,Approved,0,Online
TXN053510,C416,CRD0631,Apple iTunes,2025-12-26,293.36,Purchase,Approved,0,Online
TXN053511,C235,CRD0341,Montecasino,2025-12-24,1409.43,Withdrawal,Declined,0,ATM
TXN053512,C291,CRD0425,KFC,2025-12-25,50.99,Payment,Approved,0,Online
TXN053513,C083,CRD0127,Woolworths,2026-02-28,781.84,Purchase,Approved,0,POS
TXN053514,C021,CRD0035,Ster-Kinekor,2026-03-27,375.06,Withdrawal,Approved,1,ATM
TXN053515,C038,CRD0061,Foschini,2026-04-15,376.26,Purchase,Approved,0,POS
TXN053516,C102,CRD0157,Pick n Pay,2025-12-24,1242.49,Purchase,Declined,0,POS
TXN053517,C207,CRD0305,Faithful to Nature,2026-03-13,1855.93,Withdrawal,Approved,0,Online
TXN053518,C493,CRD0744,Truworths,2026-05-15,908.78,Purchase,Approved,0,POS
TXN053519,C453,CRD0691,Chicken Licken,2025-12-12,118.33,Purchase,Approved,0,Online
TXN053520,C408,CRD0619,Pick n Pay,2026-01-17,176.83,Purchase,Approved,0,POS
TXN053521,C429,CRD0653,Pep,2026-01-23,359.67,Withdrawal,Approved,0,ATM
TXN053522,C221,CRD0324,Steers,2026-04-20,60.07,Purchase,Approved,0,POS
TXN053523,C282,CRD0409,Debonairs,2025-11-27,195.77,Purchase,Approved,0,POS
TXN053524,C432,CRD0657,Google Play,2025-11-28,38.32,Payment,Approved,0,Online
TXN053525,C311,CRD0458,Ocean Basket,2025-12-27,439.13,Purchase,Approved,0,POS
TXN053526,C336,CRD0503,Takealot,2025-11-29,3676.18,Payment,Approved,0,Online
TXN053527,C005,CRD0005,TicketPro,2025-12-13,712.49,Withdrawal,Approved,0,ATM
TXN053528,C098,CRD0151,Loot.co.za,2026-02-02,762.64,Purchase,Approved,0,Online
TXN053529,C018,CRD0027,Faithful to Nature,2026-05-27,224.88,Purchase,Approved,0,Online
TXN053530,C126,CRD0190,Apple iTunes,2026-03-20,656.93,Purchase,Declined,0,Online
TXN053531,C451,CRD0687,Apple iTunes,2026-04-24,514.63,Purchase,Approved,1,Online
TXN053532,C351,CRD0526,Pep,2026-03-01,365.59,Payment,Approved,0,Online
TXN053533,C252,CRD0365,Zando,2026-02-26,157.18,Purchase,Approved,0,Online
TXN053534,C430,CRD0655,Apple iTunes,2026-04-25,145.52,Payment,Approved,0,Online
TXN053535,C424,CRD0643,iStore,2025-11-30,3360.9,Purchase,Approved,0,Online
TXN053536,C321,CRD0476,Clicks,2025-11-29,158.71,Purchase,Approved,0,Online
TXN053537,C222,CRD0325,Clicks,2026-04-06,441.77,Purchase,Approved,0,POS
TXN053538,C287,CRD0417,Amazon.co.za,2026-01-06,2514.24,Withdrawal,Approved,0,Online
TXN053539,C415,CRD0629,Romans Pizza,2026-01-15,439.85,Purchase,Pending,1,Online
TXN053540,C274,CRD0398,Vida e Caffe,2026-04-15,99.74,Purchase,Approved,0,POS
TXN053541,C432,CRD0658,Samsung Store,2026-02-25,18860.91,Purchase,Approved,0,POS
TXN053542,C150,CRD0226,City Lodge,2025-12-27,1728.53,Withdrawal,Approved,0,ATM
TXN053543,C426,CRD0648,Dis-Chem,2026-03-06,655.18,Purchase,Approved,0,POS
TXN053544,C011,CRD0017,Incredible Connect,2026-02-28,4581.07,Purchase,Approved,0,POS
TXN053545,C017,CRD0025,Mr Price,2025-11-21,1057.44,Purchase,Approved,0,Online
TXN053546,C176,CRD0259,Steers,2026-02-18,133.94,Purchase,Approved,0,POS
TXN053547,C450,CRD0684,KFC,2026-03-26,75.92,Purchase,Approved,0,POS
TXN053548,C209,CRD0307,Google Play,2026-02-26,168.4,Purchase,Approved,0,Online
TXN053549,C392,CRD0591,Ocean Basket,2026-03-25,418.47,Withdrawal,Approved,0,ATM
TXN053550,C343,CRD0514,Truworths,2026-04-26,138.94,Purchase,Approved,0,POS
TXN053551,C453,CRD0692,Steers,2026-03-25,187.16,Withdrawal,Approved,0,ATM
TXN053552,C107,CRD0164,Steers,2026-05-12,167.89,Purchase,Approved,0,POS
TXN053553,C298,CRD0437,Mr Price,2026-05-27,184.04,Purchase,Approved,0,Online
TXN053554,C353,CRD0531,Nu Metro,2026-04-26,274.95,Purchase,Approved,0,ATM
TXN053555,C300,CRD0440,Clicks,2025-12-24,419.17,Purchase,Approved,0,POS
TXN053556,C304,CRD0445,Avis SA,2026-04-20,1192.34,Purchase,Approved,0,POS
TXN053557,C418,CRD0634,Bash.com,2025-11-28,762.55,Purchase,Approved,0,Online
TXN053558,C430,CRD0654,Ster-Kinekor,2025-12-26,123.65,Purchase,Approved,0,POS
TXN053559,C204,CRD0299,KFC,2026-01-27,140.22,Purchase,Approved,0,Online
TXN053560,C344,CRD0515,Engen,2025-12-11,377.08,Purchase,Approved,0,ATM
TXN053561,C238,CRD0345,Checkers,2025-12-19,360.27,Purchase,Approved,0,Online
TXN053562,C489,CRD0738,Chicken Licken,2026-05-07,79.62,Purchase,Approved,0,Online
TXN053563,C073,CRD0114,Uber Eats,2025-12-16,281.2,Purchase,Approved,0,Online
TXN053564,C347,CRD0519,Uber Eats,2026-04-09,209.65,Purchase,Approved,0,Online
TXN053565,C342,CRD0513,Clicks,2026-01-24,172.58,Withdrawal,Approved,0,ATM
TXN053566,C345,CRD0516,Checkers,2026-05-17,2331.43,Purchase,Approved,0,POS
TXN053567,C163,CRD0242,Totalsports,2026-05-04,1579.17,Withdrawal,Approved,0,ATM
TXN053568,C191,CRD0280,Vida e Caffe,2026-02-03,111.81,Purchase,Approved,0,Online
TXN053569,C309,CRD0453,Chicken Licken,2026-02-02,121.2,Purchase,Approved,0,POS
TXN053570,C146,CRD0221,Totalsports,2026-02-25,369.13,Purchase,Approved,0,POS
TXN053571,C082,CRD0126,Foschini,2025-12-28,492.74,Purchase,Approved,0,Online
TXN053572,C229,CRD0332,Pick n Pay,2025-12-17,743.06,Purchase,Approved,0,POS
TXN053573,C378,CRD0570,Ocean Basket,2025-12-15,217.99,Withdrawal,Approved,0,ATM
TXN053574,C388,CRD0586,Sportsmans Whouse,2026-01-22,1445.44,Purchase,Approved,0,POS
TXN053575,C081,CRD0124,Dis-Chem,2026-02-19,486.93,Withdrawal,Approved,0,ATM
TXN053576,C157,CRD0235,KFC,2025-12-31,58.79,Withdrawal,Approved,0,ATM
TXN053577,C180,CRD0264,Mugg and Bean,2025-12-27,331.15,Purchase,Declined,0,POS
TXN053578,C166,CRD0247,Steers,2026-02-27,215.17,Purchase,Approved,0,POS
TXN053579,C074,CRD0115,Makro,2026-03-22,3129.32,Payment,Approved,0,Online
TXN053580,C362,CRD0541,KFC,2026-03-04,86.97,Withdrawal,Pending,0,ATM
TXN053581,C138,CRD0209,Clicks,2026-01-18,283.15,Purchase,Approved,0,POS
TXN053582,C430,CRD0655,Loot.co.za,2026-02-05,1276.57,Withdrawal,Approved,0,Online
TXN053583,C110,CRD0167,Apple iTunes,2026-03-02,106.07,Refund,Approved,0,Online
TXN053584,C469,CRD0714,Steers,2026-01-19,71.6,Purchase,Approved,0,ATM
TXN053585,C041,CRD0066,Pep,2025-12-03,267.86,Purchase,Approved,0,Online
TXN053586,C004,CRD0004,Google Play,2026-04-21,54.85,Purchase,Declined,0,Online
TXN053587,C215,CRD0315,Pick n Pay,2025-12-02,199.3,Refund,Approved,0,ATM
TXN053588,C338,CRD0507,Amazon.co.za,2025-11-22,3584.28,Purchase,Approved,0,Online
TXN053589,C242,CRD0350,DStv,2026-01-30,116.99,Withdrawal,Approved,0,ATM
TXN053590,C115,CRD0175,Nandos,2026-01-30,26.05,Refund,Declined,0,ATM
TXN053591,C126,CRD0190,Takealot,2026-05-08,1067.93,Refund,Approved,0,Online
TXN053592,C488,CRD0737,Vida e Caffe,2026-01-30,118.1,Purchase,Declined,0,Online
TXN053593,C399,CRD0602,Vida e Caffe,2026-03-26,141.19,Purchase,Approved,0,Online
TXN053594,C287,CRD0417,Mr Price,2026-02-10,318.08,Withdrawal,Approved,0,ATM
TXN053595,C120,CRD0183,DStv,2026-02-17,585.5,Purchase,Approved,0,Online
TXN053596,C316,CRD0467,Montecasino,2026-04-28,765.72,Withdrawal,Approved,0,ATM
TXN053597,C311,CRD0458,Pep,2026-02-28,349.45,Withdrawal,Approved,0,ATM
TXN053598,C466,CRD0710,Apple iTunes,2026-01-03,271.32,Purchase,Approved,0,Online
TXN053599,C253,CRD0366,Takealot,2026-01-27,3300.07,Purchase,Approved,0,Online
TXN053600,C547,CRD0801,Spotify,2026-03-19,58.76,Purchase,Approved,0,Online
TXN053601,C409,CRD0620,TicketPro,2025-12-20,697.99,Purchase,Approved,0,POS
TXN053602,C474,CRD0720,Clicks,2025-11-25,447.6,Purchase,Approved,0,POS
TXN053603,C072,CRD0112,Spotify,2026-04-27,50.43,Purchase,Approved,0,Online
TXN053604,C010,CRD0016,Steers,2026-02-05,173.08,Purchase,Declined,0,ATM
TXN053605,C107,CRD0164,FlySafair,2026-02-03,5737.45,Withdrawal,Declined,0,ATM
TXN053606,C284,CRD0413,Steers,2026-04-09,231.95,Purchase,Approved,0,Online
TXN053607,C461,CRD0702,Checkers,2025-11-22,818.12,Withdrawal,Approved,0,ATM
TXN053608,C115,CRD0175,Apple iTunes,2026-02-03,78.35,Refund,Approved,0,Online
TXN053609,C319,CRD0470,Incredible Connect,2026-03-25,4707.15,Purchase,Approved,0,POS
TXN053610,C306,CRD0449,Edgars,2026-04-29,560.55,Purchase,Approved,0,POS
TXN053611,C188,CRD0276,Clicks,2026-03-19,295.94,Purchase,Approved,0,POS
TXN053612,C426,CRD0648,Pick n Pay,2026-01-27,2246.63,Purchase,Approved,0,POS
TXN053613,C226,CRD0329,Totalsports,2026-03-27,741.36,Purchase,Approved,0,POS
TXN053614,C028,CRD0047,Clicks,2025-12-05,637.25,Purchase,Declined,0,POS
TXN053615,C209,CRD0308,McDonalds,2025-12-10,43.32,Purchase,Approved,0,Online
TXN053616,C460,CRD0700,Pick n Pay,2026-03-27,1521.87,Purchase,Approved,0,POS
TXN053617,C520,CRD0774,Zando,2025-11-24,4153.92,Purchase,Approved,1,Online
TXN053618,C430,CRD0654,Google Play,2026-04-27,131.04,Purchase,Pending,0,Online
TXN053619,C232,CRD0338,Nu Metro,2026-01-27,97.22,Withdrawal,Approved,0,ATM
TXN053620,C426,CRD0648,Loot.co.za,2026-04-29,417.88,Purchase,Approved,0,Online
TXN053621,C237,CRD0343,Wimpy,2026-04-28,178.47,Purchase,Declined,0,Online
TXN053622,C236,CRD0342,McDonalds,2026-03-05,129.12,Payment,Approved,0,Online
TXN053623,C423,CRD0642,Bash.com,2025-11-26,2942.64,Purchase,Approved,0,Online
TXN053624,C037,CRD0058,Google Play,2025-12-27,126.53,Purchase,Approved,0,Online
TXN053625,C366,CRD0550,Dis-Chem,2026-01-02,837.14,Purchase,Approved,0,POS
TXN053626,C335,CRD0502,Nandos,2026-05-26,226.49,Purchase,Approved,0,ATM
TXN053627,C450,CRD0684,Checkers,2026-04-25,1631.75,Purchase,Approved,0,Online
TXN053628,C002,CRD0002,Pep,2026-02-27,112.2,Purchase,Approved,0,POS
TXN053629,C008,CRD0012,Romans Pizza,2026-01-28,68.19,Purchase,Approved,0,POS
TXN053630,C339,CRD0508,Apple iTunes,2026-01-26,289.33,Purchase,Approved,0,Online
TXN053631,C365,CRD0547,Cape Union Mart,2025-12-03,905.62,Withdrawal,Approved,0,ATM
TXN053632,C060,CRD0093,Debonairs,2026-04-09,166.08,Withdrawal,Approved,0,ATM
TXN053633,C285,CRD0414,McDonalds,2026-01-26,102.05,Withdrawal,Approved,0,ATM
TXN053634,C418,CRD0635,Ster-Kinekor,2026-02-02,271.33,Withdrawal,Approved,0,ATM
TXN053635,C207,CRD0304,Edgars,2026-02-25,398.58,Withdrawal,Approved,0,ATM
TXN053636,C149,CRD0224,Vida e Caffe,2025-12-13,109.05,Withdrawal,Approved,0,ATM
TXN053637,C147,CRD0222,Truworths,2026-01-28,1737.05,Purchase,Pending,0,POS
TXN053638,C460,CRD0700,ShowMax,2026-05-03,81.45,Purchase,Approved,0,Online
TXN053639,C327,CRD0487,Google Play,2025-12-18,119.9,Withdrawal,Declined,0,Online
TXN053640,C427,CRD0651,Google Play,2025-12-08,236.13,Purchase,Approved,0,Online
TXN053641,C138,CRD0210,Google Play,2026-03-27,216.86,Purchase,Approved,0,Online
TXN053642,C253,CRD0366,Bash.com,2026-02-17,1870.8,Purchase,Approved,0,Online
TXN053643,C252,CRD0365,Uber Eats,2025-11-26,128.36,Withdrawal,Approved,0,Online
TXN053644,C465,CRD0708,Clicks,2025-11-23,565.73,Withdrawal,Approved,0,ATM
TXN053645,C433,CRD0659,Loot.co.za,2026-04-03,506.13,Withdrawal,Approved,0,Online
TXN053646,C484,CRD0732,Clicks,2025-12-30,119.96,Payment,Declined,0,Online
TXN053647,C034,CRD0055,Ster-Kinekor,2025-11-30,104.76,Purchase,Approved,0,POS
TXN053648,C349,CRD0524,Faithful to Nature,2026-01-26,1170.97,Payment,Approved,0,Online
TXN053649,C033,CRD0054,Google Play,2026-04-12,25.68,Purchase,Approved,0,Online
TXN053650,C474,CRD0720,Vida e Caffe,2026-05-27,113.87,Withdrawal,Approved,0,ATM
TXN053651,C477,CRD0725,Chicken Licken,2026-04-25,150.94,Purchase,Approved,0,ATM
TXN053652,C325,CRD0483,Zando,2025-11-30,2417.69,Withdrawal,Approved,0,Online
TXN053653,C322,CRD0478,Debonairs,2026-05-01,68.11,Payment,Approved,0,Online
TXN053654,C018,CRD0028,Apple iTunes,2026-04-07,119.32,Purchase,Approved,0,Online
TXN053655,C112,CRD0172,Google Play,2026-01-20,22.88,Purchase,Approved,0,Online
TXN053656,C067,CRD0104,Vida e Caffe,2026-03-22,48.07,Withdrawal,Approved,0,ATM
TXN053657,C005,CRD0006,KFC,2026-03-28,32.91,Refund,Approved,0,Online
TXN053658,C237,CRD0343,Spur,2026-04-26,555.06,Purchase,Approved,0,Online
TXN053659,C069,CRD0106,Nandos,2026-02-25,87.99,Withdrawal,Approved,0,ATM
TXN053660,C393,CRD0592,Faithful to Nature,2026-01-21,1318.96,Purchase,Approved,0,Online
TXN053661,C409,CRD0621,Pep,2025-12-15,279.99,Purchase,Approved,0,Online
TXN053662,C405,CRD0612,Clicks,2026-05-15,324.26,Purchase,Declined,0,POS
TXN053663,C041,CRD0065,Checkers,2026-04-21,1353.69,Purchase,Declined,0,Online
TXN053664,C187,CRD0274,Romans Pizza,2026-02-28,239.85,Purchase,Approved,0,POS
TXN053665,C496,CRD0748,Kulula,2026-05-28,1608.67,Purchase,Approved,0,POS
TXN053666,C138,CRD0209,Debonairs,2026-03-30,53.03,Purchase,Approved,0,POS
TXN053667,C545,CRD0799,Europcar,2026-05-25,2107.42,Purchase,Approved,0,Online
TXN053668,C374,CRD0562,Chicken Licken,2026-03-07,49.49,Purchase,Approved,0,POS
TXN053669,C230,CRD0336,Mr Price,2026-03-28,241.05,Withdrawal,Approved,0,ATM
TXN053670,C193,CRD0283,Pep,2025-12-25,184.04,Purchase,Approved,0,POS
TXN053671,C318,CRD0469,Nandos,2026-04-27,292.39,Purchase,Approved,0,POS
TXN053672,C549,CRD0803,Nu Metro,2025-11-23,278.01,Purchase,Approved,1,Online
TXN053673,C176,CRD0259,KFC,2026-02-04,68.06,Purchase,Approved,0,Online
TXN053674,C517,CRD0771,KFC,2026-01-30,85.91,Purchase,Approved,0,POS
TXN053675,C162,CRD0241,Apple iTunes,2025-12-23,64.08,Purchase,Approved,0,Online
TXN053676,C230,CRD0336,Clicks,2026-01-27,581.14,Purchase,Declined,0,POS
TXN053677,C448,CRD0681,Nandos,2026-04-27,146.54,Purchase,Approved,0,POS
TXN053678,C243,CRD0351,Cape Union Mart,2026-02-17,921.95,Payment,Approved,0,Online
TXN053679,C203,CRD0298,Woolworths,2025-12-23,1642.48,Purchase,Approved,0,ATM
TXN053680,C120,CRD0183,KFC,2026-04-28,101.7,Purchase,Approved,0,Online
TXN053681,C410,CRD0622,Apple iTunes,2026-01-26,490.74,Purchase,Declined,0,Online
TXN053682,C438,CRD0666,Apple iTunes,2026-03-14,167.54,Purchase,Approved,0,Online
TXN053683,C137,CRD0208,McDonalds,2026-02-27,124.32,Purchase,Approved,0,Online
TXN053684,C110,CRD0167,Uber Eats,2026-04-15,122.2,Payment,Approved,0,Online
TXN053685,C129,CRD0193,Ocean Basket,2026-05-28,739.34,Purchase,Approved,1,POS
TXN053686,C233,CRD0339,Truworths,2025-12-10,278.75,Purchase,Approved,0,Online
TXN053687,C499,CRD0753,Clicks,2025-12-06,564.29,Purchase,Approved,0,POS
TXN053688,C096,CRD0148,Cape Union Mart,2026-05-25,445.53,Purchase,Pending,0,POS
TXN053689,C455,CRD0695,Dis-Chem,2026-04-25,160.51,Payment,Approved,0,Online
TXN053690,C206,CRD0303,Apple iTunes,2026-03-28,269.29,Withdrawal,Approved,0,Online
TXN053691,C270,CRD0392,Ster-Kinekor,2025-12-18,77.29,Purchase,Declined,0,POS
TXN053692,C056,CRD0087,Mugg and Bean,2026-02-25,138.72,Purchase,Declined,0,ATM
TXN053693,C127,CRD0191,Pick n Pay,2026-01-26,549.03,Purchase,Declined,0,POS
TXN053694,C069,CRD0107,Dis-Chem,2026-05-08,234.9,Purchase,Approved,0,POS
TXN053695,C149,CRD0225,Mugg and Bean,2026-02-23,309.39,Purchase,Approved,0,POS
TXN053696,C115,CRD0176,DStv,2026-01-27,569.48,Purchase,Approved,0,Online
TXN053697,C091,CRD0142,Apple iTunes,2026-04-09,64.57,Purchase,Approved,0,Online
TXN053698,C130,CRD0196,Chicken Licken,2025-12-09,57.84,Purchase,Approved,0,POS
TXN053699,C288,CRD0419,McDonalds,2025-12-03,68.79,Purchase,Approved,0,POS
TXN053700,C425,CRD0645,Clicks,2025-12-20,307.22,Purchase,Approved,0,POS
TXN053701,C511,CRD0765,Pep,2026-04-26,325.52,Purchase,Approved,0,ATM
TXN053702,C021,CRD0034,Spotify,2025-12-07,50.76,Purchase,Approved,0,Online
TXN053703,C279,CRD0405,Clicks,2026-03-24,60.39,Purchase,Declined,0,POS
TXN053704,C400,CRD0604,Spur,2026-04-23,139.49,Purchase,Approved,0,POS
TXN053705,C303,CRD0443,Vida e Caffe,2026-02-15,40.51,Purchase,Approved,0,POS
TXN053706,C546,CRD0800,Apple iTunes,2026-02-25,306.91,Purchase,Approved,0,Online
TXN053707,C273,CRD0396,Shell,2025-11-26,632.39,Purchase,Approved,0,Online
TXN053708,C275,CRD0399,Loot.co.za,2026-05-12,1204.48,Withdrawal,Approved,0,Online
TXN053709,C300,CRD0439,Takealot,2025-12-06,3577.65,Purchase,Approved,0,Online
TXN053710,C022,CRD0037,Builders Warehouse,2025-12-09,9310.11,Payment,Approved,0,Online
TXN053711,C126,CRD0190,Takealot,2026-04-17,268.23,Purchase,Approved,0,Online
TXN053712,C220,CRD0323,Truworths,2026-03-08,1360.6,Purchase,Approved,0,POS
TXN053713,C176,CRD0259,Vida e Caffe,2026-03-09,146.21,Withdrawal,Approved,0,ATM
TXN053714,C398,CRD0598,Steers,2026-02-26,75.45,Purchase,Approved,0,Online
TXN053715,C541,CRD0795,Romans Pizza,2026-03-02,119.09,Purchase,Approved,0,ATM
TXN053716,C259,CRD0375,Apple iTunes,2026-04-04,362.34,Purchase,Declined,0,Online
TXN053717,C272,CRD0395,Apple iTunes,2025-11-26,147.7,Payment,Approved,0,Online
TXN053718,C312,CRD0461,Bash.com,2025-12-25,3909.01,Withdrawal,Approved,1,Online
TXN053719,C353,CRD0530,Ster-Kinekor,2026-02-25,240.67,Purchase,Approved,0,Online
TXN053720,C521,CRD0775,Debonairs,2025-12-14,261.18,Purchase,Declined,0,POS
TXN053721,C317,CRD0468,Spotify,2026-01-25,63.07,Purchase,Approved,0,Online
TXN053722,C224,CRD0327,Google Play,2026-04-05,63.26,Purchase,Approved,0,Online
TXN053723,C278,CRD0403,Vida e Caffe,2026-01-29,62.11,Purchase,Approved,0,POS
TXN053724,C548,CRD0802,Takealot,2026-04-25,960.39,Purchase,Approved,0,Online
TXN053725,C007,CRD0010,Netflix,2025-12-25,137.89,Purchase,Approved,0,Online
TXN053726,C386,CRD0584,McDonalds,2026-01-12,78.15,Purchase,Approved,0,Online
TXN053727,C485,CRD0733,Wimpy,2025-12-22,258.96,Purchase,Approved,0,Online
TXN053728,C097,CRD0150,Uber Eats,2026-02-24,150.85,Purchase,Approved,0,Online
TXN053729,C398,CRD0599,Google Play,2025-12-01,7.57,Refund,Approved,0,Online
TXN053730,C018,CRD0028,Clicks,2026-04-27,122.3,Purchase,Pending,0,POS
TXN053731,C180,CRD0264,Wimpy,2026-01-09,42.3,Refund,Approved,0,POS
TXN053732,C187,CRD0274,Takealot,2026-04-14,1411.16,Purchase,Approved,0,Online
TXN053733,C137,CRD0207,Google Play,2026-04-11,87.11,Purchase,Approved,0,Online
TXN053734,C171,CRD0252,Truworths,2026-04-28,1210.95,Purchase,Approved,0,POS
TXN053735,C078,CRD0121,Edgars,2026-04-05,548.88,Purchase,Approved,0,POS
TXN053736,C284,CRD0413,Nu Metro,2026-03-18,186.45,Purchase,Approved,0,POS
TXN053737,C403,CRD0608,iStore,2026-03-11,17790.11,Purchase,Approved,0,POS
TXN053738,C364,CRD0545,Steers,2026-01-03,76.43,Purchase,Approved,0,Online
TXN053739,C200,CRD0295,Chicken Licken,2026-04-27,47.55,Purchase,Declined,0,POS
TXN053740,C242,CRD0350,Chicken Licken,2026-03-01,99.26,Withdrawal,Approved,0,ATM
TXN053741,C338,CRD0505,Pep,2025-12-22,121.31,Purchase,Approved,0,POS
TXN053742,C532,CRD0786,Cape Union Mart,2026-04-26,1367.17,Withdrawal,Declined,0,ATM
TXN053743,C351,CRD0526,Google Play,2026-01-20,63.21,Withdrawal,Declined,0,Online
TXN053744,C013,CRD0020,McDonalds,2026-01-28,122.36,Payment,Approved,0,Online
TXN053745,C049,CRD0076,DStv,2026-03-26,165.74,Purchase,Approved,0,POS
TXN053746,C526,CRD0780,Google Play,2025-12-31,114.87,Purchase,Approved,0,Online
TXN053747,C305,CRD0447,Loot.co.za,2026-03-21,272.58,Purchase,Approved,0,Online
TXN053748,C152,CRD0229,Kulula,2026-04-10,888.15,Purchase,Approved,0,Online
TXN053749,C080,CRD0123,Apple iTunes,2026-03-08,286.66,Withdrawal,Approved,0,Online
TXN053750,C217,CRD0318,Chicken Licken,2026-03-28,133.04,Withdrawal,Approved,0,ATM
TXN053751,C088,CRD0134,Nu Metro,2026-01-22,81.33,Withdrawal,Approved,0,ATM
TXN053752,C027,CRD0046,Faithful to Nature,2026-05-27,844.61,Purchase,Approved,0,Online
TXN053753,C474,CRD0720,Nu Metro,2026-01-31,114.49,Payment,Approved,0,Online
TXN053754,C536,CRD0790,Steers,2026-04-01,168.43,Purchase,Approved,0,Online
TXN053755,C475,CRD0721,Google Play,2026-04-27,59.85,Purchase,Approved,0,Online
TXN053756,C421,CRD0640,Apple iTunes,2026-02-11,97.25,Payment,Approved,0,Online
TXN053757,C366,CRD0550,Spotify,2026-04-05,57.9,Withdrawal,Approved,0,Online
TXN053758,C033,CRD0054,Europcar,2026-04-07,843.96,Purchase,Approved,0,Online
TXN053759,C222,CRD0325,Mugg and Bean,2026-03-23,251.49,Purchase,Approved,0,POS
TXN053760,C332,CRD0496,Checkers,2026-05-10,217.66,Purchase,Declined,0,ATM
TXN053761,C311,CRD0459,KFC,2026-05-15,50.6,Payment,Approved,0,Online
TXN053762,C498,CRD0751,Clicks,2026-02-08,296.06,Purchase,Approved,0,Online
TXN053763,C438,CRD0667,Edgars,2026-02-14,612.87,Purchase,Approved,0,POS
TXN053764,C451,CRD0685,KFC,2025-12-26,114.43,Purchase,Approved,0,POS
TXN053765,C155,CRD0233,Nu Metro,2025-12-13,261.33,Purchase,Approved,1,POS
TXN053766,C035,CRD0056,Steers,2026-05-25,190.89,Purchase,Approved,0,POS
TXN053767,C179,CRD0263,Takealot,2025-12-16,3488.62,Purchase,Approved,0,Online
TXN053768,C175,CRD0258,Gold Reef City,2026-05-15,589.7,Purchase,Approved,0,POS
TXN053769,C289,CRD0420,Dis-Chem,2026-03-17,505.36,Purchase,Approved,0,Online
TXN053770,C021,CRD0034,Gold Reef City,2026-01-20,376.01,Purchase,Declined,0,ATM
TXN053771,C464,CRD0707,Chicken Licken,2026-05-06,53.23,Purchase,Declined,0,POS
TXN053772,C002,CRD0002,ShowMax,2026-05-02,79.43,Withdrawal,Approved,0,Online
TXN053773,C038,CRD0059,Pep,2026-05-01,119.24,Purchase,Approved,0,POS
TXN053774,C455,CRD0694,Vida e Caffe,2025-11-23,63.81,Purchase,Approved,0,POS
TXN053775,C165,CRD0245,Steers,2026-04-22,163.74,Withdrawal,Approved,0,ATM
TXN053776,C336,CRD0503,Builders Warehouse,2026-04-08,8297.79,Payment,Approved,0,Online
TXN053777,C193,CRD0283,Edgars,2026-03-26,439.75,Purchase,Declined,0,POS
TXN053778,C089,CRD0136,Uber Eats,2026-03-04,104.94,Purchase,Approved,0,Online
TXN053779,C372,CRD0560,Shell,2026-02-25,871.92,Withdrawal,Approved,0,ATM
TXN053780,C254,CRD0367,Dis-Chem,2026-05-06,1180.58,Purchase,Declined,0,POS
TXN053781,C420,CRD0639,Google Play,2026-01-11,220.29,Purchase,Approved,0,Online
TXN053782,C069,CRD0107,TicketPro,2026-03-23,340.17,Payment,Approved,0,Online
TXN053783,C320,CRD0472,Clicks,2026-05-08,321.9,Payment,Approved,0,Online
TXN053784,C342,CRD0512,Uber Eats,2026-01-08,120.09,Purchase,Approved,0,Online
TXN053785,C208,CRD0306,Dis-Chem,2026-01-28,977.79,Purchase,Declined,0,POS
TXN053786,C405,CRD0611,Pep,2026-05-28,139.1,Purchase,Approved,0,POS
TXN053787,C188,CRD0275,Pep,2026-02-07,157.29,Purchase,Approved,0,Online
TXN053788,C464,CRD0706,Builders Warehouse,2026-02-25,3945.19,Payment,Approved,0,Online
TXN053789,C223,CRD0326,KFC,2026-04-26,38.43,Purchase,Approved,0,POS
TXN053790,C418,CRD0634,Google Play,2026-01-09,160.11,Purchase,Approved,0,Online
TXN053791,C271,CRD0394,Dis-Chem,2026-02-28,423.29,Purchase,Approved,0,POS
TXN053792,C351,CRD0526,KFC,2026-04-14,50.32,Purchase,Approved,0,POS
TXN053793,C152,CRD0230,Clicks,2026-03-29,580.86,Purchase,Declined,0,POS
TXN053794,C379,CRD0571,Debonairs,2026-02-27,283.74,Purchase,Approved,0,POS
TXN053795,C017,CRD0025,Builders Warehouse,2026-02-23,12521.36,Payment,Approved,0,Online
TXN053796,C298,CRD0436,Loot.co.za,2026-03-29,1634.7,Purchase,Approved,0,Online
TXN053797,C352,CRD0529,Apple iTunes,2026-02-20,103.84,Purchase,Approved,0,Online
TXN053798,C239,CRD0346,KFC,2026-03-19,175.99,Purchase,Approved,0,POS
TXN053799,C085,CRD0129,McDonalds,2026-01-05,141.17,Purchase,Declined,0,POS
TXN053800,C126,CRD0190,Nandos,2026-02-04,95.14,Purchase,Approved,0,ATM
TXN053801,C205,CRD0300,Apple iTunes,2025-12-31,200.8,Withdrawal,Approved,0,Online
TXN053802,C171,CRD0253,Ocean Basket,2025-12-06,350.4,Purchase,Approved,0,POS
TXN053803,C363,CRD0542,Amazon.co.za,2026-05-26,3747.89,Payment,Approved,0,Online
TXN053804,C071,CRD0111,Nandos,2026-04-11,88.13,Purchase,Approved,0,POS
TXN053805,C272,CRD0395,Mr Price,2026-04-16,226.31,Purchase,Approved,0,POS
TXN053806,C506,CRD0760,Faithful to Nature,2025-12-08,1013.6,Purchase,Approved,0,Online
TXN053807,C204,CRD0299,Faithful to Nature,2025-12-26,1249.14,Withdrawal,Approved,0,Online
TXN053808,C332,CRD0496,Apple iTunes,2026-04-06,107.93,Purchase,Approved,0,Online
TXN053809,C415,CRD0629,KFC,2026-04-15,14.21,Refund,Approved,0,ATM
TXN053810,C474,CRD0720,Takealot,2026-05-04,1175.76,Purchase,Approved,0,Online
TXN053811,C118,CRD0179,Uber Eats,2025-12-28,44.3,Refund,Approved,0,Online
TXN053812,C269,CRD0390,Zando,2025-12-28,762.34,Purchase,Approved,0,Online
TXN053813,C303,CRD0444,Takealot,2026-01-28,245.96,Purchase,Approved,0,Online
TXN053814,C266,CRD0384,Dis-Chem,2025-12-16,1092.11,Purchase,Approved,0,Online
TXN053815,C075,CRD0117,Loot.co.za,2025-12-03,619.27,Purchase,Approved,0,Online
TXN053816,C115,CRD0175,Vida e Caffe,2026-05-01,46.89,Purchase,Approved,0,Online
TXN053817,C289,CRD0420,Romans Pizza,2026-03-16,268.45,Purchase,Approved,0,Online
TXN053818,C291,CRD0424,Pep,2026-04-19,158.63,Purchase,Approved,0,Online
TXN053819,C061,CRD0094,ShowMax,2026-04-13,92.33,Purchase,Approved,0,Online
TXN053820,C436,CRD0663,Spotify,2026-01-28,66.96,Purchase,Approved,0,Online
TXN053821,C040,CRD0063,McDonalds,2026-03-30,60.02,Purchase,Approved,0,Online
TXN053822,C462,CRD0703,Checkers,2026-04-16,2064.04,Purchase,Pending,0,POS
TXN053823,C210,CRD0309,Pick n Pay,2026-04-20,1068.68,Withdrawal,Declined,0,ATM
TXN053824,C550,CRD0804,TicketPro,2025-12-28,281.65,Purchase,Approved,0,Online
TXN053825,C364,CRD0545,Romans Pizza,2026-03-16,180.38,Purchase,Approved,0,POS
TXN053826,C478,CRD0726,Nandos,2026-04-19,102.47,Payment,Approved,0,Online
TXN053827,C220,CRD0323,Google Play,2026-03-27,165.73,Purchase,Approved,0,Online
TXN053828,C090,CRD0139,Mr Price,2026-03-29,272.59,Purchase,Approved,0,Online
TXN053829,C266,CRD0384,Pep,2025-11-27,287.99,Purchase,Approved,0,POS
TXN053830,C003,CRD0003,Takealot,2025-12-28,526.49,Purchase,Approved,0,Online
TXN053831,C206,CRD0302,TicketPro,2026-05-02,808.5,Purchase,Approved,0,Online
TXN053832,C304,CRD0445,Spotify,2025-12-28,83.53,Purchase,Approved,1,Online
TXN053833,C047,CRD0072,Google Play,2026-02-13,296.34,Purchase,Approved,0,Online
TXN053834,C137,CRD0206,Truworths,2026-04-19,488.39,Withdrawal,Approved,0,ATM
TXN053835,C316,CRD0467,Dis-Chem,2026-03-25,333.18,Withdrawal,Approved,0,ATM
TXN053836,C031,CRD0051,Pep,2026-01-25,173.72,Purchase,Approved,0,POS
TXN053837,C425,CRD0644,Vida e Caffe,2026-02-27,57.17,Purchase,Approved,0,Online
TXN053838,C099,CRD0153,DStv,2026-03-25,584.87,Purchase,Declined,0,POS
TXN053839,C210,CRD0309,Google Play,2025-12-27,54.55,Payment,Approved,0,Online
TXN053840,C296,CRD0434,Takealot,2026-03-25,702.35,Refund,Approved,0,Online
TXN053841,C498,CRD0751,Mr Price,2026-03-25,456.95,Payment,Approved,0,Online
TXN053842,C504,CRD0758,Bash.com,2025-12-22,900.28,Purchase,Approved,0,Online
TXN053843,C517,CRD0771,Apple iTunes,2025-11-23,88.68,Purchase,Approved,0,Online
TXN053844,C125,CRD0189,Checkers,2026-02-27,1988.43,Purchase,Declined,0,POS
TXN053845,C289,CRD0421,Nu Metro,2026-03-25,291.35,Purchase,Approved,1,POS
TXN053846,C182,CRD0269,Google Play,2026-04-24,45.07,Purchase,Approved,0,Online
TXN053847,C086,CRD0130,Google Play,2026-02-02,120.87,Withdrawal,Approved,0,Online
TXN053848,C135,CRD0203,Apple iTunes,2025-12-10,416.09,Purchase,Approved,0,Online
TXN053849,C032,CRD0053,Google Play,2026-01-03,257.5,Purchase,Approved,1,Online
TXN053850,C450,CRD0684,Spotify,2026-04-14,55.78,Purchase,Approved,0,Online
TXN053851,C379,CRD0571,Nandos,2025-11-22,168.48,Purchase,Approved,0,Online
TXN053852,C129,CRD0193,Amazon.co.za,2026-01-27,3734.03,Purchase,Approved,0,Online
TXN053853,C112,CRD0171,Wimpy,2026-04-07,232.14,Payment,Approved,0,Online
TXN053854,C523,CRD0777,Checkers,2026-03-28,973.45,Purchase,Approved,0,POS
TXN053855,C280,CRD0407,Loot.co.za,2026-04-24,455.49,Refund,Approved,0,Online
TXN053856,C370,CRD0556,TicketPro,2026-03-26,709.78,Purchase,Approved,0,POS
TXN053857,C007,CRD0011,Google Play,2026-02-20,179.91,Purchase,Approved,0,Online
TXN053858,C396,CRD0596,Engen,2026-03-25,1484.71,Withdrawal,Pending,0,ATM
TXN053859,C223,CRD0326,ShowMax,2026-01-11,43.91,Purchase,Pending,0,Online
TXN053860,C019,CRD0030,Spotify,2026-04-23,60.59,Purchase,Approved,0,Online
TXN053861,C100,CRD0154,Gold Reef City,2025-12-14,201.22,Purchase,Approved,0,POS
TXN053862,C223,CRD0326,Clicks,2026-03-21,188.52,Withdrawal,Approved,0,ATM
TXN053863,C058,CRD0090,Netflix,2025-12-01,200.79,Purchase,Declined,0,Online
TXN053864,C304,CRD0446,Apple iTunes,2026-02-09,174.88,Purchase,Approved,0,Online
TXN053865,C311,CRD0459,Builders Warehouse,2025-12-25,1005.56,Purchase,Approved,0,POS
TXN053866,C357,CRD0536,Pep,2026-04-27,640.35,Payment,Approved,1,Online
TXN053867,C393,CRD0592,Clicks,2026-01-28,225.98,Purchase,Approved,0,POS
TXN053868,C080,CRD0123,Mugg and Bean,2026-01-27,175.63,Withdrawal,Approved,0,ATM
TXN053869,C428,CRD0652,Uber Eats,2026-02-14,543.1,Purchase,Approved,1,Online
TXN053870,C157,CRD0235,Pep,2026-02-27,48.62,Purchase,Approved,0,POS
TXN053871,C107,CRD0164,Google Play,2026-03-26,361.74,Purchase,Approved,1,Online
TXN053872,C475,CRD0721,SAA,2025-12-03,5761.69,Purchase,Approved,0,Online
TXN053873,C535,CRD0789,Loot.co.za,2026-01-26,314.03,Withdrawal,Approved,0,Online
TXN053874,C476,CRD0723,McDonalds,2026-01-10,127.45,Purchase,Approved,0,POS
TXN053875,C016,CRD0023,KFC,2026-02-27,23.42,Refund,Approved,0,POS
TXN053876,C320,CRD0472,Mugg and Bean,2026-02-10,146.65,Purchase,Approved,0,Online
TXN053877,C460,CRD0700,Apple iTunes,2026-01-06,198.15,Purchase,Approved,0,Online
TXN053878,C136,CRD0205,Clicks,2026-01-05,1030.08,Purchase,Approved,1,POS
TXN053879,C381,CRD0574,Bash.com,2026-02-16,635.98,Withdrawal,Approved,0,Online
TXN053880,C328,CRD0488,Ster-Kinekor,2026-03-31,109.57,Purchase,Approved,0,POS
TXN053881,C285,CRD0414,Nandos,2026-04-26,68.93,Refund,Approved,0,POS
TXN053882,C425,CRD0644,Takealot,2026-04-25,2773.57,Purchase,Approved,0,Online
TXN053883,C475,CRD0721,Wimpy,2026-01-31,259.12,Purchase,Pending,0,ATM
TXN053884,C547,CRD0801,Pick n Pay,2025-12-12,1878.34,Purchase,Approved,0,POS
TXN053885,C049,CRD0078,Takealot,2025-12-15,5132.95,Purchase,Approved,1,Online
TXN053886,C221,CRD0324,Pep,2025-12-28,174.88,Payment,Approved,0,Online
TXN053887,C464,CRD0706,Pep,2026-01-18,52.63,Withdrawal,Declined,0,ATM
TXN053888,C351,CRD0526,Truworths,2026-01-29,353.81,Refund,Approved,0,Online
TXN053889,C374,CRD0563,Dis-Chem,2026-01-25,44.94,Withdrawal,Approved,0,ATM
TXN053890,C148,CRD0223,Debonairs,2025-12-30,141.47,Purchase,Approved,0,POS
TXN053891,C476,CRD0723,Vida e Caffe,2026-03-10,67.21,Withdrawal,Approved,0,ATM
TXN053892,C225,CRD0328,ShowMax,2026-04-17,96.74,Purchase,Approved,1,Online
TXN053893,C543,CRD0797,Chicken Licken,2025-12-23,59.75,Purchase,Approved,0,POS
TXN053894,C489,CRD0738,Clicks,2025-12-28,787.82,Purchase,Approved,0,POS
TXN053895,C193,CRD0284,DStv,2026-05-16,304.81,Payment,Approved,0,Online
TXN053896,C001,CRD0001,Foschini,2026-04-27,1996.08,Purchase,Approved,0,POS
TXN053897,C339,CRD0509,Loot.co.za,2026-04-27,3467.5,Purchase,Declined,0,Online
TXN053898,C186,CRD0273,ShowMax,2026-01-14,92.29,Purchase,Approved,0,Online
TXN053899,C058,CRD0090,Mr Price,2026-03-13,449.17,Purchase,Approved,0,Online
TXN053900,C301,CRD0441,TicketPro,2026-02-01,876.65,Purchase,Declined,0,POS
TXN053901,C501,CRD0755,Steers,2026-04-26,12.0,Refund,Approved,0,Online
TXN053902,C367,CRD0551,Dis-Chem,2025-12-02,229.53,Purchase,Approved,0,POS
TXN053903,C367,CRD0552,Clicks,2026-05-27,66.61,Refund,Approved,0,POS
TXN053904,C414,CRD0628,Mr Price,2026-02-01,998.38,Purchase,Approved,0,Online
TXN053905,C166,CRD0247,Faithful to Nature,2026-04-23,1320.65,Withdrawal,Approved,0,Online
TXN053906,C277,CRD0401,Pep,2025-12-31,167.5,Purchase,Approved,0,POS
TXN053907,C137,CRD0207,Amazon.co.za,2026-03-18,2996.7,Purchase,Approved,0,Online
TXN053908,C195,CRD0287,KFC,2026-03-20,161.3,Purchase,Declined,0,Online
TXN053909,C075,CRD0117,Nandos,2026-02-08,371.02,Payment,Approved,0,Online
TXN053910,C324,CRD0481,Pep,2026-02-26,345.25,Purchase,Approved,0,POS
TXN053911,C211,CRD0311,Chicken Licken,2026-02-22,15.88,Refund,Approved,0,POS
TXN053912,C169,CRD0250,Google Play,2026-02-25,320.25,Purchase,Declined,0,Online
TXN053913,C065,CRD0099,Google Play,2026-01-13,137.41,Purchase,Approved,0,Online
TXN053914,C285,CRD0414,Pick n Pay,2026-04-28,915.74,Purchase,Approved,0,POS
TXN053915,C059,CRD0092,Pep,2025-12-09,172.66,Purchase,Approved,0,POS
TXN053916,C243,CRD0351,Pep,2026-01-01,404.33,Purchase,Approved,0,Online
TXN053917,C331,CRD0494,Woolworths,2026-01-19,927.02,Withdrawal,Approved,0,ATM
TXN053918,C431,CRD0656,Spur,2026-04-17,246.58,Purchase,Approved,0,POS
TXN053919,C273,CRD0396,Ster-Kinekor,2026-05-06,75.29,Purchase,Approved,0,POS
TXN053920,C110,CRD0168,Wimpy,2025-12-13,86.27,Payment,Approved,0,Online
TXN053921,C288,CRD0419,KFC,2026-02-25,49.63,Purchase,Approved,0,ATM
TXN053922,C126,CRD0190,Spur,2026-05-26,37.26,Refund,Approved,0,Online
TXN053923,C239,CRD0347,Checkers,2026-03-31,1495.23,Withdrawal,Approved,0,ATM
TXN053924,C430,CRD0654,Pick n Pay,2026-02-27,1540.35,Purchase,Approved,0,POS
TXN053925,C149,CRD0225,Steers,2025-12-22,216.37,Withdrawal,Approved,0,ATM
TXN053926,C548,CRD0802,Romans Pizza,2026-01-27,117.1,Purchase,Declined,0,Online
TXN053927,C549,CRD0803,Amazon.co.za,2026-02-14,1384.28,Purchase,Approved,0,Online
TXN053928,C021,CRD0034,Pick n Pay,2026-01-31,1750.67,Purchase,Pending,0,POS
TXN053929,C245,CRD0354,Nandos,2026-02-24,229.41,Purchase,Approved,0,Online
TXN053930,C398,CRD0599,DStv,2026-04-14,102.62,Purchase,Approved,0,Online
TXN053931,C535,CRD0789,Google Play,2025-12-24,33.04,Purchase,Approved,0,Online
TXN053932,C162,CRD0240,Cape Union Mart,2026-02-24,831.48,Purchase,Approved,0,POS
TXN053933,C105,CRD0161,Bash.com,2026-05-26,1442.21,Withdrawal,Approved,0,Online
TXN053934,C017,CRD0025,Superbalist,2026-03-25,1623.03,Purchase,Approved,0,Online
TXN053935,C390,CRD0588,SAA,2026-04-02,2309.98,Purchase,Approved,0,Online
TXN053936,C217,CRD0318,Google Play,2025-12-22,78.72,Purchase,Approved,0,Online
TXN053937,C242,CRD0350,Nandos,2026-02-28,241.5,Purchase,Approved,0,Online
TXN053938,C032,CRD0053,Montecasino,2026-05-17,213.64,Refund,Approved,0,ATM
TXN053939,C237,CRD0343,Pep,2025-12-27,153.59,Payment,Approved,0,Online
TXN053940,C090,CRD0140,Pep,2026-01-05,396.25,Purchase,Approved,0,Online
TXN053941,C515,CRD0769,Spotify,2026-01-27,59.74,Purchase,Approved,0,Online
TXN053942,C277,CRD0401,Google Play,2026-03-23,246.42,Purchase,Approved,0,Online
TXN053943,C465,CRD0708,Google Play,2026-03-26,357.49,Purchase,Approved,1,Online
TXN053944,C020,CRD0033,Dis-Chem,2025-12-15,88.45,Purchase,Approved,0,POS
TXN053945,C433,CRD0660,DStv,2026-01-28,546.43,Withdrawal,Approved,0,ATM
TXN053946,C439,CRD0669,Spotify,2025-12-14,69.76,Purchase,Approved,0,Online
TXN053947,C228,CRD0331,Pick n Pay,2026-04-11,1855.64,Purchase,Approved,0,Online
TXN053948,C163,CRD0242,Gold Reef City,2026-03-15,373.77,Purchase,Approved,0,POS
TXN053949,C451,CRD0687,Checkers,2026-02-03,884.67,Purchase,Approved,0,POS
TXN053950,C112,CRD0171,Incredible Connect,2026-01-24,6361.33,Purchase,Declined,0,Online
TXN053951,C483,CRD0731,Takealot,2026-01-23,4021.0,Purchase,Approved,0,Online
TXN053952,C289,CRD0420,Bash.com,2026-02-13,1043.73,Purchase,Approved,0,Online
TXN053953,C372,CRD0560,Amazon.co.za,2026-04-20,194.87,Payment,Approved,0,Online
TXN053954,C018,CRD0028,Amazon.co.za,2026-03-31,205.16,Purchase,Approved,0,Online
TXN053955,C468,CRD0712,Mr Price,2025-12-26,946.94,Withdrawal,Approved,0,ATM
TXN053956,C067,CRD0104,TicketPro,2026-04-30,366.66,Purchase,Approved,0,Online
TXN053957,C129,CRD0193,Ster-Kinekor,2025-12-26,72.28,Purchase,Declined,0,Online
TXN053958,C207,CRD0304,Pick n Pay,2026-05-27,2199.3,Purchase,Pending,0,Online
TXN053959,C430,CRD0654,Spur,2026-02-26,194.8,Purchase,Approved,0,Online
TXN053960,C011,CRD0017,Vida e Caffe,2026-03-12,85.76,Purchase,Approved,0,POS
TXN053961,C021,CRD0034,Spotify,2026-04-01,53.9,Withdrawal,Approved,0,Online
TXN053962,C467,CRD0711,Spotify,2026-04-04,70.52,Purchase,Pending,0,Online
TXN053963,C349,CRD0524,Steers,2026-04-12,148.31,Purchase,Declined,0,POS
TXN053964,C300,CRD0439,Pep,2026-03-02,495.13,Purchase,Approved,0,POS
TXN053965,C367,CRD0551,Uber Eats,2026-02-28,83.94,Purchase,Approved,0,Online
TXN053966,C057,CRD0089,Clicks,2026-05-14,135.34,Withdrawal,Declined,0,ATM
TXN053967,C066,CRD0101,Romans Pizza,2026-03-01,156.1,Purchase,Approved,0,POS
TXN053968,C312,CRD0460,DStv,2026-01-10,684.67,Purchase,Declined,0,Online
TXN053969,C419,CRD0636,Ster-Kinekor,2026-04-25,256.77,Purchase,Approved,0,POS
TXN053970,C100,CRD0154,Google Play,2026-04-27,68.99,Purchase,Approved,0,Online
TXN053971,C546,CRD0800,Romans Pizza,2026-05-01,46.9,Refund,Approved,0,POS
TXN053972,C493,CRD0744,Pick n Pay,2026-05-04,1181.64,Purchase,Approved,0,Online
TXN053973,C057,CRD0088,Foschini,2026-01-05,1422.97,Withdrawal,Approved,0,ATM
TXN053974,C005,CRD0005,Incredible Connect,2026-03-27,16569.53,Purchase,Approved,1,POS
TXN053975,C403,CRD0607,Vida e Caffe,2026-05-27,176.49,Purchase,Declined,0,POS
TXN053976,C449,CRD0682,Truworths,2026-04-28,1293.06,Purchase,Approved,0,ATM
TXN053977,C152,CRD0229,ShowMax,2025-11-28,81.42,Purchase,Declined,0,Online
TXN053978,C295,CRD0431,Vida e Caffe,2026-02-13,42.07,Purchase,Approved,0,Online
TXN053979,C455,CRD0695,Totalsports,2026-04-22,1979.54,Purchase,Approved,0,POS
TXN053980,C409,CRD0621,Totalsports,2026-01-11,410.67,Withdrawal,Approved,0,ATM
TXN053981,C255,CRD0368,Makro,2026-03-11,1173.78,Purchase,Approved,0,Online
TXN053982,C112,CRD0172,Google Play,2026-01-06,196.07,Purchase,Declined,0,Online
TXN053983,C337,CRD0504,Spotify,2026-04-13,57.15,Payment,Declined,0,Online
TXN053984,C263,CRD0381,Cape Union Mart,2025-11-26,1598.1,Purchase,Approved,0,POS
TXN053985,C473,CRD0719,Steers,2026-03-07,214.92,Purchase,Pending,0,ATM
TXN053986,C515,CRD0769,Romans Pizza,2025-12-22,497.66,Purchase,Approved,1,ATM
TXN053987,C385,CRD0582,Steers,2025-11-26,109.51,Purchase,Approved,0,POS
TXN053988,C058,CRD0091,Apple iTunes,2026-04-09,86.51,Refund,Approved,0,Online
TXN053989,C405,CRD0611,Apple iTunes,2026-02-23,85.15,Purchase,Approved,0,Online
TXN053990,C224,CRD0327,Wimpy,2025-12-28,116.51,Purchase,Approved,0,POS
TXN053991,C310,CRD0456,Romans Pizza,2026-02-01,150.76,Purchase,Approved,0,POS
TXN053992,C437,CRD0665,Apple iTunes,2026-02-01,305.52,Purchase,Approved,0,Online
TXN053993,C107,CRD0164,Faithful to Nature,2026-04-03,1272.45,Purchase,Approved,0,Online
TXN053994,C074,CRD0116,Nandos,2026-03-28,220.72,Payment,Declined,0,Online
TXN053995,C399,CRD0602,Apple iTunes,2026-03-03,298.38,Withdrawal,Approved,0,Online
TXN053996,C150,CRD0226,Pep,2026-02-27,188.53,Payment,Declined,0,Online
TXN053997,C153,CRD0231,Pick n Pay,2026-02-12,1397.1,Purchase,Approved,0,POS
TXN053998,C132,CRD0199,Google Play,2026-03-14,63.05,Payment,Approved,0,Online
TXN053999,C138,CRD0209,Nu Metro,2025-12-28,163.19,Purchase,Approved,0,POS
TXN054000,C415,CRD0630,Wimpy,2026-01-27,68.81,Purchase,Pending,0,ATM
TXN054001,C190,CRD0279,Pep,2025-12-28,61.2,Refund,Declined,0,Online
TXN054002,C068,CRD0105,Google Play,2025-12-19,224.27,Purchase,Approved,0,Online
TXN054003,C397,CRD0597,Apple iTunes,2025-12-25,439.31,Purchase,Approved,0,Online
TXN054004,C450,CRD0683,Gold Reef City,2025-12-14,239.05,Purchase,Approved,0,POS
TXN054005,C433,CRD0659,Pep,2026-01-27,55.79,Purchase,Approved,0,POS
TXN054006,C429,CRD0653,Apple iTunes,2026-03-01,296.33,Purchase,Approved,0,Online
TXN054007,C487,CRD0735,Apple iTunes,2026-04-24,34.01,Withdrawal,Approved,0,Online
TXN054008,C070,CRD0110,Pep,2026-03-13,404.57,Purchase,Declined,0,POS
TXN054009,C216,CRD0316,Spotify,2026-04-25,57.06,Purchase,Approved,0,Online
TXN054010,C539,CRD0793,Cape Union Mart,2026-05-05,2049.96,Withdrawal,Approved,0,ATM
TXN054011,C477,CRD0725,Debonairs,2025-12-16,177.32,Purchase,Declined,0,Online
TXN054012,C406,CRD0615,Totalsports,2025-12-28,1123.78,Purchase,Approved,0,Online
TXN054013,C055,CRD0086,Apple iTunes,2026-01-08,160.7,Purchase,Approved,0,Online
TXN054014,C144,CRD0216,Checkers,2026-04-27,970.04,Withdrawal,Approved,0,ATM
TXN054015,C039,CRD0062,Zando,2025-12-27,458.92,Purchase,Declined,0,Online
TXN054016,C266,CRD0386,Ocean Basket,2026-03-01,794.47,Purchase,Approved,0,POS
TXN054017,C446,CRD0677,Vida e Caffe,2026-03-23,130.89,Purchase,Approved,0,POS
TXN054018,C072,CRD0113,Mugg and Bean,2026-01-27,138.28,Purchase,Approved,0,POS
TXN054019,C547,CRD0801,TicketPro,2025-12-26,516.93,Purchase,Approved,0,ATM
TXN054020,C056,CRD0087,Dis-Chem,2025-12-22,605.39,Purchase,Approved,0,POS
TXN054021,C131,CRD0197,Pep,2026-02-14,339.52,Purchase,Approved,0,POS
TXN054022,C066,CRD0102,Avis SA,2026-04-28,3622.85,Payment,Approved,0,Online
TXN054023,C302,CRD0442,Google Play,2026-02-27,28.92,Purchase,Approved,0,Online
TXN054024,C144,CRD0217,Superbalist,2025-12-04,881.71,Payment,Approved,0,Online
TXN054025,C003,CRD0003,Checkers,2026-02-20,975.47,Purchase,Approved,0,Online
TXN054026,C006,CRD0009,Dis-Chem,2026-01-13,353.14,Purchase,Pending,0,POS
TXN054027,C317,CRD0468,Woolworths,2026-02-25,1247.98,Purchase,Declined,0,POS
TXN054028,C101,CRD0155,Amazon.co.za,2026-02-07,538.89,Payment,Approved,0,Online
TXN054029,C430,CRD0655,Ocean Basket,2026-04-08,310.73,Purchase,Approved,0,Online
TXN054030,C351,CRD0527,Pep,2026-05-13,368.15,Purchase,Approved,0,POS
TXN054031,C121,CRD0184,ShowMax,2026-04-25,111.52,Purchase,Approved,0,Online
TXN054032,C190,CRD0279,Spur,2026-03-25,162.63,Payment,Pending,0,Online
TXN054033,C009,CRD0013,Loot.co.za,2026-01-31,787.15,Purchase,Approved,0,Online
TXN054034,C024,CRD0040,Pep,2025-12-26,223.98,Purchase,Approved,0,Online
TXN054035,C243,CRD0352,Nu Metro,2026-05-02,241.57,Purchase,Declined,0,POS
TXN054036,C022,CRD0037,Europcar,2026-03-30,800.57,Purchase,Approved,0,Online
TXN054037,C462,CRD0704,Loot.co.za,2026-04-26,1179.99,Purchase,Approved,0,Online
TXN054038,C523,CRD0777,Nandos,2026-04-07,234.22,Payment,Approved,0,Online
TXN054039,C296,CRD0433,Builders Warehouse,2026-03-09,3731.7,Purchase,Approved,0,Online
TXN054040,C179,CRD0263,Vida e Caffe,2026-04-01,65.42,Purchase,Approved,0,POS
TXN054041,C239,CRD0347,Truworths,2025-12-08,1080.08,Withdrawal,Approved,0,ATM
TXN054042,C382,CRD0575,Nandos,2026-04-01,202.51,Purchase,Approved,0,Online
TXN054043,C179,CRD0263,Totalsports,2026-04-13,580.87,Purchase,Approved,0,POS
TXN054044,C184,CRD0271,Amazon.co.za,2026-02-26,1181.66,Purchase,Approved,0,Online
TXN054045,C431,CRD0656,Wimpy,2025-12-27,216.26,Purchase,Approved,0,POS
TXN054046,C091,CRD0141,Dis-Chem,2026-01-25,173.42,Purchase,Approved,0,POS
TXN054047,C017,CRD0026,Woolworths,2026-04-30,887.91,Purchase,Approved,0,POS
TXN054048,C111,CRD0169,Samsung Store,2025-12-25,12682.46,Purchase,Pending,0,POS
TXN054049,C383,CRD0577,Netflix,2026-04-11,171.12,Purchase,Approved,0,Online
TXN054050,C096,CRD0149,TicketPro,2026-02-20,477.87,Purchase,Approved,0,POS
TXN054051,C104,CRD0159,Checkers,2026-01-23,1136.9,Purchase,Approved,0,POS
TXN054052,C245,CRD0354,Takealot,2026-04-06,1963.93,Withdrawal,Approved,0,Online
TXN054053,C132,CRD0199,Google Play,2025-12-28,371.75,Purchase,Approved,1,Online
TXN054054,C462,CRD0704,Vida e Caffe,2026-01-04,118.01,Purchase,Approved,0,POS
TXN054055,C206,CRD0302,Uber Eats,2026-01-26,327.64,Purchase,Approved,0,Online
TXN054056,C418,CRD0635,Chicken Licken,2026-04-08,69.3,Purchase,Declined,0,POS
TXN054057,C276,CRD0400,ShowMax,2026-04-20,83.57,Purchase,Approved,0,Online
TXN054058,C437,CRD0665,McDonalds,2025-12-09,146.22,Withdrawal,Approved,0,ATM
TXN054059,C046,CRD0071,Google Play,2026-01-05,22.23,Withdrawal,Approved,0,Online
TXN054060,C227,CRD0330,Wimpy,2026-04-02,84.48,Withdrawal,Approved,0,ATM
TXN054061,C098,CRD0151,Google Play,2026-01-13,62.01,Payment,Approved,0,Online
TXN054062,C213,CRD0313,Bash.com,2026-03-14,544.93,Payment,Approved,0,Online
TXN054063,C164,CRD0243,Pep,2026-01-28,119.15,Purchase,Approved,0,ATM
TXN054064,C266,CRD0385,ShowMax,2026-03-01,103.77,Payment,Declined,0,Online
TXN054065,C433,CRD0660,Apple iTunes,2026-01-27,75.39,Refund,Approved,0,Online
TXN054066,C197,CRD0289,Nu Metro,2026-02-27,164.63,Purchase,Approved,0,Online
TXN054067,C157,CRD0235,McDonalds,2026-05-08,160.39,Withdrawal,Approved,0,ATM
TXN054068,C073,CRD0114,McDonalds,2026-04-25,142.5,Purchase,Pending,0,ATM
TXN054069,C029,CRD0049,Google Play,2026-03-25,151.38,Purchase,Approved,0,Online
TXN054070,C030,CRD0050,Nandos,2026-04-22,156.31,Payment,Approved,0,Online
TXN054071,C296,CRD0434,Romans Pizza,2026-04-05,207.22,Withdrawal,Approved,0,ATM
TXN054072,C132,CRD0198,Chicken Licken,2026-03-09,115.2,Purchase,Approved,0,POS
TXN054073,C202,CRD0297,Builders Warehouse,2026-01-27,10743.73,Purchase,Approved,0,Online
TXN054074,C438,CRD0666,Debonairs,2026-05-27,78.74,Purchase,Approved,0,Online
TXN054075,C028,CRD0048,KFC,2025-12-27,76.37,Purchase,Approved,0,POS
TXN054076,C241,CRD0349,Woolworths,2026-02-27,295.5,Payment,Approved,0,Online
TXN054077,C313,CRD0463,Nu Metro,2026-04-22,232.8,Purchase,Approved,0,ATM
TXN054078,C249,CRD0361,Zando,2026-02-27,519.76,Purchase,Approved,0,Online
TXN054079,C357,CRD0536,Zando,2025-12-29,831.52,Purchase,Approved,0,Online
TXN054080,C195,CRD0286,Apple iTunes,2026-02-27,216.71,Purchase,Approved,0,Online
TXN054081,C491,CRD0741,Dis-Chem,2026-02-20,945.71,Payment,Approved,0,Online
TXN054082,C090,CRD0140,Totalsports,2026-01-28,988.35,Purchase,Approved,0,Online
TXN054083,C090,CRD0139,Chicken Licken,2026-02-26,59.2,Purchase,Approved,0,POS
TXN054084,C049,CRD0078,Spotify,2026-03-26,53.29,Purchase,Approved,0,Online
TXN054085,C149,CRD0224,Chicken Licken,2025-12-26,10.87,Refund,Approved,0,Online
TXN054086,C412,CRD0624,Debonairs,2025-12-28,52.48,Refund,Pending,0,POS
TXN054087,C237,CRD0343,Spotify,2026-02-16,68.48,Payment,Approved,0,Online
TXN054088,C011,CRD0017,KFC,2026-04-08,120.14,Withdrawal,Approved,0,ATM
TXN054089,C295,CRD0432,Bash.com,2026-03-09,1309.19,Purchase,Approved,0,Online
TXN054090,C376,CRD0566,iStore,2026-04-11,4653.53,Payment,Approved,0,Online
TXN054091,C184,CRD0271,Takealot,2026-01-08,3386.91,Purchase,Approved,0,Online
TXN054092,C125,CRD0189,Chicken Licken,2026-04-17,202.59,Purchase,Approved,0,POS
TXN054093,C063,CRD0097,Ocean Basket,2026-01-31,185.33,Purchase,Approved,0,POS
TXN054094,C072,CRD0112,Spotify,2025-12-08,54.94,Purchase,Approved,0,Online
TXN054095,C065,CRD0100,Clicks,2025-12-11,231.64,Purchase,Approved,0,Online
TXN054096,C011,CRD0017,Uber Eats,2026-01-27,181.0,Purchase,Approved,0,Online
TXN054097,C486,CRD0734,Game,2025-12-28,2520.37,Purchase,Approved,0,POS
TXN054098,C161,CRD0239,Builders Warehouse,2026-02-17,14497.19,Purchase,Approved,0,ATM
TXN054099,C266,CRD0385,Steers,2026-05-25,143.61,Payment,Approved,0,Online
TXN054100,C314,CRD0464,Nandos,2025-12-27,230.45,Purchase,Approved,0,Online
TXN054101,C401,CRD0605,Checkers,2025-12-17,1777.7,Purchase,Approved,0,POS
TXN054102,C365,CRD0546,Google Play,2026-04-21,228.41,Payment,Approved,0,Online
TXN054103,C067,CRD0103,ShowMax,2025-11-22,91.7,Purchase,Approved,0,Online
TXN054104,C405,CRD0612,Google Play,2026-03-20,221.61,Purchase,Approved,0,Online
TXN054105,C499,CRD0753,Shell,2026-03-26,1856.15,Purchase,Declined,0,POS
TXN054106,C112,CRD0172,Loot.co.za,2025-12-26,1626.19,Purchase,Approved,0,Online
TXN054107,C180,CRD0265,TicketPro,2025-11-28,708.89,Purchase,Approved,0,Online
TXN054108,C462,CRD0703,Steers,2026-01-03,150.41,Withdrawal,Approved,0,ATM
TXN054109,C090,CRD0138,Ster-Kinekor,2025-12-08,176.39,Purchase,Pending,0,POS
TXN054110,C184,CRD0271,Ster-Kinekor,2026-01-25,347.08,Purchase,Approved,1,Online
TXN054111,C028,CRD0047,Loot.co.za,2026-04-26,1814.51,Purchase,Approved,0,Online
TXN054112,C292,CRD0428,iStore,2026-01-27,2312.14,Purchase,Approved,0,Online
TXN054113,C276,CRD0400,Clicks,2026-01-01,219.34,Payment,Approved,0,Online
TXN054114,C222,CRD0325,Google Play,2026-03-12,86.47,Purchase,Approved,0,Online
TXN054115,C413,CRD0626,Chicken Licken,2026-01-09,73.2,Purchase,Approved,0,POS
TXN054116,C047,CRD0072,Woolworths,2026-03-02,2353.93,Payment,Approved,0,Online
TXN054117,C462,CRD0703,Vida e Caffe,2026-05-08,222.41,Purchase,Declined,0,POS
TXN054118,C398,CRD0598,Apple iTunes,2026-04-25,314.33,Purchase,Approved,0,Online
TXN054119,C460,CRD0701,KFC,2026-02-28,119.3,Payment,Approved,0,Online
TXN054120,C310,CRD0454,Vida e Caffe,2026-03-21,116.24,Purchase,Approved,0,POS
TXN054121,C505,CRD0759,Chicken Licken,2026-04-21,63.34,Purchase,Approved,0,POS
TXN054122,C316,CRD0467,McDonalds,2026-03-05,53.64,Purchase,Declined,0,Online
TXN054123,C210,CRD0309,Nandos,2026-03-05,146.71,Purchase,Approved,0,Online
TXN054124,C502,CRD0756,Uber Eats,2026-02-26,150.45,Purchase,Approved,0,Online
TXN054125,C054,CRD0084,Woolworths,2026-05-07,493.15,Withdrawal,Approved,0,ATM
TXN054126,C138,CRD0209,Debonairs,2026-04-09,48.44,Refund,Approved,0,POS
TXN054127,C271,CRD0394,Wimpy,2026-03-18,134.36,Purchase,Approved,0,Online
TXN054128,C147,CRD0222,Dis-Chem,2026-01-14,502.15,Payment,Approved,0,Online
TXN054129,C414,CRD0627,Mugg and Bean,2026-04-25,131.78,Purchase,Approved,0,Online
TXN054130,C438,CRD0666,DStv,2026-04-23,866.12,Purchase,Approved,1,ATM
TXN054131,C528,CRD0782,Google Play,2026-02-05,110.62,Refund,Approved,1,Online
TXN054132,C426,CRD0649,Faithful to Nature,2025-12-28,1744.63,Purchase,Approved,0,Online
TXN054133,C169,CRD0250,Woolworths,2026-03-14,3136.04,Purchase,Pending,1,ATM
TXN054134,C049,CRD0078,Mugg and Bean,2026-03-27,178.1,Purchase,Approved,0,POS
TXN054135,C405,CRD0612,Takealot,2026-05-28,3588.1,Withdrawal,Approved,0,Online
TXN054136,C399,CRD0601,Pick n Pay,2026-05-15,478.66,Purchase,Approved,0,POS
TXN054137,C279,CRD0404,Steers,2026-02-25,121.22,Purchase,Approved,0,POS
TXN054138,C092,CRD0143,iStore,2026-01-28,4812.99,Purchase,Approved,0,Online
TXN054139,C313,CRD0463,Chicken Licken,2026-02-25,147.6,Payment,Pending,0,Online
TXN054140,C197,CRD0290,Sportsmans Whouse,2026-01-28,594.33,Purchase,Approved,0,POS
TXN054141,C413,CRD0626,Nu Metro,2025-12-21,339.26,Payment,Approved,1,Online
TXN054142,C197,CRD0289,Steers,2026-05-17,52.46,Purchase,Approved,0,Online
TXN054143,C499,CRD0753,Faithful to Nature,2026-01-22,920.75,Purchase,Approved,0,Online
TXN054144,C016,CRD0024,Bash.com,2026-02-14,1272.03,Withdrawal,Declined,0,Online
TXN054145,C191,CRD0281,Engen,2026-04-14,1240.09,Purchase,Approved,0,POS
TXN054146,C218,CRD0319,FlySafair,2025-11-22,953.65,Purchase,Approved,0,Online
TXN054147,C197,CRD0289,Sportsmans Whouse,2026-04-27,2584.13,Purchase,Approved,0,Online
TXN054148,C460,CRD0700,Cape Union Mart,2025-12-12,357.35,Purchase,Approved,0,POS
TXN054149,C498,CRD0751,Vida e Caffe,2026-02-27,73.75,Purchase,Approved,0,Online
TXN054150,C496,CRD0749,Spur,2026-02-22,447.15,Purchase,Approved,0,POS
TXN054151,C417,CRD0632,Spotify,2026-03-13,48.03,Purchase,Approved,0,Online
TXN054152,C170,CRD0251,Pick n Pay,2025-12-11,2144.41,Purchase,Approved,0,POS
TXN054153,C197,CRD0289,Chicken Licken,2026-04-27,122.96,Withdrawal,Approved,0,ATM
TXN054154,C085,CRD0129,Shell,2026-04-28,730.84,Withdrawal,Approved,0,ATM
TXN054155,C195,CRD0287,Gold Reef City,2025-12-01,250.6,Purchase,Approved,0,Online
TXN054156,C393,CRD0592,Sportsmans Whouse,2025-12-23,3797.1,Withdrawal,Approved,0,ATM
TXN054157,C098,CRD0151,Google Play,2025-12-12,152.49,Purchase,Approved,0,Online
TXN054158,C291,CRD0424,Spotify,2026-03-14,47.58,Purchase,Approved,0,Online
TXN054159,C098,CRD0152,Edgars,2025-11-26,2897.16,Purchase,Approved,1,POS
TXN054160,C013,CRD0020,TicketPro,2026-04-21,695.33,Purchase,Approved,0,ATM
TXN054161,C236,CRD0342,Takealot,2026-01-21,3451.45,Withdrawal,Approved,0,Online
TXN054162,C247,CRD0356,Ocean Basket,2026-01-28,139.46,Purchase,Approved,0,POS
TXN054163,C496,CRD0748,BP,2026-05-16,1494.03,Payment,Approved,0,Online
TXN054164,C137,CRD0207,Uber Eats,2026-05-07,218.62,Purchase,Approved,0,Online
TXN054165,C006,CRD0009,Uber Eats,2026-04-30,166.15,Purchase,Approved,0,Online
TXN054166,C048,CRD0074,Uber Eats,2026-03-26,66.53,Purchase,Approved,0,Online
TXN054167,C325,CRD0482,Dis-Chem,2026-04-26,619.4,Purchase,Approved,0,Online
TXN054168,C226,CRD0329,Pep,2026-02-25,497.39,Purchase,Approved,0,Online
TXN054169,C132,CRD0199,ShowMax,2026-03-06,81.04,Withdrawal,Approved,0,Online
TXN054170,C039,CRD0062,Vida e Caffe,2025-12-25,78.1,Purchase,Approved,0,POS
TXN054171,C451,CRD0685,Clicks,2026-05-17,479.2,Purchase,Approved,0,POS
TXN054172,C086,CRD0131,Vida e Caffe,2026-01-01,9.57,Refund,Approved,0,Online
TXN054173,C079,CRD0122,Mugg and Bean,2025-11-23,136.97,Purchase,Approved,0,POS
TXN054174,C472,CRD0718,Clicks,2026-01-25,589.86,Purchase,Declined,0,POS
TXN054175,C438,CRD0666,Vida e Caffe,2025-12-11,103.29,Purchase,Approved,0,ATM
TXN054176,C172,CRD0254,Apple iTunes,2026-03-26,298.91,Purchase,Approved,0,Online
TXN054177,C469,CRD0714,Debonairs,2026-02-25,125.59,Withdrawal,Approved,0,ATM
TXN054178,C504,CRD0758,Checkers,2026-01-31,1328.51,Purchase,Approved,0,Online
TXN054179,C231,CRD0337,Europcar,2026-05-26,1081.34,Purchase,Approved,0,POS
TXN054180,C221,CRD0324,Superbalist,2025-11-26,309.28,Purchase,Approved,0,Online
TXN054181,C017,CRD0025,Steers,2025-12-21,106.55,Purchase,Approved,0,POS
TXN054182,C478,CRD0726,Google Play,2026-01-28,293.64,Payment,Approved,1,Online
TXN054183,C506,CRD0760,Nu Metro,2026-03-25,194.61,Purchase,Approved,0,POS
TXN054184,C091,CRD0142,Vida e Caffe,2026-03-26,58.14,Purchase,Declined,0,POS
TXN054185,C349,CRD0523,Mr Price,2026-04-24,784.19,Purchase,Approved,0,ATM
TXN054186,C166,CRD0246,Incredible Connect,2026-03-11,326.67,Purchase,Approved,0,Online
TXN054187,C540,CRD0794,Spotify,2026-01-27,59.13,Withdrawal,Approved,0,Online
TXN054188,C322,CRD0478,Vida e Caffe,2026-01-11,57.28,Purchase,Approved,0,Online
TXN054189,C004,CRD0004,Totalsports,2026-03-04,334.23,Purchase,Approved,0,Online
TXN054190,C276,CRD0400,KFC,2026-04-17,145.73,Purchase,Approved,0,POS
TXN054191,C464,CRD0706,Checkers,2026-05-11,104.38,Withdrawal,Pending,0,ATM
TXN054192,C144,CRD0217,Woolworths,2026-04-25,455.62,Refund,Approved,0,POS
TXN054193,C116,CRD0177,Google Play,2026-05-05,122.83,Purchase,Approved,0,Online
TXN054194,C150,CRD0227,Clicks,2026-03-30,720.0,Payment,Approved,0,Online
TXN054195,C173,CRD0256,Romans Pizza,2026-03-02,185.72,Purchase,Approved,0,Online
TXN054196,C203,CRD0298,Nandos,2026-01-28,280.08,Purchase,Approved,0,ATM
TXN054197,C374,CRD0562,TicketPro,2025-12-27,299.17,Purchase,Declined,0,POS
TXN054198,C340,CRD0510,Vida e Caffe,2026-02-16,168.34,Purchase,Declined,0,Online
TXN054199,C257,CRD0370,Mr Price,2026-03-20,156.11,Purchase,Declined,0,POS
TXN054200,C548,CRD0802,Mugg and Bean,2026-04-27,325.52,Withdrawal,Approved,0,ATM
TXN054201,C091,CRD0142,Pep,2026-04-25,123.31,Purchase,Approved,0,POS
TXN054202,C496,CRD0749,Checkers,2025-12-15,2956.41,Purchase,Approved,1,POS
TXN054203,C347,CRD0518,Uber Eats,2026-05-27,94.32,Refund,Approved,0,Online
TXN054204,C298,CRD0436,Foschini,2025-11-22,1723.7,Purchase,Approved,0,POS
TXN054205,C452,CRD0688,Apple iTunes,2026-03-30,254.13,Withdrawal,Approved,0,Online
TXN054206,C029,CRD0049,Totalsports,2026-03-07,1417.27,Purchase,Approved,0,ATM
TXN054207,C132,CRD0198,McDonalds,2026-01-16,157.78,Purchase,Approved,0,POS
TXN054208,C279,CRD0404,Pep,2026-03-20,113.93,Purchase,Approved,0,POS
TXN054209,C271,CRD0394,Google Play,2026-03-23,87.19,Purchase,Approved,0,Online
TXN054210,C303,CRD0444,Ster-Kinekor,2025-12-25,78.9,Payment,Approved,0,Online
TXN054211,C335,CRD0501,Google Play,2026-04-25,180.21,Purchase,Approved,0,Online
TXN054212,C433,CRD0659,Google Play,2025-11-28,45.56,Purchase,Approved,0,Online
TXN054213,C271,CRD0393,Checkers,2026-03-15,1465.27,Purchase,Declined,0,Online
TXN054214,C050,CRD0079,Ster-Kinekor,2026-02-13,110.03,Payment,Declined,0,Online
TXN054215,C262,CRD0380,Debonairs,2025-12-26,76.04,Purchase,Pending,0,POS
TXN054216,C063,CRD0096,Nu Metro,2025-11-30,310.67,Purchase,Approved,1,POS
TXN054217,C190,CRD0279,Foschini,2026-04-25,910.88,Purchase,Approved,0,POS
TXN054218,C048,CRD0075,McDonalds,2026-04-09,89.63,Purchase,Pending,0,POS
TXN054219,C135,CRD0204,Mr Price,2025-12-06,870.21,Withdrawal,Approved,0,ATM
TXN054220,C478,CRD0726,Woolworths,2026-04-23,146.94,Payment,Approved,0,Online
TXN054221,C137,CRD0207,Pick n Pay,2025-12-25,167.21,Refund,Approved,0,POS
TXN054222,C525,CRD0779,Steers,2026-04-28,70.02,Withdrawal,Approved,0,ATM
TXN054223,C139,CRD0211,Checkers,2025-12-30,674.64,Purchase,Approved,0,Online
TXN054224,C365,CRD0546,Chicken Licken,2026-05-13,111.07,Purchase,Approved,0,Online
TXN054225,C444,CRD0675,Mr Price,2025-11-27,665.98,Payment,Approved,0,Online
TXN054226,C337,CRD0504,Truworths,2026-03-25,1103.96,Purchase,Approved,0,POS
TXN054227,C236,CRD0342,ShowMax,2026-02-05,81.91,Purchase,Approved,0,Online
TXN054228,C298,CRD0437,Sportsmans Whouse,2026-02-02,1705.47,Purchase,Approved,0,Online
TXN054229,C451,CRD0685,Google Play,2026-04-20,154.79,Purchase,Pending,0,Online
TXN054230,C137,CRD0207,Apple iTunes,2026-02-06,110.12,Purchase,Approved,0,Online
TXN054231,C105,CRD0161,Pick n Pay,2026-03-26,1018.98,Purchase,Approved,0,POS
TXN054232,C112,CRD0170,Engen,2026-02-20,1323.73,Withdrawal,Approved,0,ATM
TXN054233,C073,CRD0114,Pep,2025-12-17,120.25,Purchase,Approved,0,ATM
TXN054234,C254,CRD0367,Pep,2025-12-28,225.3,Purchase,Approved,0,Online
TXN054235,C481,CRD0729,Truworths,2025-12-14,458.14,Payment,Approved,0,Online
TXN054236,C178,CRD0262,Google Play,2026-05-16,20.71,Purchase,Approved,0,Online
TXN054237,C260,CRD0376,Nu Metro,2026-04-12,88.16,Purchase,Approved,0,Online
TXN054238,C209,CRD0307,Wimpy,2026-02-07,176.7,Purchase,Declined,0,POS
TXN054239,C446,CRD0679,McDonalds,2026-04-16,128.85,Purchase,Declined,0,POS
TXN054240,C460,CRD0700,Pick n Pay,2026-01-03,1397.71,Purchase,Approved,0,POS
TXN054241,C351,CRD0528,Nandos,2026-05-25,137.29,Purchase,Approved,0,Online
TXN054242,C415,CRD0629,Apple iTunes,2026-04-23,91.95,Purchase,Approved,0,Online
TXN054243,C239,CRD0347,Edgars,2026-03-26,1472.15,Payment,Approved,0,Online
TXN054244,C114,CRD0174,Chicken Licken,2026-01-31,126.58,Purchase,Approved,0,ATM
TXN054245,C448,CRD0681,Spotify,2026-04-19,89.48,Withdrawal,Approved,1,Online
TXN054246,C312,CRD0460,Debonairs,2026-01-16,277.83,Purchase,Approved,0,ATM
TXN054247,C319,CRD0470,Totalsports,2026-01-25,786.89,Purchase,Approved,0,Online
TXN054248,C217,CRD0317,Apple iTunes,2026-02-26,43.48,Purchase,Approved,0,Online
TXN054249,C529,CRD0783,Cape Union Mart,2026-03-13,1018.25,Purchase,Approved,0,Online
TXN054250,C455,CRD0694,Spotify,2026-05-28,45.01,Payment,Approved,0,Online
TXN054251,C165,CRD0245,Nu Metro,2026-04-21,70.09,Withdrawal,Approved,0,ATM
TXN054252,C230,CRD0335,Chicken Licken,2026-03-05,104.52,Purchase,Approved,0,Online
TXN054253,C424,CRD0643,Game,2026-02-27,384.13,Payment,Approved,0,Online
TXN054254,C219,CRD0321,Chicken Licken,2026-05-16,63.5,Purchase,Approved,0,Online
TXN054255,C452,CRD0688,Mr Price,2026-02-13,406.88,Purchase,Approved,0,ATM
TXN054256,C483,CRD0731,Vida e Caffe,2026-04-02,52.94,Payment,Approved,0,Online
TXN054257,C497,CRD0750,Montecasino,2026-03-20,558.57,Purchase,Approved,0,POS
TXN054258,C419,CRD0636,Debonairs,2026-01-28,198.93,Purchase,Approved,0,POS
TXN054259,C415,CRD0630,Dis-Chem,2025-11-27,115.82,Payment,Approved,0,Online
TXN054260,C190,CRD0279,Google Play,2025-12-26,188.57,Purchase,Declined,0,Online
TXN054261,C443,CRD0674,TicketPro,2025-12-02,497.72,Payment,Approved,0,Online
TXN054262,C097,CRD0150,Dis-Chem,2026-03-16,762.8,Purchase,Approved,0,POS
TXN054263,C412,CRD0624,KFC,2026-05-12,65.39,Purchase,Approved,0,POS
TXN054264,C425,CRD0646,Pick n Pay,2026-03-03,2487.65,Purchase,Approved,0,POS
TXN054265,C472,CRD0718,KFC,2025-12-05,140.97,Purchase,Approved,0,POS
TXN054266,C433,CRD0659,Google Play,2026-01-11,30.99,Withdrawal,Approved,0,Online
TXN054267,C067,CRD0103,Debonairs,2026-03-27,184.06,Purchase,Approved,0,ATM
TXN054268,C405,CRD0613,Loot.co.za,2025-11-30,682.22,Purchase,Declined,0,Online
TXN054269,C351,CRD0528,Incredible Connect,2026-04-05,7978.89,Purchase,Declined,0,Online
TXN054270,C157,CRD0235,Clicks,2025-12-27,203.61,Purchase,Declined,0,POS
TXN054271,C262,CRD0380,Superbalist,2026-04-28,572.37,Purchase,Approved,0,Online
TXN054272,C351,CRD0527,Clicks,2026-02-19,87.42,Purchase,Approved,0,POS
TXN054273,C409,CRD0620,Woolworths,2026-02-19,1124.32,Purchase,Approved,0,POS
TXN054274,C229,CRD0332,Mr Price,2025-11-27,182.1,Payment,Approved,0,Online
TXN054275,C083,CRD0127,Superbalist,2026-02-24,730.13,Purchase,Approved,0,Online
TXN054276,C342,CRD0513,Builders Warehouse,2026-02-10,3259.92,Payment,Approved,0,Online
TXN054277,C415,CRD0629,Incredible Connect,2026-03-15,21997.0,Purchase,Approved,1,POS
TXN054278,C335,CRD0501,Pep,2026-04-02,729.76,Purchase,Approved,1,Online
TXN054279,C232,CRD0338,Makro,2026-02-14,1824.91,Refund,Approved,0,POS
TXN054280,C044,CRD0069,McDonalds,2026-01-07,105.8,Purchase,Approved,0,Online
TXN054281,C438,CRD0667,Superbalist,2026-01-26,1020.28,Purchase,Approved,0,Online
TXN054282,C137,CRD0206,Takealot,2026-02-20,596.59,Purchase,Approved,0,Online
TXN054283,C495,CRD0747,Takealot,2025-12-26,2470.12,Purchase,Approved,0,Online
TXN054284,C070,CRD0110,KFC,2026-04-15,149.67,Purchase,Approved,0,Online
TXN054285,C300,CRD0439,Foschini,2026-02-28,2801.33,Purchase,Approved,1,POS
TXN054286,C527,CRD0781,Clicks,2026-05-26,430.74,Purchase,Approved,0,ATM
TXN054287,C390,CRD0589,Pick n Pay,2026-01-19,325.54,Purchase,Approved,0,Online
TXN054288,C383,CRD0577,Google Play,2026-03-15,151.04,Purchase,Pending,0,Online
TXN054289,C545,CRD0799,Pick n Pay,2026-03-04,1694.58,Purchase,Approved,0,Online
TXN054290,C442,CRD0673,ShowMax,2025-11-21,108.34,Purchase,Approved,0,Online
TXN054291,C143,CRD0215,Mr Price,2026-01-16,197.08,Purchase,Approved,0,POS
TXN054292,C327,CRD0487,Nu Metro,2026-01-31,106.43,Withdrawal,Approved,0,ATM
TXN054293,C275,CRD0399,Vida e Caffe,2026-04-13,82.29,Purchase,Approved,0,Online
TXN054294,C413,CRD0625,Uber Eats,2026-02-08,234.86,Purchase,Approved,0,Online
TXN054295,C082,CRD0126,Spotify,2026-04-28,55.27,Withdrawal,Approved,0,Online
TXN054296,C334,CRD0500,Loot.co.za,2026-01-03,383.23,Purchase,Approved,0,Online
TXN054297,C281,CRD0408,Debonairs,2026-03-15,214.88,Payment,Approved,0,Online
TXN054298,C190,CRD0278,Romans Pizza,2025-12-06,261.48,Purchase,Approved,0,POS
TXN054299,C314,CRD0464,Wimpy,2026-01-24,352.35,Payment,Approved,1,Online
TXN054300,C319,CRD0470,Sportsmans Whouse,2026-04-03,437.32,Purchase,Approved,0,POS
TXN054301,C197,CRD0290,Mr Price,2026-03-08,1910.22,Withdrawal,Approved,1,ATM
TXN054302,C180,CRD0264,Amazon.co.za,2026-03-27,5412.16,Payment,Declined,0,Online
TXN054303,C459,CRD0699,Checkers,2026-02-15,786.92,Purchase,Approved,0,POS
TXN054304,C089,CRD0136,Ster-Kinekor,2025-12-06,85.47,Purchase,Declined,0,Online
TXN054305,C359,CRD0538,Nu Metro,2025-12-07,71.53,Purchase,Declined,0,Online
TXN054306,C219,CRD0321,Mr Price,2026-05-03,397.2,Purchase,Approved,0,POS
TXN054307,C084,CRD0128,Checkers,2026-03-02,859.66,Purchase,Approved,0,POS
TXN054308,C501,CRD0755,Takealot,2026-04-01,1077.42,Purchase,Approved,0,Online
TXN054309,C215,CRD0315,Checkers,2026-05-15,733.64,Purchase,Approved,0,POS
TXN054310,C406,CRD0616,Debonairs,2026-03-16,269.19,Withdrawal,Approved,0,ATM
TXN054311,C348,CRD0520,Dis-Chem,2026-01-16,270.68,Purchase,Approved,0,ATM
TXN054312,C458,CRD0698,Clicks,2026-01-02,182.6,Purchase,Approved,0,POS
TXN054313,C291,CRD0425,Pick n Pay,2026-02-28,1668.2,Purchase,Declined,0,POS
TXN054314,C511,CRD0765,Cape Union Mart,2026-05-09,2114.09,Payment,Approved,0,Online
TXN054315,C443,CRD0674,Woolworths,2026-03-04,927.74,Purchase,Approved,0,Online
TXN054316,C004,CRD0004,Bash.com,2026-05-27,682.45,Purchase,Approved,0,Online
TXN054317,C023,CRD0038,Woolworths,2026-01-28,1948.01,Purchase,Declined,0,POS
TXN054318,C492,CRD0742,BP,2026-03-17,221.37,Purchase,Approved,0,POS
TXN054319,C467,CRD0711,Bash.com,2025-12-19,171.49,Purchase,Declined,0,Online
TXN054320,C317,CRD0468,Bash.com,2025-12-02,2515.56,Payment,Approved,0,Online
TXN054321,C424,CRD0643,McDonalds,2025-12-01,69.32,Purchase,Approved,0,Online
TXN054322,C448,CRD0681,KFC,2026-01-25,197.81,Purchase,Pending,0,ATM
TXN054323,C028,CRD0047,Checkers,2025-12-22,2961.04,Purchase,Approved,1,Online
TXN054324,C262,CRD0380,Chicken Licken,2026-01-05,76.23,Purchase,Declined,0,Online
TXN054325,C364,CRD0545,Samsung Store,2026-04-28,1175.17,Purchase,Approved,0,ATM
TXN054326,C180,CRD0264,Pick n Pay,2026-01-07,233.53,Purchase,Approved,0,ATM
TXN054327,C191,CRD0280,Debonairs,2026-01-26,155.35,Purchase,Declined,0,POS
TXN054328,C493,CRD0744,Google Play,2026-02-26,35.58,Withdrawal,Approved,0,Online
TXN054329,C142,CRD0214,Clicks,2025-11-23,185.11,Purchase,Approved,0,ATM
TXN054330,C147,CRD0222,Vida e Caffe,2026-04-14,174.79,Purchase,Approved,0,POS
TXN054331,C127,CRD0191,Spotify,2026-02-26,14.61,Refund,Approved,0,Online
TXN054332,C253,CRD0366,Wimpy,2025-12-16,77.81,Purchase,Declined,0,POS
TXN054333,C408,CRD0618,Romans Pizza,2026-01-25,157.31,Withdrawal,Approved,0,ATM
TXN054334,C519,CRD0773,McDonalds,2025-11-21,158.59,Withdrawal,Approved,0,ATM
TXN054335,C079,CRD0122,Debonairs,2026-05-15,95.64,Withdrawal,Approved,0,ATM
TXN054336,C093,CRD0144,Clicks,2025-11-24,84.12,Refund,Approved,0,POS
TXN054337,C220,CRD0322,Vida e Caffe,2026-02-03,98.47,Payment,Approved,0,Online
TXN054338,C174,CRD0257,Checkers,2026-01-20,2061.88,Purchase,Approved,0,POS
TXN054339,C311,CRD0459,Loot.co.za,2026-01-31,316.31,Purchase,Approved,0,Online
TXN054340,C385,CRD0583,Edgars,2026-04-01,760.49,Payment,Approved,0,Online
TXN054341,C392,CRD0591,Apple iTunes,2026-01-19,65.21,Purchase,Approved,0,Online
TXN054342,C319,CRD0470,Spotify,2026-01-27,58.97,Purchase,Approved,0,Online
TXN054343,C024,CRD0040,Chicken Licken,2026-05-11,128.35,Purchase,Approved,0,Online
TXN054344,C534,CRD0788,Amazon.co.za,2025-12-28,3264.1,Purchase,Approved,0,Online
TXN054345,C315,CRD0465,Steers,2026-04-17,351.29,Purchase,Approved,1,POS
TXN054346,C070,CRD0110,Wimpy,2026-04-27,194.63,Purchase,Approved,0,POS
TXN054347,C120,CRD0183,Wimpy,2025-12-27,242.06,Withdrawal,Declined,0,ATM
TXN054348,C219,CRD0321,Vida e Caffe,2026-02-02,12.26,Refund,Declined,0,POS
TXN054349,C514,CRD0768,Dis-Chem,2026-02-27,52.06,Refund,Approved,0,POS
TXN054350,C351,CRD0528,Pep,2026-01-31,122.33,Purchase,Declined,0,POS
TXN054351,C349,CRD0522,Spotify,2026-02-15,22.25,Refund,Approved,1,Online
TXN054352,C130,CRD0196,KFC,2025-11-22,48.39,Payment,Approved,0,Online
TXN054353,C137,CRD0207,Truworths,2025-12-04,1289.07,Purchase,Approved,0,POS
TXN054354,C360,CRD0539,Mugg and Bean,2026-01-26,122.89,Purchase,Approved,0,Online
TXN054355,C108,CRD0165,Wimpy,2025-12-17,103.94,Purchase,Approved,0,Online
TXN054356,C322,CRD0478,Google Play,2026-04-09,84.02,Purchase,Approved,0,Online
TXN054357,C208,CRD0306,Vida e Caffe,2025-12-30,103.44,Purchase,Approved,0,ATM
TXN054358,C491,CRD0741,Clicks,2026-03-27,594.27,Purchase,Approved,0,Online
TXN054359,C393,CRD0593,Wimpy,2026-03-18,63.36,Purchase,Approved,0,POS
TXN054360,C349,CRD0522,KFC,2025-11-28,148.41,Purchase,Approved,0,POS
TXN054361,C189,CRD0277,Woolworths,2025-11-26,563.4,Withdrawal,Declined,0,ATM
TXN054362,C137,CRD0206,Apple iTunes,2026-02-09,41.71,Withdrawal,Approved,0,Online
TXN054363,C028,CRD0047,Zando,2026-03-27,982.9,Purchase,Approved,0,Online
TXN054364,C178,CRD0262,Truworths,2026-04-12,504.15,Purchase,Approved,0,POS
TXN054365,C308,CRD0451,Takealot,2026-02-28,1007.21,Purchase,Approved,0,Online
TXN054366,C427,CRD0651,KFC,2026-04-17,157.1,Purchase,Approved,0,POS
TXN054367,C057,CRD0089,Bash.com,2026-03-15,420.16,Withdrawal,Approved,0,Online
TXN054368,C143,CRD0215,Spotify,2026-04-02,53.95,Purchase,Approved,0,Online
TXN054369,C310,CRD0455,Pep,2025-12-28,127.3,Purchase,Approved,0,POS
TXN054370,C448,CRD0681,Steers,2025-11-29,210.89,Purchase,Approved,0,Online
TXN054371,C096,CRD0148,Checkers,2026-05-01,404.28,Withdrawal,Approved,0,ATM
TXN054372,C214,CRD0314,Amazon.co.za,2026-03-10,2511.53,Purchase,Approved,0,Online
TXN054373,C530,CRD0784,Edgars,2026-03-16,140.8,Purchase,Approved,0,POS
TXN054374,C317,CRD0468,Chicken Licken,2026-04-26,143.75,Purchase,Approved,0,POS
TXN054375,C098,CRD0152,Wimpy,2026-04-11,68.73,Purchase,Approved,0,POS
TXN054376,C544,CRD0798,Pep,2026-03-26,278.92,Purchase,Approved,0,POS
TXN054377,C130,CRD0195,DStv,2026-04-02,597.51,Payment,Declined,0,Online
TXN054378,C116,CRD0177,KFC,2026-03-12,130.53,Purchase,Approved,0,POS
TXN054379,C061,CRD0094,Clicks,2026-03-20,283.35,Purchase,Approved,0,Online
TXN054380,C522,CRD0776,Montecasino,2026-02-11,282.75,Refund,Approved,0,ATM
TXN054381,C404,CRD0609,McDonalds,2026-04-09,95.62,Withdrawal,Approved,0,ATM
TXN054382,C200,CRD0294,Incredible Connect,2026-04-01,2093.61,Payment,Approved,0,Online
TXN054383,C291,CRD0424,Apple iTunes,2025-12-27,112.72,Purchase,Declined,0,Online
TXN054384,C338,CRD0506,Apple iTunes,2026-05-13,456.31,Withdrawal,Approved,0,Online
TXN054385,C448,CRD0681,Takealot,2026-02-28,163.86,Withdrawal,Approved,0,Online
TXN054386,C181,CRD0266,Netflix,2026-03-28,186.36,Purchase,Approved,0,Online
TXN054387,C349,CRD0522,Uber Eats,2026-03-28,234.38,Payment,Approved,0,Online
TXN054388,C047,CRD0072,Steers,2026-02-26,205.56,Purchase,Approved,0,Online
TXN054389,C270,CRD0392,Avis SA,2026-01-23,2677.16,Purchase,Approved,0,Online
TXN054390,C440,CRD0670,Loot.co.za,2026-03-25,2862.76,Purchase,Approved,1,Online
TXN054391,C440,CRD0670,Woolworths,2025-12-28,123.34,Purchase,Approved,0,Online
TXN054392,C017,CRD0025,KFC,2026-03-16,116.34,Payment,Approved,0,Online
TXN054393,C428,CRD0652,Mr Price,2026-01-26,523.35,Purchase,Approved,0,Online
TXN054394,C020,CRD0032,Spotify,2026-04-26,58.63,Purchase,Approved,0,Online
TXN054395,C166,CRD0246,Steers,2026-02-10,193.14,Purchase,Approved,0,POS
TXN054396,C128,CRD0192,KFC,2026-01-01,100.24,Payment,Approved,0,Online
TXN054397,C421,CRD0640,Clicks,2025-12-03,487.62,Purchase,Approved,0,POS
TXN054398,C335,CRD0502,Romans Pizza,2026-03-15,228.89,Purchase,Approved,0,POS
TXN054399,C079,CRD0122,Zando,2026-05-09,644.18,Purchase,Approved,0,Online
TXN054400,C330,CRD0491,Sportsmans Whouse,2026-01-27,368.7,Purchase,Approved,0,Online
TXN054401,C180,CRD0264,Google Play,2026-04-27,298.46,Purchase,Approved,0,Online
TXN054402,C316,CRD0467,Superbalist,2025-11-26,1761.91,Purchase,Approved,0,Online
TXN054403,C292,CRD0428,Takealot,2025-12-18,975.73,Purchase,Approved,0,Online
TXN054404,C013,CRD0020,Pep,2026-03-15,120.43,Purchase,Approved,0,POS
TXN054405,C506,CRD0760,Nu Metro,2026-01-26,133.48,Purchase,Approved,0,Online
TXN054406,C366,CRD0550,Vida e Caffe,2026-01-11,71.95,Purchase,Approved,0,POS
TXN054407,C197,CRD0290,Checkers,2026-04-27,2617.66,Purchase,Approved,0,Online
TXN054408,C415,CRD0629,Pick n Pay,2026-02-24,877.37,Withdrawal,Approved,0,ATM
TXN054409,C285,CRD0415,Pep,2026-04-20,317.22,Purchase,Approved,0,POS
TXN054410,C145,CRD0218,Pep,2025-12-25,350.35,Payment,Approved,0,Online
TXN054411,C053,CRD0082,ShowMax,2026-03-20,90.05,Purchase,Approved,0,Online
TXN054412,C039,CRD0062,Spur,2025-12-26,296.41,Purchase,Approved,0,Online
TXN054413,C117,CRD0178,Dis-Chem,2025-12-04,241.38,Withdrawal,Approved,0,ATM
TXN054414,C041,CRD0065,DStv,2026-02-16,133.99,Purchase,Approved,0,Online
TXN054415,C430,CRD0654,Zando,2026-01-26,987.42,Purchase,Approved,0,Online
TXN054416,C146,CRD0221,Takealot,2026-04-28,2394.01,Purchase,Pending,0,Online
TXN054417,C136,CRD0205,Spotify,2026-02-10,66.15,Purchase,Declined,0,Online
TXN054418,C025,CRD0042,TicketPro,2026-01-26,846.67,Payment,Approved,0,Online
TXN054419,C311,CRD0458,Shell,2025-11-22,976.79,Withdrawal,Approved,0,ATM
TXN054420,C105,CRD0161,Spur,2026-04-08,257.03,Purchase,Declined,0,Online
TXN054421,C131,CRD0197,Chicken Licken,2026-02-03,85.29,Purchase,Approved,0,Online
TXN054422,C055,CRD0086,Steers,2026-02-27,79.26,Purchase,Approved,0,Online
TXN054423,C168,CRD0249,KFC,2026-04-24,95.93,Purchase,Approved,0,Online
TXN054424,C133,CRD0200,Apple iTunes,2026-05-13,209.12,Purchase,Approved,0,Online
TXN054425,C267,CRD0387,Avis SA,2026-03-03,1475.76,Withdrawal,Approved,0,ATM
TXN054426,C250,CRD0362,Steers,2026-01-25,104.6,Purchase,Approved,0,POS
TXN054427,C298,CRD0437,Faithful to Nature,2026-05-27,464.4,Purchase,Approved,0,Online
TXN054428,C334,CRD0499,Montecasino,2026-04-05,1792.75,Purchase,Approved,0,POS
TXN054429,C353,CRD0531,Apple iTunes,2026-04-24,491.86,Purchase,Approved,0,Online
TXN054430,C488,CRD0737,McDonalds,2026-04-20,20.36,Refund,Declined,0,Online
TXN054431,C496,CRD0749,Ster-Kinekor,2026-04-27,393.66,Payment,Approved,1,Online
TXN054432,C404,CRD0610,Google Play,2026-01-09,369.87,Purchase,Approved,1,Online
TXN054433,C202,CRD0297,Vida e Caffe,2025-12-04,93.69,Purchase,Approved,0,POS
TXN054434,C334,CRD0499,Game,2026-04-30,7009.1,Purchase,Approved,0,Online
TXN054435,C498,CRD0751,Uber Eats,2025-12-25,184.96,Purchase,Approved,0,Online
TXN054436,C426,CRD0648,Checkers,2025-12-06,1482.18,Purchase,Approved,0,Online
TXN054437,C331,CRD0494,Nandos,2025-12-11,139.89,Purchase,Approved,0,POS
TXN054438,C005,CRD0006,Google Play,2026-02-15,215.32,Purchase,Approved,0,Online
TXN054439,C130,CRD0195,Google Play,2026-03-10,170.72,Withdrawal,Approved,0,Online
TXN054440,C515,CRD0769,Google Play,2026-03-04,155.07,Purchase,Approved,0,Online
TXN054441,C333,CRD0497,Pick n Pay,2026-01-22,77.81,Purchase,Approved,0,Online
TXN054442,C406,CRD0614,Nandos,2026-03-14,198.36,Purchase,Approved,0,Online
TXN054443,C249,CRD0360,Kulula,2025-12-19,1323.01,Withdrawal,Approved,0,ATM
TXN054444,C045,CRD0070,Google Play,2026-02-27,107.54,Purchase,Approved,0,Online
TXN054445,C047,CRD0072,Apple iTunes,2025-11-26,395.65,Purchase,Approved,0,Online
TXN054446,C187,CRD0274,Bash.com,2026-03-06,1376.94,Purchase,Approved,0,Online
TXN054447,C096,CRD0148,Ster-Kinekor,2026-03-27,155.0,Payment,Approved,0,Online
TXN054448,C259,CRD0375,TicketPro,2025-12-27,132.68,Refund,Approved,0,Online
TXN054449,C016,CRD0024,Engen,2025-12-29,1178.77,Purchase,Approved,0,POS
TXN054450,C039,CRD0062,Dis-Chem,2026-01-23,80.53,Purchase,Approved,0,POS
TXN054451,C207,CRD0304,Woolworths,2026-02-15,494.66,Purchase,Approved,0,POS
TXN054452,C514,CRD0768,Nandos,2026-01-25,184.43,Purchase,Approved,0,POS
TXN054453,C187,CRD0274,Spur,2025-12-30,231.36,Purchase,Approved,0,POS
TXN054454,C376,CRD0566,McDonalds,2026-04-18,85.49,Withdrawal,Approved,0,ATM
TXN054455,C358,CRD0537,Checkers,2026-04-26,443.21,Purchase,Approved,0,POS
TXN054456,C495,CRD0747,Chicken Licken,2026-03-16,117.58,Purchase,Approved,0,POS
TXN054457,C249,CRD0359,Clicks,2025-12-25,132.53,Purchase,Approved,0,POS
TXN054458,C075,CRD0117,Apple iTunes,2026-04-10,115.38,Refund,Approved,0,Online
TXN054459,C259,CRD0374,Mugg and Bean,2026-03-28,145.23,Purchase,Approved,0,Online
TXN054460,C353,CRD0531,Pep,2025-12-01,347.33,Purchase,Approved,0,POS
TXN054461,C035,CRD0056,McDonalds,2026-02-25,208.04,Withdrawal,Approved,0,ATM
TXN054462,C066,CRD0102,Ocean Basket,2026-02-19,553.87,Withdrawal,Approved,0,ATM
TXN054463,C363,CRD0542,Spotify,2026-02-26,56.15,Purchase,Declined,0,Online
TXN054464,C278,CRD0402,Nu Metro,2026-02-22,72.74,Purchase,Approved,0,ATM
TXN054465,C122,CRD0185,Google Play,2026-02-16,263.57,Purchase,Approved,0,Online
TXN054466,C458,CRD0698,Bash.com,2026-04-26,1844.01,Purchase,Pending,0,Online
TXN054467,C089,CRD0137,Pick n Pay,2026-04-24,305.52,Refund,Approved,0,POS
TXN054468,C249,CRD0361,Faithful to Nature,2026-04-15,836.5,Purchase,Approved,0,Online
TXN054469,C454,CRD0693,Google Play,2026-05-04,63.28,Purchase,Approved,0,Online
TXN054470,C328,CRD0489,Gold Reef City,2025-12-25,173.45,Purchase,Approved,0,POS
TXN054471,C142,CRD0214,McDonalds,2026-03-04,132.37,Withdrawal,Approved,0,ATM
TXN054472,C508,CRD0762,Incredible Connect,2026-03-31,10039.03,Purchase,Approved,0,Online
TXN054473,C085,CRD0129,Game,2026-01-26,2067.01,Payment,Approved,0,Online
TXN054474,C488,CRD0737,Engen,2026-03-27,1510.94,Purchase,Approved,0,Online
TXN054475,C498,CRD0751,KFC,2026-04-28,130.18,Purchase,Approved,0,POS
TXN054476,C256,CRD0369,Nu Metro,2026-03-22,350.35,Purchase,Approved,1,POS
TXN054477,C376,CRD0566,KFC,2026-03-21,133.93,Purchase,Approved,0,Online
TXN054478,C412,CRD0624,TicketPro,2026-01-25,376.99,Purchase,Approved,0,ATM
TXN054479,C311,CRD0458,Pep,2026-04-17,173.01,Withdrawal,Approved,0,ATM
TXN054480,C248,CRD0358,Debonairs,2025-12-08,285.57,Purchase,Approved,1,Online
TXN054481,C467,CRD0711,Google Play,2026-03-27,124.16,Purchase,Approved,0,Online
TXN054482,C206,CRD0303,Google Play,2026-02-23,150.12,Purchase,Approved,0,Online
TXN054483,C020,CRD0033,Bash.com,2026-04-01,1803.03,Payment,Approved,0,Online
TXN054484,C314,CRD0464,Cape Union Mart,2026-02-14,2246.29,Purchase,Approved,0,POS
TXN054485,C002,CRD0002,Vida e Caffe,2026-01-13,58.5,Withdrawal,Approved,0,ATM
TXN054486,C152,CRD0229,Pep,2026-03-27,212.01,Purchase,Approved,0,POS
TXN054487,C327,CRD0486,Ster-Kinekor,2026-04-03,134.75,Purchase,Declined,0,Online
TXN054488,C271,CRD0393,Takealot,2026-01-17,1958.96,Purchase,Approved,0,Online
TXN054489,C438,CRD0667,Steers,2026-01-31,115.5,Purchase,Approved,0,POS
TXN054490,C431,CRD0656,McDonalds,2026-04-07,28.21,Refund,Approved,0,POS
TXN054491,C427,CRD0651,Spotify,2025-12-08,61.09,Purchase,Approved,0,Online
TXN054492,C010,CRD0015,Spotify,2026-05-15,49.78,Purchase,Approved,0,Online
TXN054493,C056,CRD0087,McDonalds,2026-02-08,84.46,Purchase,Approved,0,POS
TXN054494,C432,CRD0658,Foschini,2025-12-28,2960.61,Payment,Approved,0,Online
TXN054495,C438,CRD0667,Engen,2026-02-18,669.92,Purchase,Approved,0,Online
TXN054496,C283,CRD0412,Google Play,2026-03-31,228.96,Withdrawal,Approved,0,Online
TXN054497,C228,CRD0331,Google Play,2026-03-28,112.0,Purchase,Approved,0,Online
TXN054498,C394,CRD0594,Apple iTunes,2026-04-07,75.8,Purchase,Approved,0,Online
TXN054499,C289,CRD0421,Edgars,2026-04-13,1919.03,Purchase,Approved,0,Online
TXN054500,C460,CRD0700,Spotify,2025-12-16,45.27,Payment,Approved,0,Online
TXN054501,C540,CRD0794,Spotify,2025-11-28,50.14,Purchase,Approved,0,Online
TXN054502,C320,CRD0472,Wimpy,2025-12-10,133.06,Payment,Approved,0,Online
TXN054503,C095,CRD0147,Checkers,2026-02-28,861.02,Purchase,Approved,0,POS
TXN054504,C213,CRD0313,Nandos,2026-05-02,115.54,Purchase,Approved,0,POS
TXN054505,C462,CRD0704,Truworths,2026-04-02,1472.93,Payment,Approved,0,Online
TXN054506,C021,CRD0035,McDonalds,2026-01-21,172.03,Payment,Approved,0,Online
TXN054507,C265,CRD0383,Builders Warehouse,2026-03-21,8742.0,Purchase,Approved,0,Online
TXN054508,C053,CRD0082,Romans Pizza,2025-11-26,62.78,Purchase,Approved,0,POS
TXN054509,C270,CRD0391,Vida e Caffe,2026-02-13,94.39,Purchase,Approved,0,POS
TXN054510,C327,CRD0487,Nandos,2026-04-28,250.81,Purchase,Approved,0,Online
TXN054511,C295,CRD0431,Gold Reef City,2026-03-28,252.33,Payment,Approved,0,Online
TXN054512,C380,CRD0572,Google Play,2025-12-23,195.37,Purchase,Approved,0,Online
TXN054513,C238,CRD0345,Mr Price,2025-12-01,210.7,Payment,Approved,0,Online
TXN054514,C218,CRD0319,Nu Metro,2025-12-25,82.79,Purchase,Approved,0,POS
TXN054515,C486,CRD0734,Google Play,2025-12-31,116.21,Purchase,Declined,0,Online
TXN054516,C446,CRD0677,Nu Metro,2025-11-28,163.66,Purchase,Declined,0,POS
TXN054517,C481,CRD0729,Google Play,2026-04-03,25.1,Purchase,Approved,0,Online
TXN054518,C145,CRD0218,Uber Eats,2026-02-24,229.48,Purchase,Declined,0,Online
TXN054519,C107,CRD0163,Dis-Chem,2026-05-16,831.69,Purchase,Approved,0,POS
TXN054520,C465,CRD0708,Apple iTunes,2026-04-27,300.73,Purchase,Approved,0,Online
TXN054521,C074,CRD0116,Woolworths,2026-03-22,825.8,Withdrawal,Declined,0,ATM
TXN054522,C271,CRD0393,Netflix,2025-11-25,194.32,Purchase,Approved,0,Online
TXN054523,C315,CRD0466,Clicks,2026-03-22,340.29,Payment,Approved,0,Online
TXN054524,C445,CRD0676,Mugg and Bean,2026-01-27,76.63,Refund,Approved,0,POS
TXN054525,C450,CRD0683,Spotify,2025-12-03,49.74,Purchase,Approved,0,Online
TXN054526,C519,CRD0773,Google Play,2026-04-27,183.19,Purchase,Approved,0,Online
TXN054527,C023,CRD0039,Google Play,2026-01-09,29.6,Refund,Approved,0,Online
TXN054528,C183,CRD0270,Pick n Pay,2026-03-06,752.22,Purchase,Declined,0,POS
TXN054529,C358,CRD0537,KFC,2026-01-25,79.83,Withdrawal,Approved,0,ATM
TXN054530,C309,CRD0453,Woolworths,2026-04-28,1056.06,Purchase,Approved,0,POS
TXN054531,C130,CRD0195,Steers,2025-12-04,136.4,Purchase,Approved,0,POS
TXN054532,C120,CRD0182,Mr Price,2026-05-15,1499.31,Purchase,Declined,0,POS
TXN054533,C074,CRD0115,Dis-Chem,2026-02-12,668.89,Purchase,Approved,0,POS
TXN054534,C531,CRD0785,Debonairs,2026-04-06,36.74,Refund,Approved,0,POS
TXN054535,C410,CRD0622,Google Play,2026-01-25,56.01,Refund,Approved,0,Online
TXN054536,C114,CRD0174,Checkers,2025-12-14,1710.2,Withdrawal,Approved,0,ATM
TXN054537,C165,CRD0245,Google Play,2026-05-09,416.07,Payment,Approved,1,Online
TXN054538,C334,CRD0500,BP,2026-03-25,653.98,Purchase,Approved,0,POS
TXN054539,C110,CRD0167,Ocean Basket,2025-12-06,262.69,Withdrawal,Approved,0,ATM
TXN054540,C253,CRD0366,Apple iTunes,2026-03-08,53.5,Withdrawal,Approved,0,Online
TXN054541,C460,CRD0701,Builders Warehouse,2026-01-04,9947.23,Purchase,Approved,0,Online
TXN054542,C041,CRD0064,Vida e Caffe,2025-12-31,101.92,Purchase,Approved,0,Online
TXN054543,C450,CRD0684,Wimpy,2026-01-26,164.34,Purchase,Declined,0,POS
TXN054544,C292,CRD0426,ShowMax,2026-02-26,91.94,Purchase,Approved,0,Online
TXN054545,C114,CRD0174,Apple iTunes,2026-01-18,155.96,Purchase,Approved,0,Online
TXN054546,C086,CRD0130,KFC,2026-01-13,38.78,Purchase,Declined,0,Online
TXN054547,C070,CRD0109,Ster-Kinekor,2026-01-27,261.72,Purchase,Approved,0,POS
TXN054548,C056,CRD0087,Uber Eats,2025-12-25,382.56,Payment,Declined,0,Online
TXN054549,C120,CRD0181,Chicken Licken,2025-11-22,186.84,Withdrawal,Approved,1,ATM
TXN054550,C233,CRD0339,Apple iTunes,2025-12-27,254.65,Purchase,Approved,0,Online
TXN054551,C428,CRD0652,Amazon.co.za,2026-02-14,5967.34,Purchase,Approved,0,Online
TXN054552,C539,CRD0793,Chicken Licken,2026-05-28,62.78,Withdrawal,Approved,0,ATM
TXN054553,C096,CRD0148,Amazon.co.za,2026-03-29,3964.62,Purchase,Approved,0,Online
TXN054554,C223,CRD0326,Pep,2025-11-27,61.47,Purchase,Approved,0,POS
TXN054555,C238,CRD0344,Apple iTunes,2026-03-24,94.54,Withdrawal,Approved,0,Online
TXN054556,C318,CRD0469,Ster-Kinekor,2026-01-02,158.16,Payment,Approved,0,Online
TXN054557,C503,CRD0757,Engen,2026-02-02,934.21,Payment,Approved,0,Online
TXN054558,C469,CRD0713,BP,2026-03-25,481.32,Purchase,Approved,0,POS
TXN054559,C109,CRD0166,Vida e Caffe,2025-11-26,171.21,Purchase,Approved,0,Online
TXN054560,C080,CRD0123,Spotify,2025-12-25,51.12,Purchase,Approved,0,Online
TXN054561,C471,CRD0716,Zando,2025-12-23,855.8,Payment,Approved,0,Online
TXN054562,C308,CRD0452,Spotify,2026-04-11,65.68,Purchase,Approved,1,Online
TXN054563,C079,CRD0122,Google Play,2026-04-12,169.99,Purchase,Approved,0,Online
TXN054564,C075,CRD0118,Checkers,2026-02-06,1897.26,Purchase,Approved,0,ATM
TXN054565,C189,CRD0277,Cape Union Mart,2026-04-27,254.62,Refund,Approved,0,Online
TXN054566,C362,CRD0541,Pick n Pay,2025-12-17,1873.6,Purchase,Approved,0,Online
TXN054567,C522,CRD0776,Ocean Basket,2026-03-31,889.64,Payment,Approved,1,Online
TXN054568,C274,CRD0397,Vida e Caffe,2026-03-08,61.16,Purchase,Pending,0,POS
TXN054569,C105,CRD0160,Steers,2025-11-24,134.38,Purchase,Approved,0,Online
TXN054570,C432,CRD0658,Spotify,2026-04-23,61.09,Purchase,Declined,0,Online
TXN054571,C230,CRD0336,Nu Metro,2026-01-14,213.8,Purchase,Declined,0,POS
TXN054572,C254,CRD0367,Google Play,2026-05-03,130.14,Purchase,Approved,0,Online
TXN054573,C376,CRD0566,Wimpy,2026-01-12,253.98,Purchase,Approved,0,POS
TXN054574,C451,CRD0685,Debonairs,2026-01-29,55.51,Withdrawal,Approved,0,ATM
TXN054575,C491,CRD0741,Mr Price,2026-04-27,472.18,Purchase,Approved,0,POS
TXN054576,C029,CRD0049,Steers,2026-04-14,138.32,Purchase,Pending,0,POS
TXN054577,C059,CRD0092,Mr Price,2026-02-07,310.08,Purchase,Approved,0,POS
TXN054578,C201,CRD0296,Incredible Connect,2026-04-19,7506.46,Withdrawal,Approved,0,ATM
TXN054579,C290,CRD0423,Wimpy,2026-03-18,507.94,Purchase,Pending,1,POS
TXN054580,C029,CRD0049,Shell,2026-01-14,1345.55,Purchase,Approved,0,POS
TXN054581,C393,CRD0592,Nu Metro,2026-04-08,187.03,Purchase,Approved,0,Online
TXN054582,C316,CRD0467,Chicken Licken,2026-02-22,15.51,Refund,Approved,0,POS
TXN054583,C510,CRD0764,Kulula,2026-02-28,1772.1,Purchase,Approved,0,ATM
TXN054584,C265,CRD0383,McDonalds,2026-03-21,107.09,Withdrawal,Approved,0,ATM
TXN054585,C203,CRD0298,Makro,2026-05-12,7691.74,Payment,Approved,0,Online
TXN054586,C057,CRD0088,Apple iTunes,2025-12-13,203.92,Purchase,Declined,0,Online
TXN054587,C032,CRD0053,Pep,2026-01-25,476.54,Withdrawal,Approved,0,ATM
TXN054588,C316,CRD0467,Uber Eats,2025-12-06,141.86,Purchase,Approved,0,Online
TXN054589,C008,CRD0012,KFC,2026-02-26,48.62,Purchase,Declined,0,POS
TXN054590,C243,CRD0352,Mr Price,2026-01-30,774.11,Purchase,Approved,0,Online
TXN054591,C107,CRD0164,Loot.co.za,2026-04-10,1080.75,Withdrawal,Approved,0,Online
TXN054592,C544,CRD0798,Amazon.co.za,2026-04-27,3815.2,Purchase,Approved,0,Online
TXN054593,C356,CRD0535,Debonairs,2025-12-02,54.91,Refund,Approved,0,POS
TXN054594,C432,CRD0657,Edgars,2026-01-25,421.09,Purchase,Approved,0,POS
TXN054595,C340,CRD0510,Bash.com,2026-04-18,2032.05,Purchase,Pending,0,Online
TXN054596,C306,CRD0449,Truworths,2026-04-26,1620.56,Purchase,Declined,0,POS
TXN054597,C301,CRD0441,Apple iTunes,2026-03-25,272.25,Purchase,Approved,0,Online
TXN054598,C385,CRD0582,ShowMax,2026-02-28,108.69,Purchase,Approved,0,Online
TXN054599,C447,CRD0680,Google Play,2026-01-25,185.38,Payment,Approved,0,Online
TXN054600,C162,CRD0240,Steers,2026-01-31,73.85,Purchase,Approved,0,POS
TXN054601,C470,CRD0715,Steers,2026-04-28,153.44,Purchase,Declined,0,Online
TXN054602,C288,CRD0419,Wimpy,2025-12-27,103.34,Purchase,Approved,0,Online
TXN054603,C177,CRD0260,Debonairs,2026-02-06,88.27,Purchase,Approved,0,POS
TXN054604,C294,CRD0430,Truworths,2026-03-24,106.77,Purchase,Approved,0,POS
TXN054605,C215,CRD0315,Superbalist,2026-01-03,1105.56,Purchase,Approved,0,Online
TXN054606,C081,CRD0124,Edgars,2026-01-25,1472.84,Purchase,Approved,0,Online
TXN054607,C231,CRD0337,Wimpy,2026-03-26,238.13,Purchase,Approved,0,POS
TXN054608,C461,CRD0702,Mugg and Bean,2026-05-17,142.52,Purchase,Approved,0,Online
TXN054609,C549,CRD0803,Google Play,2026-05-13,24.51,Refund,Approved,0,Online
TXN054610,C339,CRD0509,Faithful to Nature,2026-02-25,389.26,Purchase,Approved,0,Online
TXN054611,C147,CRD0222,TicketPro,2025-12-17,362.82,Payment,Pending,0,Online
TXN054612,C135,CRD0204,Game,2026-01-02,1655.55,Purchase,Declined,0,POS
TXN054613,C037,CRD0058,Checkers,2026-04-16,813.84,Purchase,Declined,0,POS
TXN054614,C008,CRD0012,City Lodge,2025-11-27,926.28,Purchase,Declined,0,Online
TXN054615,C050,CRD0079,Edgars,2025-12-26,1133.23,Purchase,Approved,0,POS
TXN054616,C061,CRD0094,Amazon.co.za,2026-01-27,2518.58,Payment,Approved,0,Online
TXN054617,C512,CRD0766,Dis-Chem,2026-03-16,836.98,Purchase,Approved,0,Online
TXN054618,C258,CRD0373,Spur,2026-01-06,268.75,Purchase,Approved,0,POS
TXN054619,C446,CRD0679,Vida e Caffe,2025-12-26,51.39,Purchase,Approved,0,POS
TXN054620,C089,CRD0135,KFC,2026-03-29,70.5,Purchase,Approved,0,POS
TXN054621,C274,CRD0397,Nandos,2026-01-28,87.26,Purchase,Approved,0,Online
TXN054622,C105,CRD0161,Pick n Pay,2026-04-27,1667.21,Purchase,Approved,0,POS
TXN054623,C352,CRD0529,Pep,2025-12-15,158.54,Purchase,Approved,0,Online
TXN054624,C367,CRD0552,DStv,2026-02-22,277.43,Purchase,Approved,0,POS
TXN054625,C186,CRD0273,Steers,2026-05-10,152.42,Purchase,Approved,0,POS
TXN054626,C417,CRD0632,Truworths,2026-04-30,429.72,Withdrawal,Approved,0,ATM
TXN054627,C526,CRD0780,Zando,2026-03-25,788.26,Purchase,Approved,0,Online
TXN054628,C167,CRD0248,Nu Metro,2025-11-27,99.76,Purchase,Approved,0,POS
TXN054629,C252,CRD0365,Engen,2026-01-14,315.94,Purchase,Approved,0,POS
TXN054630,C018,CRD0028,Sportsmans Whouse,2026-02-27,349.88,Withdrawal,Approved,0,ATM
TXN054631,C029,CRD0049,Dis-Chem,2026-01-26,465.54,Purchase,Approved,0,Online
TXN054632,C525,CRD0779,Faithful to Nature,2026-04-26,351.78,Purchase,Approved,0,Online
TXN054633,C535,CRD0789,Pick n Pay,2026-01-24,200.83,Refund,Approved,0,Online
TXN054634,C390,CRD0588,TicketPro,2026-03-14,359.95,Purchase,Approved,0,POS
TXN054635,C158,CRD0236,Checkers,2026-01-28,850.76,Purchase,Declined,0,POS
TXN054636,C490,CRD0740,Engen,2026-04-16,1210.45,Purchase,Approved,0,POS
TXN054637,C410,CRD0622,Superbalist,2026-02-13,1409.37,Purchase,Approved,0,Online
TXN054638,C487,CRD0735,Google Play,2026-05-12,255.53,Purchase,Approved,1,Online
TXN054639,C351,CRD0527,KFC,2026-02-26,125.86,Purchase,Approved,0,POS
TXN054640,C446,CRD0679,Pick n Pay,2026-02-01,2738.3,Purchase,Approved,0,POS
TXN054641,C159,CRD0237,Zando,2026-01-15,539.39,Purchase,Approved,0,Online
TXN054642,C112,CRD0172,Loot.co.za,2026-04-01,161.53,Refund,Approved,0,Online
TXN054643,C298,CRD0436,Dis-Chem,2026-01-21,824.42,Withdrawal,Approved,0,ATM
TXN054644,C457,CRD0697,Ster-Kinekor,2026-02-26,44.31,Refund,Approved,0,POS
TXN054645,C430,CRD0655,Spur,2026-02-21,295.36,Purchase,Declined,0,Online
TXN054646,C148,CRD0223,McDonalds,2026-04-02,59.5,Purchase,Approved,0,Online
TXN054647,C005,CRD0006,Totalsports,2026-05-14,1169.11,Purchase,Approved,0,POS
TXN054648,C352,CRD0529,Apple iTunes,2026-02-28,425.13,Purchase,Approved,1,Online
TXN054649,C235,CRD0341,Nu Metro,2026-03-22,106.58,Purchase,Approved,0,POS
TXN054650,C365,CRD0548,Google Play,2026-05-03,167.72,Purchase,Approved,0,Online
TXN054651,C427,CRD0651,Takealot,2026-03-27,2277.73,Purchase,Approved,0,Online
TXN054652,C020,CRD0033,Ster-Kinekor,2026-03-07,167.97,Purchase,Approved,0,POS
TXN054653,C249,CRD0360,Steers,2025-12-29,100.28,Purchase,Approved,0,ATM
TXN054654,C480,CRD0728,Foschini,2026-02-25,2372.44,Withdrawal,Approved,0,ATM
TXN054655,C247,CRD0357,Bash.com,2026-01-27,71.05,Refund,Approved,0,Online
TXN054656,C198,CRD0291,Apple iTunes,2026-04-13,90.05,Purchase,Approved,0,Online
TXN054657,C406,CRD0614,Dis-Chem,2026-02-12,866.97,Purchase,Approved,0,POS
TXN054658,C107,CRD0164,Clicks,2026-04-20,295.83,Purchase,Approved,0,POS
TXN054659,C201,CRD0296,Checkers,2025-12-28,1019.23,Purchase,Approved,0,POS
TXN054660,C413,CRD0626,Apple iTunes,2026-03-26,188.38,Purchase,Declined,0,Online
TXN054661,C275,CRD0399,Superbalist,2026-02-08,837.01,Purchase,Declined,0,Online
TXN054662,C306,CRD0448,Pick n Pay,2025-12-04,1482.63,Purchase,Approved,0,Online
TXN054663,C267,CRD0387,Spur,2025-12-27,654.6,Purchase,Approved,1,POS
TXN054664,C239,CRD0347,Bash.com,2026-04-27,1432.56,Purchase,Approved,0,Online
TXN054665,C274,CRD0398,KFC,2025-12-26,125.76,Payment,Approved,0,Online
TXN054666,C260,CRD0376,Pep,2026-01-26,65.01,Purchase,Approved,0,Online
TXN054667,C200,CRD0294,Cape Union Mart,2025-12-13,2090.29,Withdrawal,Approved,0,ATM
TXN054668,C288,CRD0419,Chicken Licken,2026-03-19,66.03,Purchase,Approved,0,POS
TXN054669,C328,CRD0488,Romans Pizza,2025-12-29,100.67,Payment,Approved,0,Online
TXN054670,C322,CRD0478,Checkers,2026-04-14,346.32,Purchase,Approved,0,POS
TXN054671,C296,CRD0434,Bash.com,2026-04-18,230.97,Purchase,Approved,0,Online
TXN054672,C432,CRD0658,Nandos,2026-01-25,306.06,Withdrawal,Approved,0,ATM
TXN054673,C448,CRD0681,Uber Eats,2025-12-27,315.12,Purchase,Approved,0,Online
TXN054674,C229,CRD0334,Woolworths,2026-02-22,416.23,Purchase,Declined,0,POS
TXN054675,C446,CRD0679,Pep,2026-02-14,177.54,Withdrawal,Approved,0,ATM
TXN054676,C404,CRD0609,Spur,2026-04-26,236.15,Purchase,Approved,0,POS
TXN054677,C409,CRD0620,Mr Price,2026-03-15,1395.06,Purchase,Declined,0,POS
TXN054678,C021,CRD0036,Superbalist,2026-03-28,1818.31,Payment,Approved,0,Online
TXN054679,C137,CRD0207,Pick n Pay,2025-12-21,394.41,Withdrawal,Approved,0,ATM
TXN054680,C321,CRD0476,Uber Eats,2026-02-08,86.37,Purchase,Approved,0,Online
TXN054681,C002,CRD0002,Dis-Chem,2026-01-27,87.8,Purchase,Approved,0,POS
TXN054682,C236,CRD0342,Google Play,2026-05-27,151.72,Purchase,Approved,0,Online
TXN054683,C526,CRD0780,Edgars,2026-03-31,715.3,Purchase,Approved,0,Online
TXN054684,C262,CRD0380,Romans Pizza,2026-05-26,135.71,Purchase,Approved,0,POS
TXN054685,C529,CRD0783,KFC,2026-03-24,10.51,Refund,Approved,0,Online
TXN054686,C469,CRD0713,Uber Eats,2026-03-08,350.51,Purchase,Approved,1,Online
TXN054687,C536,CRD0790,Ster-Kinekor,2026-03-12,69.61,Purchase,Approved,0,POS
TXN054688,C364,CRD0545,Chicken Licken,2025-12-28,305.88,Withdrawal,Declined,0,ATM
TXN054689,C502,CRD0756,Chicken Licken,2026-04-27,145.02,Purchase,Approved,0,POS
TXN054690,C498,CRD0752,Dis-Chem,2026-04-23,214.76,Withdrawal,Approved,0,ATM
TXN054691,C051,CRD0080,Superbalist,2026-04-07,824.27,Withdrawal,Approved,0,Online
TXN054692,C283,CRD0411,Ster-Kinekor,2026-05-26,285.5,Payment,Approved,0,Online
TXN054693,C241,CRD0349,Dis-Chem,2026-04-29,746.13,Purchase,Approved,0,Online
TXN054694,C124,CRD0188,Nu Metro,2025-12-17,122.28,Purchase,Approved,0,POS
TXN054695,C206,CRD0302,Foschini,2026-05-08,3628.05,Withdrawal,Approved,1,ATM
TXN054696,C033,CRD0054,Uber Eats,2025-12-12,107.45,Purchase,Approved,0,Online
TXN054697,C490,CRD0740,Avis SA,2025-12-25,1569.43,Purchase,Approved,0,POS
TXN054698,C196,CRD0288,Google Play,2026-04-28,207.23,Purchase,Approved,0,Online
TXN054699,C330,CRD0492,Clicks,2025-12-20,232.27,Purchase,Approved,0,ATM
TXN054700,C370,CRD0557,Makro,2025-12-26,943.91,Purchase,Declined,0,Online
TXN054701,C009,CRD0013,Dis-Chem,2026-05-08,454.91,Purchase,Approved,0,Online
TXN054702,C286,CRD0416,KFC,2026-01-06,63.22,Purchase,Declined,0,POS
TXN054703,C325,CRD0483,Zando,2026-02-01,153.82,Purchase,Approved,0,Online
TXN054704,C469,CRD0713,Pep,2026-03-07,341.19,Purchase,Declined,0,POS
TXN054705,C244,CRD0353,Kulula,2026-03-16,2974.66,Purchase,Approved,0,POS
TXN054706,C285,CRD0414,KFC,2025-12-22,90.94,Purchase,Approved,0,ATM
TXN054707,C200,CRD0294,Wimpy,2026-03-31,82.81,Purchase,Pending,0,POS
TXN054708,C452,CRD0689,Loot.co.za,2025-12-26,607.08,Refund,Approved,0,Online
TXN054709,C370,CRD0556,Google Play,2025-12-02,67.77,Purchase,Approved,0,Online
TXN054710,C409,CRD0621,Cape Union Mart,2026-01-28,2098.98,Payment,Approved,0,Online
TXN054711,C446,CRD0679,Google Play,2026-03-14,57.31,Payment,Approved,0,Online
TXN054712,C455,CRD0695,Google Play,2026-03-02,208.52,Purchase,Approved,0,Online
TXN054713,C548,CRD0802,Google Play,2026-04-26,134.14,Purchase,Approved,0,Online
TXN054714,C266,CRD0384,Apple iTunes,2026-02-09,188.29,Purchase,Approved,0,Online
TXN054715,C271,CRD0393,Pep,2025-12-28,229.11,Purchase,Approved,0,POS
TXN054716,C277,CRD0401,Faithful to Nature,2026-01-12,1052.6,Purchase,Approved,0,Online
TXN054717,C328,CRD0488,Sportsmans Whouse,2026-04-23,3476.04,Withdrawal,Approved,0,ATM
TXN054718,C418,CRD0635,Pep,2025-11-27,251.81,Withdrawal,Approved,0,ATM
TXN054719,C453,CRD0691,Wimpy,2026-04-20,441.93,Purchase,Approved,1,POS
TXN054720,C545,CRD0799,Clicks,2026-01-05,454.26,Purchase,Approved,0,POS
TXN054721,C076,CRD0119,Dis-Chem,2026-04-29,344.2,Purchase,Approved,0,Online
TXN054722,C292,CRD0428,Clicks,2026-03-24,87.04,Purchase,Approved,0,POS
TXN054723,C338,CRD0505,Clicks,2026-05-28,276.8,Withdrawal,Pending,0,ATM
TXN054724,C317,CRD0468,Ocean Basket,2026-03-04,545.47,Purchase,Approved,0,POS
TXN054725,C504,CRD0758,Clicks,2025-12-28,455.5,Purchase,Approved,0,POS
TXN054726,C274,CRD0398,Sportsmans Whouse,2026-01-08,2430.61,Withdrawal,Approved,0,ATM
TXN054727,C297,CRD0435,Clicks,2025-12-25,338.83,Purchase,Approved,0,POS
TXN054728,C018,CRD0027,Pick n Pay,2026-04-25,1041.0,Purchase,Approved,0,Online
TXN054729,C268,CRD0389,Zando,2026-01-18,1514.61,Purchase,Approved,0,Online
TXN054730,C385,CRD0581,Checkers,2026-02-28,241.8,Withdrawal,Approved,0,ATM
TXN054731,C118,CRD0179,Faithful to Nature,2026-04-06,1421.84,Purchase,Approved,0,Online
TXN054732,C038,CRD0061,Google Play,2025-12-05,86.83,Purchase,Approved,0,Online
TXN054733,C068,CRD0105,McDonalds,2025-12-02,89.33,Purchase,Approved,0,POS
TXN054734,C467,CRD0711,Vida e Caffe,2026-02-26,137.87,Purchase,Approved,0,POS
TXN054735,C204,CRD0299,Nandos,2026-03-07,179.03,Purchase,Approved,0,ATM
TXN054736,C106,CRD0162,Amazon.co.za,2025-12-22,4918.76,Payment,Approved,1,Online
TXN054737,C182,CRD0268,Nu Metro,2026-02-27,113.59,Purchase,Approved,0,Online
TXN054738,C290,CRD0423,Spotify,2026-02-26,47.0,Purchase,Approved,0,Online
TXN054739,C152,CRD0229,Ster-Kinekor,2025-12-28,448.53,Purchase,Approved,1,Online
TXN054740,C111,CRD0169,Takealot,2026-01-14,2430.68,Purchase,Approved,0,Online
TXN054741,C047,CRD0073,Nandos,2026-04-02,223.61,Purchase,Approved,0,POS
TXN054742,C253,CRD0366,McDonalds,2025-12-06,110.59,Withdrawal,Approved,0,ATM
TXN054743,C347,CRD0518,Spur,2026-03-02,353.35,Payment,Approved,0,Online
TXN054744,C063,CRD0097,Woolworths,2026-04-19,360.7,Purchase,Approved,0,ATM
TXN054745,C236,CRD0342,Edgars,2026-04-03,1161.34,Payment,Approved,0,Online
TXN054746,C106,CRD0162,FlySafair,2025-12-18,2523.47,Payment,Approved,0,Online
TXN054747,C006,CRD0008,Steers,2026-05-10,124.72,Purchase,Pending,0,Online
TXN054748,C059,CRD0092,Debonairs,2026-03-10,81.07,Purchase,Declined,0,Online
TXN054749,C266,CRD0386,Pick n Pay,2026-02-02,2919.0,Purchase,Approved,0,POS
TXN054750,C022,CRD0037,Nandos,2026-03-10,422.78,Purchase,Approved,1,ATM
TXN054751,C080,CRD0123,Dis-Chem,2026-04-09,585.19,Purchase,Approved,0,Online
TXN054752,C161,CRD0239,Amazon.co.za,2026-03-27,4410.1,Purchase,Approved,0,Online
TXN054753,C499,CRD0753,KFC,2026-04-25,57.65,Purchase,Declined,0,Online
TXN054754,C499,CRD0753,Chicken Licken,2025-12-09,122.26,Withdrawal,Approved,0,ATM
TXN054755,C149,CRD0225,Pick n Pay,2026-04-27,114.47,Withdrawal,Approved,0,ATM
TXN054756,C508,CRD0762,Dis-Chem,2026-01-10,752.46,Purchase,Approved,0,POS
TXN054757,C437,CRD0665,Loot.co.za,2026-02-23,1089.29,Withdrawal,Approved,0,Online
TXN054758,C163,CRD0242,McDonalds,2026-03-05,117.5,Payment,Approved,0,Online
TXN054759,C299,CRD0438,Game,2025-12-06,7373.12,Purchase,Approved,1,POS
TXN054760,C005,CRD0007,Spotify,2025-12-21,69.57,Purchase,Approved,0,Online
TXN054761,C324,CRD0480,KFC,2026-03-06,110.27,Payment,Approved,0,Online
TXN054762,C122,CRD0185,Mugg and Bean,2026-01-21,389.12,Purchase,Approved,0,POS
TXN054763,C194,CRD0285,ShowMax,2025-12-16,111.15,Purchase,Approved,0,Online
TXN054764,C042,CRD0067,Apple iTunes,2026-02-24,627.72,Payment,Approved,1,Online
TXN054765,C248,CRD0358,Spotify,2026-02-15,55.04,Withdrawal,Approved,0,Online
TXN054766,C128,CRD0192,Clicks,2026-02-20,135.77,Purchase,Declined,0,POS
TXN054767,C451,CRD0685,Pick n Pay,2026-02-18,1386.46,Withdrawal,Approved,0,ATM
TXN054768,C244,CRD0353,Google Play,2026-02-15,168.99,Purchase,Approved,0,Online
TXN054769,C132,CRD0199,Pep,2025-12-27,146.08,Purchase,Approved,0,POS
TXN054770,C070,CRD0110,Dis-Chem,2026-03-25,1519.88,Purchase,Approved,1,POS
TXN054771,C211,CRD0311,Google Play,2026-03-28,99.18,Purchase,Approved,0,Online
TXN054772,C292,CRD0427,Truworths,2025-11-24,1662.07,Purchase,Approved,0,Online
TXN054773,C067,CRD0103,Europcar,2026-01-27,2064.98,Withdrawal,Approved,0,ATM
TXN054774,C102,CRD0157,Loot.co.za,2026-02-04,122.8,Refund,Approved,0,Online
TXN054775,C514,CRD0768,Vida e Caffe,2025-11-28,9.48,Refund,Approved,0,POS
TXN054776,C351,CRD0526,KFC,2025-11-27,86.48,Purchase,Approved,0,POS
TXN054777,C391,CRD0590,Zando,2026-01-21,402.79,Purchase,Approved,0,Online
TXN054778,C379,CRD0571,Pep,2026-01-03,313.29,Withdrawal,Approved,0,ATM
TXN054779,C321,CRD0476,Uber Eats,2026-01-08,265.01,Purchase,Approved,0,Online
TXN054780,C292,CRD0427,Dis-Chem,2025-11-23,387.89,Purchase,Approved,0,POS
TXN054781,C326,CRD0484,Nandos,2026-04-28,276.73,Purchase,Approved,0,POS
TXN054782,C113,CRD0173,McDonalds,2026-01-31,248.53,Purchase,Approved,1,POS
TXN054783,C146,CRD0219,Cape Union Mart,2026-03-24,2748.28,Purchase,Approved,0,ATM
TXN054784,C188,CRD0275,Amazon.co.za,2026-01-07,718.87,Withdrawal,Declined,0,Online
TXN054785,C088,CRD0134,Loot.co.za,2026-03-25,1090.2,Purchase,Approved,0,Online
TXN054786,C435,CRD0662,Game,2026-05-07,5324.69,Purchase,Approved,0,Online
TXN054787,C466,CRD0710,Steers,2026-03-04,185.09,Purchase,Approved,0,Online
TXN054788,C275,CRD0399,Spotify,2026-03-28,53.95,Purchase,Approved,0,Online
TXN054789,C460,CRD0700,Clicks,2026-01-09,154.21,Withdrawal,Approved,0,ATM
TXN054790,C223,CRD0326,Pep,2026-01-02,114.04,Purchase,Approved,0,ATM
TXN054791,C547,CRD0801,Pep,2026-03-24,350.48,Purchase,Approved,0,POS
TXN054792,C373,CRD0561,Debonairs,2025-12-30,181.47,Purchase,Approved,0,Online
TXN054793,C502,CRD0756,ShowMax,2026-05-16,96.13,Purchase,Approved,0,Online
TXN054794,C110,CRD0168,Google Play,2026-02-22,206.35,Payment,Approved,0,Online
TXN054795,C399,CRD0601,Wimpy,2025-12-05,146.83,Purchase,Approved,0,POS
TXN054796,C239,CRD0347,Vida e Caffe,2026-02-27,127.32,Payment,Approved,0,Online
TXN054797,C534,CRD0788,Google Play,2026-05-08,137.42,Withdrawal,Approved,0,Online
TXN054798,C159,CRD0237,McDonalds,2026-02-28,70.8,Purchase,Approved,0,POS
TXN054799,C335,CRD0501,Takealot,2026-03-15,4937.7,Payment,Approved,0,Online
TXN054800,C201,CRD0296,Mugg and Bean,2026-04-25,422.32,Purchase,Declined,0,POS
TXN054801,C137,CRD0207,KFC,2025-11-22,104.79,Purchase,Approved,0,POS
TXN054802,C278,CRD0403,Google Play,2026-05-16,19.75,Refund,Approved,0,Online
TXN054803,C372,CRD0560,Apple iTunes,2026-02-17,345.75,Purchase,Approved,0,Online
TXN054804,C386,CRD0584,Clicks,2026-03-12,111.84,Purchase,Approved,0,Online
TXN054805,C288,CRD0419,Spotify,2026-05-08,47.88,Purchase,Pending,0,Online
TXN054806,C069,CRD0108,Takealot,2026-04-28,110.41,Purchase,Approved,0,Online
TXN054807,C019,CRD0030,Debonairs,2026-04-27,108.52,Payment,Approved,0,Online
TXN054808,C331,CRD0494,Nandos,2025-11-28,60.48,Withdrawal,Approved,0,ATM
TXN054809,C075,CRD0118,Checkers,2026-01-04,2046.36,Withdrawal,Approved,0,ATM
TXN054810,C016,CRD0024,Vida e Caffe,2026-01-25,134.25,Purchase,Declined,0,POS
TXN054811,C048,CRD0075,Chicken Licken,2026-01-26,64.89,Purchase,Approved,0,ATM
TXN054812,C242,CRD0350,Nandos,2026-01-30,132.34,Purchase,Approved,0,POS
TXN054813,C378,CRD0570,Debonairs,2026-01-17,53.13,Purchase,Approved,0,POS
TXN054814,C225,CRD0328,Mr Price,2026-01-12,461.05,Withdrawal,Approved,0,ATM
TXN054815,C100,CRD0154,KFC,2026-04-27,36.18,Purchase,Approved,0,Online
TXN054816,C414,CRD0628,Foschini,2026-03-17,780.96,Purchase,Approved,0,POS
TXN054817,C311,CRD0457,McDonalds,2026-04-23,70.58,Purchase,Pending,0,POS
TXN054818,C057,CRD0089,Game,2026-03-23,2255.41,Purchase,Pending,0,POS
TXN054819,C262,CRD0380,Ster-Kinekor,2026-02-22,176.15,Purchase,Approved,0,POS
TXN054820,C437,CRD0665,Europcar,2026-03-02,1313.18,Purchase,Approved,0,POS
TXN054821,C452,CRD0688,Spur,2026-05-27,39.44,Refund,Approved,0,Online
TXN054822,C421,CRD0640,McDonalds,2025-12-21,94.4,Payment,Approved,0,Online
TXN054823,C292,CRD0426,Apple iTunes,2025-12-23,334.3,Purchase,Pending,0,Online
TXN054824,C533,CRD0787,Sportsmans Whouse,2026-03-30,1029.8,Purchase,Approved,0,POS
TXN054825,C470,CRD0715,Mugg and Bean,2026-02-16,170.48,Purchase,Approved,0,ATM
TXN054826,C234,CRD0340,Loot.co.za,2026-03-09,134.93,Purchase,Approved,0,Online
TXN054827,C011,CRD0017,Loot.co.za,2026-02-15,321.42,Withdrawal,Approved,0,Online
TXN054828,C215,CRD0315,Bash.com,2025-12-25,362.33,Purchase,Approved,0,Online
TXN054829,C172,CRD0254,Vida e Caffe,2026-01-28,91.02,Purchase,Approved,0,Online
TXN054830,C531,CRD0785,McDonalds,2026-01-10,67.63,Purchase,Approved,0,POS
TXN054831,C097,CRD0150,Nu Metro,2026-04-28,120.5,Purchase,Approved,0,POS
TXN054832,C250,CRD0362,Checkers,2026-02-18,933.38,Purchase,Approved,0,POS
TXN054833,C143,CRD0215,Woolworths,2025-12-03,1399.62,Purchase,Approved,0,POS
TXN054834,C259,CRD0375,Sportsmans Whouse,2026-02-25,150.38,Refund,Approved,0,ATM
TXN054835,C392,CRD0591,Pick n Pay,2026-03-07,1520.83,Withdrawal,Approved,0,ATM
TXN054836,C138,CRD0210,Apple iTunes,2026-04-11,81.22,Purchase,Approved,0,Online
TXN054837,C197,CRD0289,Google Play,2026-03-28,44.11,Payment,Approved,0,Online
TXN054838,C004,CRD0004,Cape Union Mart,2026-03-09,335.38,Withdrawal,Declined,0,ATM
TXN054839,C055,CRD0085,Google Play,2026-04-19,66.5,Purchase,Approved,0,Online
TXN054840,C084,CRD0128,Chicken Licken,2026-04-05,48.55,Purchase,Approved,0,Online
TXN054841,C013,CRD0020,Uber Eats,2026-04-12,217.42,Payment,Approved,0,Online
TXN054842,C101,CRD0155,Steers,2026-03-23,45.08,Purchase,Approved,0,POS
TXN054843,C004,CRD0004,Clicks,2026-02-16,112.53,Purchase,Approved,0,POS
TXN054844,C334,CRD0498,Google Play,2026-01-13,161.58,Withdrawal,Approved,0,Online
TXN054845,C549,CRD0803,Mr Price,2026-02-26,660.25,Purchase,Approved,0,POS
TXN054846,C393,CRD0592,DStv,2026-01-13,258.02,Purchase,Approved,0,Online
TXN054847,C109,CRD0166,Uber Eats,2026-01-25,288.9,Purchase,Approved,0,Online
TXN054848,C070,CRD0110,Chicken Licken,2026-03-10,88.02,Purchase,Approved,0,POS
TXN054849,C410,CRD0622,Pep,2026-01-28,164.15,Purchase,Approved,0,POS
TXN054850,C409,CRD0620,Google Play,2026-04-11,117.12,Purchase,Approved,0,Online
TXN054851,C043,CRD0068,Spotify,2026-02-28,57.69,Purchase,Approved,0,Online
TXN054852,C482,CRD0730,Faithful to Nature,2026-02-04,1248.48,Purchase,Approved,0,Online
TXN054853,C432,CRD0657,Gold Reef City,2026-04-03,258.47,Purchase,Approved,0,POS
TXN054854,C263,CRD0381,Nu Metro,2026-05-07,100.61,Purchase,Declined,0,Online
TXN054855,C365,CRD0546,Romans Pizza,2026-04-28,187.62,Payment,Approved,0,Online
TXN054856,C004,CRD0004,Nu Metro,2025-12-13,92.56,Purchase,Declined,0,POS
TXN054857,C289,CRD0422,Netflix,2026-02-28,135.81,Withdrawal,Approved,1,Online
TXN054858,C025,CRD0043,KFC,2026-04-28,38.0,Withdrawal,Approved,0,ATM
TXN054859,C530,CRD0784,Google Play,2026-02-11,37.18,Purchase,Approved,0,Online
TXN054860,C335,CRD0502,Chicken Licken,2026-04-17,135.68,Purchase,Approved,0,Online
TXN054861,C081,CRD0124,Dis-Chem,2025-12-24,65.39,Purchase,Approved,0,POS
TXN054862,C373,CRD0561,Steers,2026-02-11,69.5,Purchase,Declined,0,ATM
TXN054863,C466,CRD0709,Wimpy,2026-04-28,212.97,Purchase,Declined,0,Online
TXN054864,C007,CRD0010,Wimpy,2026-04-17,232.96,Withdrawal,Approved,0,ATM
TXN054865,C173,CRD0256,Pep,2026-03-12,330.81,Purchase,Approved,0,POS
TXN054866,C292,CRD0426,McDonalds,2025-12-24,73.51,Purchase,Approved,0,ATM
TXN054867,C218,CRD0319,Ocean Basket,2026-02-28,270.84,Purchase,Approved,0,ATM
TXN054868,C283,CRD0411,Chicken Licken,2026-05-07,161.47,Withdrawal,Approved,0,ATM
TXN054869,C488,CRD0737,Google Play,2025-12-26,155.05,Purchase,Approved,0,Online
TXN054870,C494,CRD0745,DStv,2026-03-26,415.71,Purchase,Approved,0,Online
TXN054871,C349,CRD0524,Pick n Pay,2026-05-01,2933.9,Purchase,Approved,0,ATM
TXN054872,C344,CRD0515,Google Play,2026-02-12,96.4,Purchase,Approved,0,Online
TXN054873,C003,CRD0003,Pick n Pay,2026-02-14,467.58,Purchase,Approved,0,Online
TXN054874,C492,CRD0742,Takealot,2025-12-26,729.32,Withdrawal,Approved,0,Online
TXN054875,C050,CRD0079,Cape Union Mart,2026-02-21,1122.31,Purchase,Approved,0,Online
TXN054876,C273,CRD0396,Pep,2026-01-06,340.69,Purchase,Approved,0,Online
TXN054877,C005,CRD0006,Google Play,2026-01-27,64.02,Purchase,Approved,0,Online
TXN054878,C110,CRD0167,Dis-Chem,2026-01-02,358.7,Purchase,Approved,0,Online
TXN054879,C052,CRD0081,Amazon.co.za,2025-12-17,1032.3,Purchase,Approved,0,Online
TXN054880,C031,CRD0051,Pick n Pay,2026-05-25,1972.9,Purchase,Approved,0,POS
TXN054881,C024,CRD0040,Spotify,2025-12-17,65.58,Purchase,Approved,0,Online
TXN054882,C350,CRD0525,Steers,2026-04-19,121.19,Purchase,Approved,0,Online
TXN054883,C173,CRD0255,Checkers,2025-12-07,4069.3,Payment,Approved,1,Online
TXN054884,C049,CRD0078,Amazon.co.za,2026-04-10,3940.49,Purchase,Approved,0,Online
TXN054885,C053,CRD0082,Wimpy,2025-12-27,75.1,Withdrawal,Declined,0,ATM
TXN054886,C183,CRD0270,McDonalds,2026-04-11,176.29,Purchase,Approved,0,ATM
TXN054887,C158,CRD0236,Takealot,2026-03-19,1970.93,Purchase,Approved,0,Online
TXN054888,C249,CRD0359,Mr Price,2026-02-11,170.27,Purchase,Approved,0,POS
TXN054889,C095,CRD0146,Cape Union Mart,2026-02-22,3773.03,Withdrawal,Approved,1,ATM
TXN054890,C104,CRD0159,Pep,2026-03-31,358.79,Withdrawal,Approved,0,ATM
TXN054891,C106,CRD0162,Debonairs,2026-05-28,96.82,Purchase,Approved,0,Online
TXN054892,C313,CRD0462,Loot.co.za,2026-02-26,677.65,Purchase,Approved,0,Online
TXN054893,C418,CRD0634,Totalsports,2026-01-28,3518.57,Purchase,Approved,1,Online
TXN054894,C538,CRD0792,Woolworths,2025-12-25,1244.28,Withdrawal,Approved,0,ATM
TXN054895,C304,CRD0445,Cape Union Mart,2026-02-28,256.3,Purchase,Declined,0,Online
TXN054896,C013,CRD0020,Uber Eats,2025-12-27,124.72,Purchase,Approved,0,Online
TXN054897,C405,CRD0611,Pick n Pay,2026-01-18,977.64,Payment,Declined,0,Online
TXN054898,C032,CRD0052,McDonalds,2026-01-10,80.83,Purchase,Approved,0,Online
TXN054899,C450,CRD0683,Mugg and Bean,2025-12-28,205.89,Purchase,Declined,0,POS
TXN054900,C334,CRD0499,Takealot,2026-03-18,1791.69,Purchase,Approved,0,Online
TXN054901,C185,CRD0272,Europcar,2026-02-07,596.13,Purchase,Approved,0,ATM
TXN054902,C102,CRD0156,Pep,2026-03-11,169.67,Purchase,Approved,0,ATM
TXN054903,C289,CRD0420,Vida e Caffe,2026-01-15,71.64,Payment,Approved,0,Online
TXN054904,C277,CRD0401,KFC,2026-03-25,85.59,Payment,Approved,0,Online
TXN054905,C160,CRD0238,Nu Metro,2026-02-06,170.87,Withdrawal,Approved,0,ATM
TXN054906,C367,CRD0551,Zando,2026-02-28,433.48,Purchase,Approved,0,Online
TXN054907,C211,CRD0311,KFC,2025-12-09,47.42,Purchase,Approved,0,Online
TXN054908,C259,CRD0375,Gold Reef City,2026-01-27,303.0,Purchase,Declined,0,POS
TXN054909,C409,CRD0621,Spotify,2025-11-25,54.27,Purchase,Approved,0,Online
TXN054910,C506,CRD0760,McDonalds,2025-12-17,155.74,Purchase,Approved,0,POS
TXN054911,C195,CRD0287,Amazon.co.za,2026-04-27,5670.41,Purchase,Approved,0,Online
TXN054912,C259,CRD0375,Pep,2026-02-28,314.19,Purchase,Approved,0,POS
TXN054913,C230,CRD0336,Apple iTunes,2026-04-04,409.97,Purchase,Pending,0,Online
TXN054914,C432,CRD0657,Google Play,2026-05-08,119.25,Purchase,Approved,0,Online
TXN054915,C093,CRD0144,Woolworths,2025-11-22,482.19,Purchase,Declined,0,Online
TXN054916,C032,CRD0052,Apple iTunes,2025-12-28,255.55,Purchase,Declined,0,Online
TXN054917,C492,CRD0742,Mugg and Bean,2026-03-25,293.58,Payment,Approved,0,Online
TXN054918,C528,CRD0782,City Lodge,2026-03-19,485.49,Refund,Approved,0,POS
TXN054919,C368,CRD0553,Clicks,2026-03-27,319.16,Purchase,Approved,0,Online
TXN054920,C101,CRD0155,Google Play,2025-11-30,28.79,Purchase,Approved,0,Online
TXN054921,C016,CRD0023,Wimpy,2025-12-27,176.88,Withdrawal,Approved,0,ATM
TXN054922,C427,CRD0651,Totalsports,2026-03-27,1445.49,Withdrawal,Approved,0,ATM
TXN054923,C297,CRD0435,Cape Union Mart,2026-02-23,2786.0,Withdrawal,Approved,0,ATM
TXN054924,C347,CRD0519,Sportsmans Whouse,2026-02-27,6925.27,Purchase,Approved,1,POS
TXN054925,C206,CRD0303,Incredible Connect,2026-01-29,14243.72,Purchase,Approved,1,ATM
TXN054926,C074,CRD0115,Apple iTunes,2026-04-10,375.15,Purchase,Approved,0,Online
TXN054927,C095,CRD0146,Ster-Kinekor,2025-12-05,123.8,Purchase,Approved,0,POS
TXN054928,C237,CRD0343,Steers,2026-02-25,197.48,Purchase,Approved,0,POS
TXN054929,C430,CRD0655,Romans Pizza,2026-03-09,82.23,Purchase,Approved,0,POS
TXN054930,C366,CRD0549,Nu Metro,2026-03-08,221.75,Purchase,Approved,0,Online
TXN054931,C368,CRD0553,Steers,2026-02-28,163.96,Purchase,Declined,0,ATM
TXN054932,C067,CRD0103,McDonalds,2025-12-10,92.72,Purchase,Approved,0,ATM
TXN054933,C060,CRD0093,McDonalds,2025-12-16,77.66,Purchase,Approved,0,Online
TXN054934,C547,CRD0801,Pick n Pay,2026-04-01,772.87,Purchase,Approved,0,Online
TXN054935,C497,CRD0750,Mugg and Bean,2026-04-28,145.9,Purchase,Approved,0,Online
TXN054936,C413,CRD0626,Debonairs,2025-12-24,88.87,Purchase,Approved,0,POS
TXN054937,C258,CRD0373,Amazon.co.za,2026-01-25,5751.43,Payment,Approved,0,Online
TXN054938,C218,CRD0320,ShowMax,2025-12-03,116.45,Purchase,Approved,0,Online
TXN054939,C402,CRD0606,Pick n Pay,2025-12-28,456.65,Purchase,Approved,0,POS
TXN054940,C282,CRD0410,Apple iTunes,2025-11-27,48.06,Purchase,Pending,0,Online
TXN054941,C110,CRD0168,Amazon.co.za,2026-02-16,3475.17,Withdrawal,Approved,0,Online
TXN054942,C408,CRD0618,Cape Union Mart,2026-04-24,264.1,Withdrawal,Declined,0,ATM
TXN054943,C350,CRD0525,Wimpy,2026-02-06,90.08,Purchase,Approved,0,Online
TXN054944,C026,CRD0044,Google Play,2026-02-04,62.84,Withdrawal,Approved,0,Online
TXN054945,C071,CRD0111,Nu Metro,2026-04-24,60.95,Withdrawal,Approved,0,ATM
TXN054946,C381,CRD0574,Edgars,2026-05-26,753.44,Purchase,Pending,0,POS
TXN054947,C259,CRD0375,Nu Metro,2026-04-20,84.94,Withdrawal,Approved,0,ATM
TXN054948,C117,CRD0178,Uber Eats,2026-04-26,223.97,Purchase,Approved,0,Online
TXN054949,C313,CRD0462,Google Play,2026-05-10,105.72,Purchase,Approved,0,Online
TXN054950,C369,CRD0555,Dis-Chem,2026-05-27,653.14,Purchase,Approved,0,Online
TXN054951,C339,CRD0509,Avis SA,2026-01-07,2952.38,Purchase,Approved,0,POS
TXN054952,C183,CRD0270,Makro,2026-04-26,9810.47,Purchase,Approved,0,Online
TXN054953,C136,CRD0205,McDonalds,2026-01-02,64.92,Purchase,Approved,0,POS
TXN054954,C038,CRD0061,Dis-Chem,2026-01-28,196.84,Withdrawal,Approved,0,ATM
TXN054955,C278,CRD0402,Checkers,2026-04-11,275.86,Purchase,Approved,0,Online
TXN054956,C296,CRD0434,Loot.co.za,2026-05-15,1369.38,Purchase,Approved,0,Online
TXN054957,C005,CRD0007,Mugg and Bean,2026-02-21,332.95,Purchase,Pending,0,POS
TXN054958,C120,CRD0183,Mugg and Bean,2026-03-25,312.92,Purchase,Approved,0,POS
TXN054959,C549,CRD0803,Romans Pizza,2026-01-13,76.2,Purchase,Approved,0,POS
TXN054960,C147,CRD0222,Pep,2026-01-11,355.61,Purchase,Approved,0,POS
TXN054961,C266,CRD0384,Amazon.co.za,2026-03-15,2681.53,Purchase,Approved,0,Online
TXN054962,C495,CRD0747,Google Play,2026-01-02,197.62,Withdrawal,Approved,0,Online
TXN054963,C347,CRD0518,Nandos,2026-02-26,347.36,Purchase,Approved,0,POS
TXN054964,C372,CRD0560,TicketPro,2026-01-31,630.81,Withdrawal,Declined,0,ATM
TXN054965,C195,CRD0287,Chicken Licken,2026-01-13,46.17,Refund,Approved,0,POS
TXN054966,C113,CRD0173,TicketPro,2026-05-11,139.98,Purchase,Pending,0,POS
TXN054967,C363,CRD0542,Google Play,2026-03-28,167.9,Purchase,Approved,0,Online
TXN054968,C086,CRD0131,TicketPro,2026-04-21,474.64,Purchase,Approved,0,POS
TXN054969,C342,CRD0513,Mugg and Bean,2026-01-28,374.93,Purchase,Pending,1,Online
TXN054970,C308,CRD0452,SAA,2026-05-11,7615.73,Purchase,Approved,0,POS
TXN054971,C023,CRD0038,McDonalds,2026-01-11,230.78,Purchase,Approved,1,Online
TXN054972,C531,CRD0785,Nu Metro,2026-01-16,135.48,Purchase,Approved,0,Online
TXN054973,C243,CRD0351,Incredible Connect,2025-12-27,8462.24,Purchase,Approved,0,POS
TXN054974,C527,CRD0781,Debonairs,2025-11-26,53.55,Refund,Approved,0,POS
TXN054975,C260,CRD0377,Nandos,2026-03-31,136.68,Purchase,Approved,0,Online
TXN054976,C386,CRD0584,Google Play,2026-04-15,80.01,Withdrawal,Approved,0,Online
TXN054977,C152,CRD0230,City Lodge,2026-01-09,3227.08,Purchase,Approved,0,POS
TXN054978,C355,CRD0534,Google Play,2025-11-22,157.01,Purchase,Approved,0,Online
TXN054979,C383,CRD0578,McDonalds,2026-04-30,203.29,Payment,Approved,0,Online
TXN054980,C529,CRD0783,Steers,2026-04-10,157.6,Withdrawal,Approved,0,ATM
TXN054981,C485,CRD0733,Truworths,2026-02-04,173.9,Purchase,Approved,0,POS
TXN054982,C200,CRD0294,Debonairs,2026-03-19,202.73,Payment,Approved,0,Online
TXN054983,C545,CRD0799,Loot.co.za,2026-03-10,1443.44,Purchase,Approved,0,Online
TXN054984,C339,CRD0508,Spotify,2026-03-11,70.33,Purchase,Approved,0,Online
TXN054985,C187,CRD0274,Vida e Caffe,2025-12-28,80.53,Purchase,Approved,0,POS
TXN054986,C208,CRD0306,Amazon.co.za,2026-01-26,3095.63,Purchase,Approved,0,Online
TXN054987,C550,CRD0804,McDonalds,2026-02-25,73.48,Payment,Approved,0,Online
TXN054988,C020,CRD0033,Bash.com,2026-03-28,795.97,Purchase,Approved,0,Online
TXN054989,C483,CRD0731,Apple iTunes,2026-04-26,372.13,Purchase,Approved,0,Online
TXN054990,C295,CRD0431,Clicks,2026-03-22,253.36,Purchase,Approved,0,POS
TXN054991,C417,CRD0632,Dis-Chem,2026-04-25,82.03,Purchase,Approved,0,POS
TXN054992,C481,CRD0729,Dis-Chem,2026-04-02,184.58,Withdrawal,Approved,0,ATM
TXN054993,C549,CRD0803,Amazon.co.za,2025-12-13,3652.78,Purchase,Declined,0,Online
TXN054994,C002,CRD0002,McDonalds,2026-04-19,41.83,Purchase,Approved,0,ATM
TXN054995,C453,CRD0690,Debonairs,2026-03-26,174.18,Purchase,Approved,0,Online
TXN054996,C293,CRD0429,Zando,2026-01-13,2140.63,Withdrawal,Approved,0,Online
TXN054997,C121,CRD0184,Spotify,2026-05-05,68.34,Purchase,Approved,0,Online
TXN054998,C465,CRD0708,Netflix,2025-12-08,159.91,Withdrawal,Approved,0,Online
TXN054999,C191,CRD0281,Truworths,2026-05-10,849.91,Purchase,Approved,0,ATM
TXN055000,C037,CRD0058,Takealot,2025-12-09,2958.9,Purchase,Approved,0,Online
TXN055001,C034,CRD0055,Clicks,2026-05-27,694.8,Purchase,Approved,0,POS
TXN055002,C412,CRD0624,Steers,2025-12-19,135.51,Purchase,Declined,0,POS
TXN055003,C347,CRD0519,Checkers,2026-01-15,2710.49,Purchase,Approved,0,ATM
TXN055004,C451,CRD0687,Woolworths,2026-02-22,1200.35,Purchase,Approved,0,POS
TXN055005,C374,CRD0563,Dis-Chem,2026-04-18,42.65,Payment,Approved,0,Online
TXN055006,C025,CRD0043,Romans Pizza,2026-03-22,99.09,Purchase,Approved,0,Online
TXN055007,C238,CRD0345,Apple iTunes,2026-04-25,373.59,Purchase,Approved,0,Online
TXN055008,C457,CRD0697,Apple iTunes,2026-02-02,153.64,Payment,Declined,0,Online
TXN055009,C531,CRD0785,Takealot,2026-01-14,1942.68,Withdrawal,Approved,0,Online
TXN055010,C083,CRD0127,Uber Eats,2025-12-25,95.27,Purchase,Approved,0,Online
TXN055011,C368,CRD0553,Debonairs,2026-02-25,213.07,Purchase,Pending,0,Online
TXN055012,C418,CRD0635,Spotify,2026-02-27,61.34,Purchase,Pending,0,Online
TXN055013,C070,CRD0110,Google Play,2026-05-03,147.65,Purchase,Approved,0,Online
TXN055014,C058,CRD0090,Clicks,2026-01-15,512.03,Withdrawal,Approved,0,ATM
TXN055015,C348,CRD0520,Steers,2026-05-14,67.15,Purchase,Approved,0,ATM
TXN055016,C353,CRD0530,Totalsports,2026-01-26,870.04,Purchase,Approved,0,POS
TXN055017,C007,CRD0010,Pep,2026-04-26,147.25,Withdrawal,Approved,0,ATM
TXN055018,C415,CRD0630,Nandos,2026-04-25,21.25,Refund,Approved,0,POS
TXN055019,C043,CRD0068,Dis-Chem,2025-11-22,805.4,Withdrawal,Declined,0,ATM
TXN055020,C353,CRD0530,Chicken Licken,2026-03-20,204.24,Purchase,Approved,0,POS
TXN055021,C384,CRD0580,Google Play,2026-02-26,26.15,Purchase,Declined,0,Online
TXN055022,C518,CRD0772,Dis-Chem,2026-04-22,263.97,Payment,Declined,0,Online
TXN055023,C063,CRD0096,Nu Metro,2025-12-08,99.39,Purchase,Declined,0,POS
TXN055024,C152,CRD0229,Takealot,2025-12-13,3023.06,Purchase,Approved,0,Online
TXN055025,C279,CRD0404,KFC,2026-04-09,145.33,Withdrawal,Declined,0,ATM
TXN055026,C059,CRD0092,Debonairs,2026-04-27,87.37,Purchase,Approved,0,POS
TXN055027,C302,CRD0442,Apple iTunes,2026-05-26,72.95,Withdrawal,Approved,0,Online
TXN055028,C087,CRD0132,Uber Eats,2025-12-21,256.99,Purchase,Approved,0,Online
TXN055029,C320,CRD0471,Google Play,2026-04-29,79.26,Purchase,Approved,0,Online
TXN055030,C230,CRD0335,Debonairs,2026-03-25,298.66,Purchase,Approved,0,Online
TXN055031,C336,CRD0503,Chicken Licken,2026-02-12,93.16,Purchase,Declined,0,POS
TXN055032,C342,CRD0512,Checkers,2026-02-16,49.65,Refund,Approved,0,ATM
TXN055033,C399,CRD0601,Dis-Chem,2026-01-06,672.19,Purchase,Approved,0,ATM
TXN055034,C445,CRD0676,Makro,2026-02-05,4063.9,Purchase,Pending,0,POS
TXN055035,C416,CRD0631,Pick n Pay,2026-01-23,892.56,Purchase,Approved,0,ATM
TXN055036,C188,CRD0275,Vida e Caffe,2026-04-15,53.23,Purchase,Approved,0,Online
TXN055037,C040,CRD0063,Dis-Chem,2026-04-27,205.55,Purchase,Approved,0,POS
TXN055038,C405,CRD0611,Dis-Chem,2025-11-27,84.3,Purchase,Approved,0,POS
TXN055039,C024,CRD0040,KFC,2026-01-02,72.63,Payment,Approved,0,Online
TXN055040,C412,CRD0624,Clicks,2026-05-26,172.58,Refund,Pending,0,POS
TXN055041,C385,CRD0581,KFC,2025-12-17,136.88,Purchase,Declined,0,POS
TXN055042,C326,CRD0485,Spotify,2026-04-11,48.64,Purchase,Approved,0,Online
TXN055043,C286,CRD0416,Takealot,2026-04-09,141.2,Purchase,Approved,0,Online
TXN055044,C137,CRD0207,Woolworths,2026-01-24,88.83,Refund,Declined,0,POS
TXN055045,C320,CRD0471,Pep,2025-12-28,321.82,Withdrawal,Approved,0,ATM
TXN055046,C472,CRD0717,Pep,2026-04-22,61.89,Purchase,Approved,0,Online
TXN055047,C098,CRD0152,Google Play,2026-05-01,116.51,Purchase,Approved,0,Online
TXN055048,C052,CRD0081,Spotify,2025-11-29,46.61,Purchase,Approved,0,Online
TXN055049,C063,CRD0097,Mr Price,2026-05-04,1812.26,Purchase,Declined,0,Online
TXN055050,C302,CRD0442,Checkers,2026-01-19,819.7,Purchase,Approved,0,ATM
TXN055051,C128,CRD0192,iStore,2026-03-15,8719.52,Purchase,Approved,0,Online
TXN055052,C126,CRD0190,TicketPro,2026-05-28,873.36,Purchase,Approved,0,POS
TXN055053,C213,CRD0313,Checkers,2026-03-27,667.87,Purchase,Declined,0,ATM
TXN055054,C119,CRD0180,Pep,2026-04-30,328.96,Purchase,Declined,0,POS
TXN055055,C422,CRD0641,Woolworths,2026-02-24,942.64,Purchase,Approved,0,Online
TXN055056,C359,CRD0538,Clicks,2026-03-07,517.47,Withdrawal,Approved,0,ATM
TXN055057,C022,CRD0037,BP,2025-12-25,857.83,Purchase,Approved,0,ATM
TXN055058,C310,CRD0455,Loot.co.za,2025-12-25,594.49,Payment,Approved,0,Online
TXN055059,C270,CRD0391,Uber Eats,2025-11-28,166.7,Payment,Approved,0,Online
TXN055060,C439,CRD0668,Chicken Licken,2026-02-28,165.55,Purchase,Declined,0,Online
TXN055061,C021,CRD0035,Steers,2025-12-03,84.72,Purchase,Approved,0,POS
TXN055062,C215,CRD0315,Zando,2026-01-10,2043.97,Purchase,Approved,0,Online
TXN055063,C165,CRD0245,Sportsmans Whouse,2025-12-24,6606.49,Purchase,Approved,1,Online
TXN055064,C016,CRD0023,Zando,2026-02-21,2332.97,Purchase,Approved,0,Online
TXN055065,C507,CRD0761,Google Play,2025-12-12,166.81,Purchase,Approved,0,Online
TXN055066,C406,CRD0616,Debonairs,2026-03-05,325.87,Purchase,Approved,1,POS
TXN055067,C375,CRD0565,Google Play,2025-11-27,158.26,Payment,Approved,0,Online
TXN055068,C452,CRD0689,KFC,2026-01-27,90.0,Payment,Approved,0,Online
TXN055069,C484,CRD0732,ShowMax,2026-03-17,78.25,Purchase,Approved,0,Online
TXN055070,C386,CRD0584,Spur,2026-01-27,291.94,Purchase,Approved,0,ATM
TXN055071,C065,CRD0099,Clicks,2026-01-02,488.33,Purchase,Approved,0,POS
TXN055072,C093,CRD0144,Takealot,2026-03-06,148.57,Purchase,Approved,0,Online
TXN055073,C199,CRD0292,Google Play,2026-04-22,118.7,Purchase,Approved,0,Online
TXN055074,C183,CRD0270,Game,2026-01-07,10826.9,Payment,Approved,1,Online
TXN055075,C199,CRD0292,Faithful to Nature,2026-01-22,2286.26,Withdrawal,Approved,1,Online
TXN055076,C172,CRD0254,Pep,2026-02-13,247.73,Purchase,Approved,0,POS
TXN055077,C102,CRD0156,Clicks,2026-03-08,155.84,Purchase,Declined,0,POS
TXN055078,C399,CRD0602,Mr Price,2026-04-18,377.76,Purchase,Approved,0,Online
TXN055079,C038,CRD0060,Uber Eats,2025-12-03,66.14,Withdrawal,Approved,0,Online
TXN055080,C270,CRD0391,Romans Pizza,2026-01-27,126.96,Purchase,Approved,0,ATM
TXN055081,C406,CRD0614,Google Play,2025-12-19,176.71,Purchase,Approved,0,Online
TXN055082,C436,CRD0664,KFC,2026-04-04,63.46,Purchase,Approved,0,ATM
TXN055083,C403,CRD0607,Pep,2026-01-12,134.88,Withdrawal,Approved,0,ATM
TXN055084,C451,CRD0686,Vida e Caffe,2026-05-01,103.25,Purchase,Approved,0,Online
TXN055085,C235,CRD0341,Steers,2026-05-12,149.0,Purchase,Approved,0,POS
TXN055086,C365,CRD0547,Spotify,2026-04-30,69.37,Purchase,Approved,0,Online
TXN055087,C281,CRD0408,Pep,2026-01-27,250.39,Purchase,Approved,0,Online
TXN055088,C432,CRD0657,Truworths,2026-04-17,1472.61,Purchase,Approved,0,POS
TXN055089,C495,CRD0747,Debonairs,2026-02-28,448.68,Payment,Approved,1,Online
TXN055090,C493,CRD0744,Edgars,2025-12-29,1900.85,Purchase,Approved,1,Online
TXN055091,C351,CRD0528,Apple iTunes,2026-01-24,179.73,Purchase,Declined,0,Online
TXN055092,C027,CRD0045,Montecasino,2026-01-27,931.89,Purchase,Approved,0,POS
TXN055093,C038,CRD0061,Ster-Kinekor,2026-05-15,68.03,Withdrawal,Approved,0,ATM
TXN055094,C035,CRD0056,Spur,2025-11-27,142.76,Purchase,Approved,0,Online
TXN055095,C524,CRD0778,Faithful to Nature,2025-11-29,906.37,Payment,Approved,0,Online
TXN055096,C017,CRD0026,Engen,2026-03-21,957.13,Purchase,Approved,0,Online
TXN055097,C452,CRD0689,Checkers,2026-04-28,2130.2,Purchase,Approved,0,Online
TXN055098,C409,CRD0621,Clicks,2025-12-27,593.32,Purchase,Approved,0,POS
TXN055099,C124,CRD0188,Pick n Pay,2025-11-27,558.87,Refund,Approved,0,Online
TXN055100,C085,CRD0129,Takealot,2026-04-27,3346.11,Purchase,Approved,0,Online
TXN055101,C304,CRD0445,Vida e Caffe,2026-03-03,53.01,Purchase,Approved,0,Online
TXN055102,C077,CRD0120,Loot.co.za,2026-05-14,1348.37,Purchase,Approved,0,Online
TXN055103,C120,CRD0181,Faithful to Nature,2025-12-08,1039.77,Purchase,Approved,0,Online
TXN055104,C182,CRD0269,Clicks,2025-12-27,47.82,Purchase,Approved,0,ATM
TXN055105,C075,CRD0117,Game,2026-03-24,7810.79,Purchase,Approved,0,POS
TXN055106,C453,CRD0691,Clicks,2025-12-30,259.97,Purchase,Approved,0,POS
TXN055107,C012,CRD0019,Google Play,2025-12-02,93.44,Purchase,Approved,0,Online
TXN055108,C400,CRD0604,Google Play,2025-12-20,44.62,Purchase,Approved,0,Online
TXN055109,C338,CRD0506,Faithful to Nature,2026-03-19,293.96,Purchase,Approved,0,Online
TXN055110,C001,CRD0001,Google Play,2025-12-29,25.96,Purchase,Declined,0,Online
TXN055111,C332,CRD0496,Nandos,2026-02-19,67.87,Purchase,Approved,0,POS
TXN055112,C105,CRD0160,Google Play,2026-03-04,156.7,Withdrawal,Declined,0,Online
TXN055113,C441,CRD0672,Chicken Licken,2026-04-16,121.04,Purchase,Approved,0,POS
TXN055114,C338,CRD0505,DStv,2026-03-13,135.95,Refund,Approved,0,POS
TXN055115,C154,CRD0232,Apple iTunes,2026-03-29,80.55,Purchase,Approved,0,Online
TXN055116,C206,CRD0302,Apple iTunes,2026-03-02,467.29,Purchase,Approved,0,Online
TXN055117,C173,CRD0256,Steers,2026-05-07,119.93,Purchase,Approved,0,POS
TXN055118,C124,CRD0188,McDonalds,2026-05-17,146.62,Purchase,Approved,0,Online
TXN055119,C360,CRD0539,Google Play,2026-03-28,80.27,Purchase,Declined,0,Online
TXN055120,C414,CRD0628,Pep,2025-11-24,111.39,Withdrawal,Declined,0,ATM
TXN055121,C425,CRD0646,Clicks,2026-02-18,183.31,Withdrawal,Approved,0,ATM
TXN055122,C525,CRD0779,Google Play,2026-03-25,57.49,Withdrawal,Declined,0,Online
TXN055123,C411,CRD0623,Pick n Pay,2026-03-23,1160.23,Withdrawal,Approved,0,ATM
TXN055124,C347,CRD0519,Spur,2025-11-27,389.0,Purchase,Approved,0,POS
TXN055125,C203,CRD0298,Pick n Pay,2026-01-27,439.7,Purchase,Approved,0,Online
TXN055126,C500,CRD0754,KFC,2026-03-27,184.67,Purchase,Approved,0,POS
TXN055127,C460,CRD0701,Foschini,2025-12-28,1971.02,Withdrawal,Approved,0,ATM
TXN055128,C129,CRD0193,Game,2025-11-24,7876.05,Withdrawal,Approved,0,ATM
TXN055129,C418,CRD0634,Romans Pizza,2026-04-22,406.56,Purchase,Approved,1,POS
TXN055130,C336,CRD0503,Vida e Caffe,2026-04-13,88.77,Withdrawal,Approved,0,ATM
TXN055131,C225,CRD0328,Gold Reef City,2026-03-25,286.99,Purchase,Approved,0,ATM
TXN055132,C392,CRD0591,DStv,2025-12-27,377.46,Withdrawal,Approved,0,ATM
TXN055133,C352,CRD0529,Debonairs,2026-05-14,55.97,Purchase,Declined,0,Online
TXN055134,C028,CRD0047,Debonairs,2026-04-14,297.14,Purchase,Approved,0,POS
TXN055135,C124,CRD0187,Vida e Caffe,2026-02-03,138.65,Withdrawal,Declined,0,ATM
TXN055136,C001,CRD0001,Uber Eats,2025-12-14,209.35,Purchase,Approved,0,Online
TXN055137,C512,CRD0766,Wimpy,2026-04-26,224.62,Purchase,Approved,0,POS
TXN055138,C081,CRD0124,Amazon.co.za,2026-03-21,4806.47,Purchase,Approved,0,Online
TXN055139,C128,CRD0192,McDonalds,2026-04-13,89.46,Purchase,Approved,0,POS
TXN055140,C188,CRD0275,Uber Eats,2026-01-13,487.47,Purchase,Approved,1,Online
TXN055141,C264,CRD0382,Totalsports,2025-12-15,567.85,Purchase,Approved,0,ATM
TXN055142,C220,CRD0323,Google Play,2025-11-21,62.3,Payment,Approved,0,Online
TXN055143,C188,CRD0276,Bash.com,2026-02-05,205.19,Purchase,Approved,0,Online
TXN055144,C041,CRD0064,Checkers,2026-04-27,708.23,Withdrawal,Approved,0,ATM
TXN055145,C214,CRD0314,Spotify,2026-01-06,66.56,Payment,Declined,0,Online
TXN055146,C353,CRD0531,Gold Reef City,2025-12-28,498.79,Withdrawal,Approved,1,ATM
TXN055147,C536,CRD0790,Cape Union Mart,2026-01-22,947.28,Purchase,Approved,0,Online
TXN055148,C017,CRD0025,Google Play,2026-04-11,68.23,Purchase,Approved,0,Online
TXN055149,C094,CRD0145,KFC,2025-12-27,127.59,Purchase,Approved,0,POS
TXN055150,C349,CRD0524,Nandos,2026-02-28,30.98,Refund,Declined,0,POS
TXN055151,C211,CRD0311,Nandos,2025-11-29,130.47,Purchase,Approved,0,Online
TXN055152,C135,CRD0204,Loot.co.za,2025-12-19,1813.74,Purchase,Approved,0,Online
TXN055153,C454,CRD0693,Dis-Chem,2026-03-28,873.67,Purchase,Approved,0,POS
TXN055154,C026,CRD0044,Nu Metro,2025-12-22,244.7,Purchase,Approved,0,POS
TXN055155,C082,CRD0126,Cape Union Mart,2026-01-17,1458.7,Payment,Approved,0,Online
TXN055156,C430,CRD0655,Checkers,2026-03-26,175.28,Refund,Approved,0,POS
TXN055157,C111,CRD0169,Vida e Caffe,2026-05-18,85.04,Purchase,Approved,0,POS
TXN055158,C168,CRD0249,FlySafair,2026-01-08,882.71,Purchase,Approved,0,POS
TXN055159,C084,CRD0128,Mugg and Bean,2026-02-08,103.3,Purchase,Approved,0,Online
TXN055160,C531,CRD0785,Mugg and Bean,2025-12-17,328.35,Purchase,Approved,0,Online
TXN055161,C140,CRD0212,Ster-Kinekor,2025-11-26,66.11,Payment,Approved,0,Online
TXN055162,C486,CRD0734,Builders Warehouse,2026-03-12,7185.09,Purchase,Approved,0,Online
TXN055163,C358,CRD0537,Nandos,2025-12-09,462.37,Purchase,Approved,1,POS
TXN055164,C149,CRD0225,Takealot,2026-04-03,2808.0,Purchase,Approved,0,Online
TXN055165,C407,CRD0617,Takealot,2026-04-05,1828.48,Withdrawal,Approved,0,Online
TXN055166,C049,CRD0077,Chicken Licken,2026-03-12,59.83,Purchase,Approved,0,POS
TXN055167,C493,CRD0743,Vida e Caffe,2026-01-19,172.09,Withdrawal,Approved,0,ATM
TXN055168,C426,CRD0648,Dis-Chem,2026-04-23,746.87,Purchase,Approved,0,Online
TXN055169,C262,CRD0380,Checkers,2026-02-17,188.51,Payment,Approved,0,Online
TXN055170,C069,CRD0108,Game,2026-04-28,2808.32,Refund,Approved,1,Online
TXN055171,C135,CRD0204,Steers,2026-04-10,157.35,Payment,Approved,0,Online
TXN055172,C086,CRD0130,Google Play,2025-11-28,194.61,Purchase,Approved,0,Online
TXN055173,C207,CRD0305,Steers,2026-01-25,241.53,Payment,Approved,0,Online
TXN055174,C417,CRD0633,Pick n Pay,2026-02-26,373.84,Purchase,Declined,0,POS
TXN055175,C276,CRD0400,Pep,2025-12-08,333.0,Withdrawal,Approved,0,ATM
TXN055176,C368,CRD0553,Pick n Pay,2026-04-28,2382.75,Purchase,Approved,0,POS
TXN055177,C161,CRD0239,Dis-Chem,2025-12-26,377.17,Purchase,Approved,0,Online
TXN055178,C133,CRD0201,McDonalds,2026-05-15,158.69,Purchase,Approved,0,POS
TXN055179,C005,CRD0005,Checkers,2026-05-27,491.69,Refund,Approved,0,POS
TXN055180,C120,CRD0183,Loot.co.za,2026-05-15,1376.88,Withdrawal,Approved,0,Online
TXN055181,C241,CRD0349,Google Play,2026-01-28,99.64,Refund,Approved,1,Online
TXN055182,C230,CRD0336,Checkers,2026-04-28,2412.07,Purchase,Approved,0,POS
TXN055183,C120,CRD0181,McDonalds,2026-01-29,278.98,Purchase,Approved,1,POS
TXN055184,C166,CRD0247,Debonairs,2026-05-28,137.23,Withdrawal,Approved,0,ATM
TXN055185,C417,CRD0633,Shell,2026-01-25,281.54,Purchase,Approved,0,POS
TXN055186,C357,CRD0536,ShowMax,2026-04-06,97.75,Purchase,Approved,0,Online
TXN055187,C490,CRD0740,Google Play,2026-01-05,165.01,Purchase,Approved,0,Online
TXN055188,C417,CRD0632,Mr Price,2026-03-19,311.27,Purchase,Approved,0,POS
TXN055189,C509,CRD0763,Apple iTunes,2026-02-01,141.31,Purchase,Approved,0,Online
TXN055190,C106,CRD0162,Apple iTunes,2026-04-14,208.34,Purchase,Approved,0,Online
TXN055191,C124,CRD0188,Gold Reef City,2025-12-19,430.82,Purchase,Approved,0,Online
TXN055192,C414,CRD0627,Ocean Basket,2026-01-30,357.17,Withdrawal,Approved,0,ATM
TXN055193,C300,CRD0439,Google Play,2025-12-25,163.29,Withdrawal,Declined,0,Online
TXN055194,C498,CRD0751,TicketPro,2026-04-12,179.12,Purchase,Approved,0,Online
TXN055195,C412,CRD0624,Amazon.co.za,2026-04-12,1252.67,Purchase,Approved,0,Online
TXN055196,C439,CRD0669,Truworths,2026-01-31,1085.73,Purchase,Approved,0,Online
TXN055197,C240,CRD0348,Checkers,2026-02-03,1150.05,Purchase,Approved,0,ATM
TXN055198,C414,CRD0628,Wimpy,2025-11-28,168.45,Purchase,Approved,0,POS
TXN055199,C250,CRD0362,Amazon.co.za,2026-03-25,564.8,Purchase,Approved,0,Online
TXN055200,C043,CRD0068,Vida e Caffe,2025-12-03,124.54,Purchase,Approved,0,Online
TXN055201,C531,CRD0785,Faithful to Nature,2026-04-18,1491.19,Purchase,Approved,0,Online
TXN055202,C027,CRD0046,Faithful to Nature,2026-01-16,704.95,Purchase,Approved,0,Online
TXN055203,C365,CRD0546,Apple iTunes,2026-01-26,423.72,Payment,Declined,0,Online
TXN055204,C073,CRD0114,Vida e Caffe,2026-03-24,165.46,Payment,Approved,0,Online
TXN055205,C530,CRD0784,Vida e Caffe,2026-02-25,61.16,Purchase,Approved,0,Online
TXN055206,C224,CRD0327,Clicks,2026-04-29,105.86,Purchase,Declined,0,POS
TXN055207,C476,CRD0724,Edgars,2026-03-20,384.42,Purchase,Approved,0,ATM
TXN055208,C013,CRD0020,Pick n Pay,2025-12-16,1864.8,Purchase,Declined,0,Online
TXN055209,C493,CRD0744,Ster-Kinekor,2026-04-22,297.37,Payment,Approved,1,Online
TXN055210,C541,CRD0795,Dis-Chem,2025-12-04,547.57,Purchase,Approved,0,POS
TXN055211,C550,CRD0804,Wimpy,2025-12-16,250.72,Withdrawal,Approved,0,ATM
TXN055212,C492,CRD0742,Totalsports,2026-03-25,1732.23,Purchase,Pending,0,Online
TXN055213,C038,CRD0061,TicketPro,2026-03-11,125.68,Purchase,Approved,0,Online
TXN055214,C092,CRD0143,TicketPro,2026-02-05,893.03,Purchase,Approved,0,POS
TXN055215,C452,CRD0688,DStv,2025-12-25,228.72,Purchase,Approved,0,ATM
TXN055216,C144,CRD0217,Takealot,2026-01-08,3919.65,Purchase,Approved,0,Online
TXN055217,C541,CRD0795,Apple iTunes,2026-04-03,290.27,Purchase,Approved,0,Online
TXN055218,C453,CRD0692,Debonairs,2026-01-27,157.63,Withdrawal,Approved,0,ATM
TXN055219,C476,CRD0722,Debonairs,2026-02-20,73.51,Payment,Approved,0,Online
TXN055220,C219,CRD0321,Totalsports,2025-12-01,176.81,Purchase,Declined,0,Online
TXN055221,C285,CRD0414,Europcar,2026-03-29,1692.65,Purchase,Approved,0,Online
TXN055222,C481,CRD0729,Vida e Caffe,2025-12-07,54.89,Purchase,Approved,0,Online
TXN055223,C348,CRD0521,ShowMax,2026-03-13,74.76,Purchase,Approved,0,Online
TXN055224,C258,CRD0372,Mr Price,2025-12-27,1266.89,Purchase,Approved,0,ATM
TXN055225,C345,CRD0516,TicketPro,2025-12-27,663.14,Purchase,Pending,0,ATM
TXN055226,C128,CRD0192,Apple iTunes,2026-02-01,220.76,Purchase,Declined,0,Online
TXN055227,C065,CRD0099,Google Play,2026-04-20,47.7,Refund,Approved,0,Online
TXN055228,C224,CRD0327,McDonalds,2026-05-16,76.29,Purchase,Approved,0,POS
TXN055229,C391,CRD0590,Dis-Chem,2025-12-15,195.01,Purchase,Approved,0,POS
TXN055230,C338,CRD0506,Zando,2026-05-28,2468.98,Withdrawal,Approved,1,Online
TXN055231,C041,CRD0064,Dis-Chem,2026-03-23,634.86,Purchase,Approved,0,ATM
TXN055232,C453,CRD0692,Amazon.co.za,2026-02-17,1440.35,Purchase,Declined,0,Online
TXN055233,C250,CRD0362,Spotify,2025-12-17,47.2,Purchase,Approved,0,Online
TXN055234,C446,CRD0679,Dis-Chem,2026-04-01,131.38,Purchase,Approved,0,POS
TXN055235,C188,CRD0276,Dis-Chem,2026-05-15,547.79,Purchase,Approved,0,Online
TXN055236,C271,CRD0393,Takealot,2026-02-27,4998.89,Withdrawal,Approved,0,Online
TXN055237,C010,CRD0016,BP,2025-12-06,360.86,Purchase,Approved,0,ATM
TXN055238,C042,CRD0067,Nandos,2026-04-12,228.7,Purchase,Approved,0,POS
TXN055239,C454,CRD0693,Faithful to Nature,2026-03-15,605.4,Purchase,Approved,0,Online
TXN055240,C238,CRD0344,Google Play,2026-05-16,68.51,Purchase,Declined,0,Online
TXN055241,C186,CRD0273,KFC,2025-12-05,35.44,Purchase,Declined,0,POS
TXN055242,C106,CRD0162,Google Play,2026-04-14,58.33,Purchase,Approved,0,Online
TXN055243,C320,CRD0472,Checkers,2026-03-17,1183.18,Purchase,Approved,0,ATM
TXN055244,C005,CRD0006,ShowMax,2026-05-16,76.08,Purchase,Declined,0,Online
TXN055245,C173,CRD0256,Checkers,2026-03-04,2053.05,Purchase,Approved,0,POS
TXN055246,C217,CRD0318,Sportsmans Whouse,2026-05-25,900.08,Purchase,Declined,0,Online
TXN055247,C260,CRD0376,McDonalds,2026-03-29,68.71,Purchase,Approved,0,POS
TXN055248,C512,CRD0766,Amazon.co.za,2026-05-01,921.84,Purchase,Approved,0,Online
TXN055249,C131,CRD0197,Clicks,2026-04-23,38.97,Purchase,Approved,0,POS
TXN055250,C424,CRD0643,Loot.co.za,2026-05-07,693.86,Purchase,Approved,0,Online
TXN055251,C265,CRD0383,Spotify,2026-01-13,57.13,Purchase,Pending,0,Online
TXN055252,C478,CRD0726,Ocean Basket,2026-03-09,198.67,Withdrawal,Approved,0,ATM
TXN055253,C260,CRD0377,Uber Eats,2026-01-24,89.06,Purchase,Approved,0,Online
TXN055254,C379,CRD0571,Mugg and Bean,2026-04-21,428.11,Purchase,Approved,0,ATM
TXN055255,C382,CRD0576,Dis-Chem,2026-04-07,254.24,Purchase,Approved,0,POS
TXN055256,C206,CRD0303,Vida e Caffe,2026-03-10,183.78,Payment,Approved,1,Online
TXN055257,C127,CRD0191,Gold Reef City,2025-12-16,376.1,Purchase,Approved,0,POS
TXN055258,C464,CRD0706,Romans Pizza,2026-04-10,62.48,Purchase,Approved,0,Online
TXN055259,C363,CRD0542,Apple iTunes,2025-11-26,315.76,Purchase,Approved,0,Online
TXN055260,C105,CRD0161,Amazon.co.za,2026-01-22,1206.08,Purchase,Approved,0,Online
TXN055261,C048,CRD0075,Netflix,2026-03-26,49.73,Refund,Approved,0,Online
TXN055262,C091,CRD0141,Pick n Pay,2026-03-09,67.97,Withdrawal,Approved,0,ATM
TXN055263,C432,CRD0657,Apple iTunes,2025-12-28,287.13,Purchase,Approved,0,Online
TXN055264,C417,CRD0632,Google Play,2026-01-29,189.74,Withdrawal,Approved,0,Online
TXN055265,C359,CRD0538,Kulula,2026-04-09,2770.17,Purchase,Approved,0,POS
TXN055266,C406,CRD0616,Vida e Caffe,2026-03-03,77.34,Purchase,Approved,0,POS
TXN055267,C390,CRD0589,Google Play,2026-05-28,271.3,Purchase,Approved,1,Online
TXN055268,C296,CRD0434,Nandos,2026-02-12,144.17,Purchase,Approved,0,POS
TXN055269,C398,CRD0598,Steers,2026-01-15,134.17,Purchase,Approved,0,Online
TXN055270,C200,CRD0294,Makro,2026-02-28,2565.58,Purchase,Approved,0,Online
TXN055271,C011,CRD0018,Loot.co.za,2026-01-26,3723.42,Purchase,Declined,0,Online
TXN055272,C351,CRD0526,Uber Eats,2025-12-02,295.48,Purchase,Approved,0,Online
TXN055273,C383,CRD0579,Apple iTunes,2026-02-06,126.1,Purchase,Approved,0,Online
TXN055274,C109,CRD0166,Superbalist,2026-05-25,2471.74,Purchase,Approved,0,Online
TXN055275,C414,CRD0628,Loot.co.za,2026-04-02,126.49,Purchase,Pending,0,Online
TXN055276,C477,CRD0725,Checkers,2026-03-26,2855.36,Purchase,Approved,1,POS
TXN055277,C471,CRD0716,Pick n Pay,2025-12-15,269.3,Purchase,Approved,0,POS
TXN055278,C021,CRD0036,Google Play,2025-12-26,123.87,Purchase,Approved,0,Online
TXN055279,C212,CRD0312,TicketPro,2025-12-27,241.2,Purchase,Approved,0,POS
TXN055280,C310,CRD0456,Google Play,2026-02-27,133.29,Purchase,Approved,0,Online
TXN055281,C025,CRD0043,Steers,2026-02-25,90.31,Purchase,Approved,0,POS
TXN055282,C267,CRD0387,Dis-Chem,2026-03-25,73.94,Refund,Approved,0,POS
TXN055283,C296,CRD0434,TicketPro,2026-01-25,694.94,Purchase,Declined,0,Online
TXN055284,C171,CRD0252,McDonalds,2026-04-05,138.86,Purchase,Approved,0,POS
TXN055285,C165,CRD0244,Builders Warehouse,2026-04-25,1430.25,Purchase,Approved,0,Online
TXN055286,C415,CRD0630,Faithful to Nature,2026-04-05,603.6,Purchase,Approved,0,Online
TXN055287,C075,CRD0117,Amazon.co.za,2026-03-19,5607.74,Purchase,Approved,0,Online
TXN055288,C449,CRD0682,Nu Metro,2026-04-29,264.59,Purchase,Approved,1,ATM
TXN055289,C095,CRD0146,Samsung Store,2026-04-13,11520.75,Purchase,Approved,0,Online
TXN055290,C488,CRD0737,KFC,2026-02-03,92.56,Purchase,Approved,0,POS
TXN055291,C055,CRD0086,Pick n Pay,2026-01-28,705.35,Payment,Approved,0,Online
TXN055292,C033,CRD0054,Takealot,2026-02-16,7344.72,Purchase,Approved,1,Online
TXN055293,C106,CRD0162,Chicken Licken,2025-12-05,17.35,Refund,Declined,0,POS
TXN055294,C511,CRD0765,Pep,2026-03-26,193.0,Purchase,Approved,0,POS
TXN055295,C399,CRD0602,Uber Eats,2026-04-13,72.83,Refund,Declined,0,Online
TXN055296,C236,CRD0342,Wimpy,2026-03-05,109.04,Purchase,Approved,0,POS
TXN055297,C484,CRD0732,Google Play,2026-01-27,222.69,Withdrawal,Approved,0,Online
TXN055298,C327,CRD0486,Takealot,2026-02-26,1345.78,Withdrawal,Approved,0,Online
TXN055299,C530,CRD0784,Spotify,2026-02-28,37.49,Purchase,Approved,0,Online
TXN055300,C209,CRD0308,Incredible Connect,2026-04-14,19135.55,Purchase,Approved,1,POS
TXN055301,C362,CRD0541,Kulula,2026-03-28,1893.37,Purchase,Approved,0,Online
TXN055302,C025,CRD0043,Loot.co.za,2026-05-27,2960.49,Purchase,Approved,1,Online
TXN055303,C067,CRD0104,McDonalds,2026-01-04,246.3,Purchase,Approved,1,POS
TXN055304,C049,CRD0077,Bash.com,2026-02-25,801.84,Purchase,Approved,0,Online
TXN055305,C418,CRD0635,Clicks,2026-03-11,388.39,Purchase,Approved,0,Online
TXN055306,C203,CRD0298,Cape Union Mart,2026-02-17,1970.18,Purchase,Approved,0,POS
TXN055307,C200,CRD0294,Spotify,2026-01-31,47.78,Purchase,Approved,0,Online
TXN055308,C210,CRD0309,Builders Warehouse,2026-05-01,7793.14,Purchase,Declined,0,POS
TXN055309,C490,CRD0740,Nu Metro,2026-04-03,294.36,Purchase,Approved,0,Online
TXN055310,C243,CRD0351,Vida e Caffe,2025-12-30,131.96,Withdrawal,Approved,0,ATM
TXN055311,C235,CRD0341,Google Play,2026-01-21,211.15,Withdrawal,Approved,0,Online
TXN055312,C537,CRD0791,Takealot,2026-03-27,2237.36,Purchase,Approved,0,Online
TXN055313,C334,CRD0498,Faithful to Nature,2026-03-22,187.2,Withdrawal,Approved,0,Online
TXN055314,C207,CRD0304,Checkers,2026-02-25,1342.92,Purchase,Approved,0,Online
TXN055315,C188,CRD0276,Google Play,2025-12-09,151.1,Payment,Approved,0,Online
TXN055316,C285,CRD0414,Nandos,2026-03-27,116.49,Withdrawal,Approved,0,ATM
TXN055317,C524,CRD0778,Sportsmans Whouse,2025-11-24,4894.11,Withdrawal,Approved,1,ATM
TXN055318,C268,CRD0389,Checkers,2025-12-26,899.65,Purchase,Approved,0,POS
TXN055319,C027,CRD0046,Romans Pizza,2026-03-29,190.88,Purchase,Pending,0,POS
TXN055320,C266,CRD0385,Steers,2026-02-28,228.19,Purchase,Approved,0,POS
TXN055321,C414,CRD0628,Ocean Basket,2025-12-05,597.75,Purchase,Approved,0,POS
TXN055322,C246,CRD0355,Edgars,2026-02-26,628.25,Purchase,Approved,0,Online
TXN055323,C427,CRD0650,ShowMax,2025-12-01,106.09,Purchase,Approved,0,Online
TXN055324,C012,CRD0019,Checkers,2025-12-24,696.46,Purchase,Approved,0,POS
TXN055325,C417,CRD0633,Zando,2025-11-26,124.93,Purchase,Approved,0,Online
TXN055326,C333,CRD0497,Loot.co.za,2026-02-12,1014.13,Purchase,Approved,0,Online
TXN055327,C526,CRD0780,Apple iTunes,2026-02-27,12.32,Refund,Approved,0,Online
TXN055328,C530,CRD0784,Cape Union Mart,2026-05-11,1006.32,Purchase,Approved,0,POS
TXN055329,C038,CRD0059,Pep,2026-01-07,276.35,Withdrawal,Approved,0,ATM
TXN055330,C038,CRD0060,Apple iTunes,2025-11-29,143.78,Purchase,Approved,0,Online
TXN055331,C089,CRD0136,Uber Eats,2026-01-24,104.1,Withdrawal,Approved,0,Online
TXN055332,C486,CRD0734,Nu Metro,2026-02-08,114.54,Purchase,Approved,0,POS
TXN055333,C384,CRD0580,Pick n Pay,2025-12-18,3789.53,Purchase,Approved,1,POS
TXN055334,C453,CRD0690,Clicks,2026-03-03,391.45,Purchase,Approved,0,POS
TXN055335,C198,CRD0291,Loot.co.za,2026-02-01,1192.79,Withdrawal,Approved,0,Online
TXN055336,C326,CRD0484,Nandos,2026-01-14,230.94,Purchase,Approved,0,POS
TXN055337,C028,CRD0047,Google Play,2026-02-16,244.91,Withdrawal,Approved,0,Online
TXN055338,C046,CRD0071,Spur,2026-02-05,105.79,Purchase,Approved,0,Online
TXN055339,C017,CRD0026,Totalsports,2026-01-26,451.99,Purchase,Approved,0,ATM
TXN055340,C418,CRD0634,Debonairs,2026-01-27,91.89,Withdrawal,Approved,0,ATM
TXN055341,C492,CRD0742,Takealot,2026-01-30,1120.23,Purchase,Approved,0,Online
TXN055342,C407,CRD0617,Edgars,2026-04-25,188.32,Purchase,Approved,0,POS
TXN055343,C409,CRD0620,Google Play,2025-12-05,41.11,Refund,Pending,0,Online
TXN055344,C162,CRD0241,Checkers,2026-04-27,917.99,Purchase,Approved,0,POS
TXN055345,C393,CRD0593,McDonalds,2026-03-05,246.97,Purchase,Approved,1,POS
TXN055346,C019,CRD0030,Chicken Licken,2026-04-21,239.34,Purchase,Approved,1,Online
TXN055347,C089,CRD0136,Woolworths,2026-05-05,829.45,Payment,Approved,0,Online
TXN055348,C017,CRD0025,Takealot,2026-02-25,4881.72,Purchase,Approved,1,Online
TXN055349,C306,CRD0448,Clicks,2025-12-26,303.16,Purchase,Declined,0,POS
TXN055350,C186,CRD0273,Pick n Pay,2025-12-27,232.13,Purchase,Approved,0,ATM
TXN055351,C357,CRD0536,Takealot,2026-02-04,2851.93,Purchase,Approved,0,Online
TXN055352,C322,CRD0478,Chicken Licken,2026-01-17,57.59,Purchase,Approved,0,Online
TXN055353,C264,CRD0382,McDonalds,2026-03-26,76.33,Purchase,Approved,0,Online
TXN055354,C023,CRD0039,Bash.com,2026-01-02,726.64,Purchase,Approved,0,Online
TXN055355,C049,CRD0078,Checkers,2025-12-30,1478.07,Purchase,Approved,0,POS
TXN055356,C020,CRD0033,Chicken Licken,2026-05-15,155.06,Purchase,Approved,0,POS
TXN055357,C078,CRD0121,Steers,2026-01-25,232.41,Purchase,Approved,0,POS
TXN055358,C455,CRD0695,Nu Metro,2026-01-24,175.69,Purchase,Approved,0,POS
TXN055359,C339,CRD0509,Mugg and Bean,2026-03-31,196.14,Purchase,Approved,0,Online
TXN055360,C181,CRD0266,Game,2025-12-28,11116.74,Purchase,Approved,1,POS
TXN055361,C405,CRD0612,Takealot,2026-02-10,3332.71,Purchase,Approved,0,Online
TXN055362,C513,CRD0767,Cape Union Mart,2026-01-03,515.23,Purchase,Approved,0,Online
TXN055363,C116,CRD0177,Takealot,2026-03-29,829.81,Purchase,Approved,0,Online
TXN055364,C461,CRD0702,Takealot,2026-01-27,898.35,Purchase,Approved,0,Online
TXN055365,C100,CRD0154,Spur,2025-12-08,121.5,Withdrawal,Approved,0,ATM
TXN055366,C429,CRD0653,Vida e Caffe,2026-03-28,176.51,Purchase,Approved,0,ATM
TXN055367,C437,CRD0665,Google Play,2026-03-13,37.35,Withdrawal,Approved,0,Online
TXN055368,C114,CRD0174,Uber Eats,2026-03-26,174.73,Withdrawal,Approved,0,Online
TXN055369,C135,CRD0203,Apple iTunes,2026-02-10,454.57,Purchase,Approved,0,Online
TXN055370,C370,CRD0557,Nu Metro,2026-01-25,340.4,Purchase,Approved,1,ATM
TXN055371,C200,CRD0294,Steers,2026-02-01,105.27,Purchase,Declined,0,Online
TXN055372,C338,CRD0505,Steers,2026-03-28,123.15,Purchase,Approved,0,POS
TXN055373,C424,CRD0643,Takealot,2026-03-26,735.75,Withdrawal,Approved,0,Online
TXN055374,C472,CRD0717,Clicks,2026-05-10,572.6,Withdrawal,Approved,0,ATM
TXN055375,C114,CRD0174,Builders Warehouse,2026-03-20,10047.13,Purchase,Approved,0,ATM
TXN055376,C137,CRD0206,Clicks,2026-04-11,185.63,Purchase,Declined,0,POS
TXN055377,C345,CRD0516,Zando,2025-12-03,2633.64,Purchase,Approved,0,Online
TXN055378,C189,CRD0277,Debonairs,2026-04-01,174.44,Payment,Approved,0,Online
TXN055379,C190,CRD0278,Pick n Pay,2026-02-28,2413.65,Purchase,Approved,0,POS
TXN055380,C331,CRD0494,Romans Pizza,2025-12-05,238.34,Purchase,Approved,0,POS
TXN055381,C232,CRD0338,Loot.co.za,2026-03-03,558.08,Purchase,Approved,0,Online
TXN055382,C546,CRD0800,Woolworths,2026-02-27,2542.55,Payment,Approved,1,Online
TXN055383,C247,CRD0357,Pick n Pay,2026-02-01,689.21,Purchase,Approved,0,POS
TXN055384,C359,CRD0538,Woolworths,2025-12-19,234.77,Purchase,Approved,0,Online
TXN055385,C427,CRD0650,Pep,2026-01-26,186.81,Payment,Approved,0,Online
TXN055386,C398,CRD0600,Game,2026-01-18,379.66,Withdrawal,Approved,0,ATM
TXN055387,C389,CRD0587,Woolworths,2026-02-26,1708.13,Purchase,Approved,0,ATM
TXN055388,C319,CRD0470,Romans Pizza,2026-02-21,92.0,Payment,Declined,0,Online
TXN055389,C232,CRD0338,Amazon.co.za,2026-04-02,2750.46,Withdrawal,Approved,0,Online
TXN055390,C289,CRD0420,McDonalds,2025-12-21,51.72,Refund,Approved,0,ATM
TXN055391,C303,CRD0444,DStv,2026-04-26,208.93,Purchase,Approved,0,POS
TXN055392,C028,CRD0048,Nu Metro,2026-02-12,210.03,Payment,Declined,0,Online
TXN055393,C342,CRD0513,Vida e Caffe,2026-03-16,115.15,Withdrawal,Approved,0,ATM
TXN055394,C419,CRD0636,Clicks,2026-03-07,762.71,Purchase,Approved,0,POS
TXN055395,C440,CRD0670,Loot.co.za,2026-04-13,788.19,Purchase,Approved,0,Online
TXN055396,C125,CRD0189,Romans Pizza,2026-01-27,421.76,Purchase,Declined,0,POS
TXN055397,C461,CRD0702,KFC,2026-04-26,81.12,Purchase,Approved,0,Online
TXN055398,C205,CRD0300,Montecasino,2025-12-30,940.81,Purchase,Approved,0,POS
TXN055399,C321,CRD0476,Loot.co.za,2025-12-12,941.31,Purchase,Approved,0,Online
TXN055400,C115,CRD0175,Gold Reef City,2025-12-25,210.97,Payment,Approved,0,Online
TXN055401,C087,CRD0132,ShowMax,2026-01-20,116.24,Purchase,Approved,0,Online
TXN055402,C230,CRD0335,Nandos,2026-04-20,384.89,Withdrawal,Declined,0,ATM
TXN055403,C292,CRD0426,Nandos,2026-03-01,207.08,Purchase,Approved,0,POS
TXN055404,C189,CRD0277,Spur,2025-12-15,133.63,Purchase,Approved,0,POS
TXN055405,C451,CRD0686,Wimpy,2026-05-15,180.41,Purchase,Approved,0,POS
TXN055406,C372,CRD0560,Apple iTunes,2026-05-09,154.39,Purchase,Approved,0,Online
TXN055407,C390,CRD0588,Incredible Connect,2026-01-27,4989.55,Purchase,Approved,0,Online
TXN055408,C389,CRD0587,Protea Hotels,2026-04-20,1254.98,Purchase,Approved,0,POS
TXN055409,C013,CRD0020,Steers,2026-04-02,185.29,Purchase,Approved,0,Online
TXN055410,C275,CRD0399,Engen,2025-12-17,1011.87,Purchase,Approved,0,Online
TXN055411,C211,CRD0310,Clicks,2026-03-02,374.76,Purchase,Approved,0,POS
TXN055412,C465,CRD0708,FlySafair,2026-03-14,1906.99,Payment,Approved,0,Online
TXN055413,C380,CRD0573,Checkers,2026-05-15,1991.17,Withdrawal,Approved,0,ATM
TXN055414,C332,CRD0495,Chicken Licken,2026-04-27,135.03,Purchase,Declined,0,Online
TXN055415,C277,CRD0401,Loot.co.za,2026-02-02,556.54,Payment,Approved,0,Online
TXN055416,C418,CRD0634,McDonalds,2025-12-26,160.9,Purchase,Approved,0,POS
TXN055417,C120,CRD0182,ShowMax,2026-01-17,107.95,Purchase,Approved,0,Online
TXN055418,C082,CRD0125,Dis-Chem,2025-12-13,75.82,Payment,Approved,0,Online
TXN055419,C393,CRD0593,Uber Eats,2026-03-17,324.27,Purchase,Declined,0,Online
TXN055420,C491,CRD0741,TicketPro,2025-12-15,473.14,Purchase,Approved,0,POS
TXN055421,C335,CRD0501,Game,2026-04-25,7030.09,Withdrawal,Declined,0,ATM
TXN055422,C531,CRD0785,McDonalds,2025-11-27,66.46,Purchase,Declined,0,POS
TXN055423,C069,CRD0106,Google Play,2026-04-16,97.3,Purchase,Approved,0,Online
TXN055424,C430,CRD0655,Woolworths,2026-04-26,1349.57,Purchase,Approved,0,Online
TXN055425,C072,CRD0112,Steers,2026-03-21,80.72,Purchase,Approved,0,POS
TXN055426,C507,CRD0761,KFC,2025-11-22,43.41,Purchase,Approved,0,Online
TXN055427,C321,CRD0475,Spur,2026-02-25,561.15,Purchase,Pending,1,POS
TXN055428,C385,CRD0581,Takealot,2026-02-26,2104.34,Purchase,Approved,0,Online
TXN055429,C292,CRD0426,Nandos,2026-03-31,60.06,Purchase,Approved,0,Online
TXN055430,C325,CRD0482,Uber Eats,2026-03-11,166.22,Purchase,Approved,0,Online
TXN055431,C522,CRD0776,Steers,2026-03-21,68.7,Purchase,Approved,0,Online
TXN055432,C287,CRD0417,Pep,2025-12-27,254.09,Purchase,Approved,0,Online
TXN055433,C385,CRD0582,Checkers,2026-03-12,2649.53,Purchase,Approved,0,POS
TXN055434,C415,CRD0630,Sportsmans Whouse,2026-02-25,1287.13,Purchase,Approved,0,Online
TXN055435,C398,CRD0600,Checkers,2026-01-30,502.42,Refund,Approved,0,POS
TXN055436,C366,CRD0550,Pep,2026-05-28,280.9,Payment,Approved,0,Online
TXN055437,C286,CRD0416,Europcar,2026-05-06,677.17,Purchase,Approved,0,Online
TXN055438,C442,CRD0673,Debonairs,2026-04-18,247.46,Purchase,Approved,0,POS
TXN055439,C364,CRD0545,Google Play,2026-05-02,23.71,Refund,Approved,0,Online
TXN055440,C195,CRD0286,Zando,2025-12-28,2263.05,Purchase,Approved,0,Online
TXN055441,C541,CRD0795,Takealot,2026-04-23,2051.69,Purchase,Approved,0,Online
TXN055442,C545,CRD0799,Foschini,2026-04-22,1482.58,Purchase,Approved,0,POS
TXN055443,C453,CRD0690,Checkers,2026-03-15,1425.51,Purchase,Approved,0,POS
TXN055444,C321,CRD0475,Woolworths,2025-12-28,118.88,Purchase,Approved,0,ATM
TXN055445,C217,CRD0318,Clicks,2026-02-17,63.33,Withdrawal,Approved,0,ATM
TXN055446,C366,CRD0550,Pep,2026-02-25,65.4,Purchase,Approved,0,Online
TXN055447,C070,CRD0109,BP,2025-12-10,1691.48,Purchase,Approved,0,POS
TXN055448,C304,CRD0446,Truworths,2025-12-26,1350.26,Withdrawal,Approved,0,ATM
TXN055449,C311,CRD0459,Takealot,2026-05-11,6913.84,Withdrawal,Approved,1,Online
TXN055450,C134,CRD0202,Google Play,2026-04-02,201.22,Purchase,Declined,0,Online
TXN055451,C107,CRD0163,Mugg and Bean,2026-02-01,273.44,Purchase,Approved,0,POS
TXN055452,C181,CRD0266,Game,2026-03-05,7706.41,Payment,Approved,0,Online
TXN055453,C098,CRD0151,Cape Union Mart,2026-03-16,614.19,Purchase,Approved,0,POS
TXN055454,C250,CRD0362,Takealot,2026-03-27,5545.56,Purchase,Approved,1,Online
TXN055455,C050,CRD0079,Loot.co.za,2026-01-17,2088.33,Withdrawal,Declined,0,Online
TXN055456,C273,CRD0396,TicketPro,2026-01-04,743.7,Purchase,Approved,0,POS
TXN055457,C281,CRD0408,Google Play,2026-01-16,73.45,Purchase,Approved,0,Online
TXN055458,C432,CRD0658,Romans Pizza,2025-12-12,78.78,Purchase,Approved,0,Online
TXN055459,C012,CRD0019,KFC,2026-05-14,41.22,Purchase,Approved,0,POS
TXN055460,C076,CRD0119,Takealot,2026-02-25,1274.13,Purchase,Approved,0,Online
TXN055461,C182,CRD0267,Pick n Pay,2026-01-26,4041.24,Purchase,Approved,1,Online
TXN055462,C249,CRD0361,Faithful to Nature,2026-03-24,344.97,Purchase,Approved,0,Online
TXN055463,C135,CRD0203,DStv,2026-01-26,777.55,Payment,Approved,0,Online
TXN055464,C340,CRD0510,Debonairs,2026-04-08,117.6,Withdrawal,Approved,0,ATM
TXN055465,C286,CRD0416,Romans Pizza,2026-03-16,192.74,Withdrawal,Approved,0,ATM
TXN055466,C498,CRD0751,Google Play,2026-01-10,230.41,Purchase,Approved,0,Online
TXN055467,C291,CRD0424,McDonalds,2025-12-29,57.71,Payment,Approved,0,Online
TXN055468,C262,CRD0379,Wimpy,2026-05-02,241.14,Purchase,Approved,0,POS
TXN055469,C120,CRD0182,Mr Price,2026-05-17,534.38,Purchase,Approved,0,POS
TXN055470,C320,CRD0473,Edgars,2025-12-25,1595.94,Purchase,Approved,0,POS
TXN055471,C293,CRD0429,Loot.co.za,2026-05-25,79.66,Refund,Declined,0,Online
TXN055472,C110,CRD0167,DStv,2026-05-12,751.93,Payment,Approved,0,Online
TXN055473,C466,CRD0709,Romans Pizza,2026-01-25,261.76,Purchase,Approved,0,POS
TXN055474,C082,CRD0126,DStv,2025-12-28,391.95,Purchase,Approved,0,POS
TXN055475,C191,CRD0281,Google Play,2025-12-29,158.23,Payment,Approved,0,Online
TXN055476,C389,CRD0587,DStv,2026-02-26,374.6,Purchase,Approved,0,Online
TXN055477,C106,CRD0162,Truworths,2026-04-28,1324.64,Purchase,Approved,0,POS
TXN055478,C415,CRD0630,Edgars,2026-01-28,1609.33,Purchase,Approved,1,POS
TXN055479,C225,CRD0328,Ocean Basket,2025-12-10,741.53,Purchase,Approved,0,POS
TXN055480,C027,CRD0045,KFC,2026-04-18,132.71,Purchase,Approved,0,ATM
TXN055481,C011,CRD0018,Woolworths,2025-12-14,1619.99,Purchase,Approved,0,Online
TXN055482,C212,CRD0312,Google Play,2026-03-28,297.53,Withdrawal,Approved,0,Online
TXN055483,C266,CRD0384,Zando,2026-02-27,1449.43,Purchase,Approved,0,Online
TXN055484,C094,CRD0145,Foschini,2026-03-26,1150.37,Purchase,Approved,0,POS
TXN055485,C128,CRD0192,SAA,2026-04-28,5521.91,Purchase,Approved,0,Online
TXN055486,C249,CRD0361,Engen,2026-03-06,276.56,Refund,Approved,0,ATM
TXN055487,C324,CRD0481,Protea Hotels,2026-02-27,2749.36,Purchase,Approved,0,ATM
TXN055488,C447,CRD0680,Foschini,2026-03-27,2243.21,Purchase,Approved,0,POS
TXN055489,C187,CRD0274,Mr Price,2026-03-27,718.39,Purchase,Approved,0,POS
TXN055490,C310,CRD0455,Wimpy,2026-04-19,127.79,Purchase,Approved,0,POS
TXN055491,C144,CRD0216,Wimpy,2026-04-03,106.44,Purchase,Approved,0,POS
TXN055492,C351,CRD0526,Checkers,2026-02-22,719.56,Payment,Approved,0,Online
TXN055493,C051,CRD0080,Faithful to Nature,2026-04-25,612.05,Purchase,Approved,0,Online
TXN055494,C113,CRD0173,Chicken Licken,2026-04-25,116.01,Purchase,Pending,0,Online
TXN055495,C282,CRD0410,Takealot,2025-11-22,82.63,Purchase,Approved,0,Online
TXN055496,C054,CRD0084,Wimpy,2026-04-23,180.23,Purchase,Approved,0,POS
TXN055497,C172,CRD0254,Pep,2026-02-17,34.15,Withdrawal,Approved,0,ATM
TXN055498,C049,CRD0077,Steers,2025-12-25,48.81,Payment,Approved,0,Online
TXN055499,C468,CRD0712,KFC,2026-04-26,121.45,Payment,Approved,0,Online
TXN055500,C053,CRD0082,KFC,2026-03-25,43.65,Purchase,Approved,0,Online
TXN055501,C026,CRD0044,Google Play,2025-11-22,100.94,Purchase,Declined,0,Online
TXN055502,C339,CRD0509,Netflix,2026-02-27,197.95,Purchase,Approved,0,Online
TXN055503,C006,CRD0009,Pep,2026-01-02,151.47,Withdrawal,Declined,0,ATM
TXN055504,C467,CRD0711,Faithful to Nature,2026-02-03,214.58,Purchase,Approved,0,Online
TXN055505,C522,CRD0776,Apple iTunes,2026-03-29,170.57,Purchase,Pending,0,Online
TXN055506,C203,CRD0298,Wimpy,2025-11-21,65.68,Purchase,Approved,0,POS
TXN055507,C342,CRD0512,Clicks,2026-05-12,26.28,Refund,Approved,0,POS
TXN055508,C084,CRD0128,Dis-Chem,2026-03-07,66.2,Purchase,Declined,0,ATM
TXN055509,C247,CRD0356,Clicks,2026-02-07,376.76,Purchase,Approved,0,POS
TXN055510,C296,CRD0433,Dis-Chem,2026-03-19,578.46,Purchase,Approved,0,POS
TXN055511,C174,CRD0257,Woolworths,2026-01-28,1481.45,Purchase,Approved,0,POS
TXN055512,C163,CRD0242,Google Play,2026-05-03,59.23,Purchase,Approved,0,Online
TXN055513,C480,CRD0728,Debonairs,2026-05-08,65.0,Purchase,Approved,0,Online
TXN055514,C399,CRD0601,Shell,2025-12-01,657.44,Purchase,Approved,0,POS
TXN055515,C217,CRD0317,Loot.co.za,2026-04-12,715.22,Purchase,Approved,0,Online
TXN055516,C322,CRD0477,Google Play,2026-01-29,40.15,Payment,Approved,0,Online
TXN055517,C170,CRD0251,Spotify,2026-02-08,66.35,Purchase,Approved,0,Online
TXN055518,C476,CRD0722,Montecasino,2025-12-25,754.8,Purchase,Approved,0,POS
TXN055519,C289,CRD0422,Dis-Chem,2026-03-14,517.37,Purchase,Declined,0,POS
TXN055520,C440,CRD0671,Debonairs,2026-02-28,79.4,Withdrawal,Declined,0,ATM
TXN055521,C018,CRD0029,Vida e Caffe,2026-02-14,61.57,Purchase,Declined,0,POS
TXN055522,C230,CRD0335,Mr Price,2026-02-11,1031.45,Purchase,Approved,0,ATM
TXN055523,C120,CRD0181,Ster-Kinekor,2025-12-27,136.92,Purchase,Approved,0,POS
TXN055524,C188,CRD0275,Debonairs,2026-02-26,96.25,Purchase,Approved,0,POS
TXN055525,C138,CRD0209,Google Play,2026-03-26,332.0,Purchase,Declined,0,Online
TXN055526,C494,CRD0745,Spotify,2026-03-25,54.73,Purchase,Approved,1,Online
TXN055527,C425,CRD0646,Nandos,2026-01-29,176.18,Purchase,Approved,0,Online
TXN055528,C464,CRD0707,Pick n Pay,2026-03-17,440.35,Payment,Approved,0,Online
TXN055529,C047,CRD0072,Vida e Caffe,2025-12-06,46.94,Payment,Approved,0,Online
TXN055530,C041,CRD0066,Checkers,2026-03-26,2592.48,Purchase,Approved,0,POS
TXN055531,C114,CRD0174,Nu Metro,2026-02-25,28.75,Refund,Declined,0,POS
TXN055532,C060,CRD0093,Foschini,2026-01-28,1592.51,Withdrawal,Approved,0,ATM
TXN055533,C482,CRD0730,Truworths,2025-11-28,301.27,Payment,Approved,0,Online
TXN055534,C042,CRD0067,Ocean Basket,2026-02-25,151.4,Purchase,Pending,0,POS
TXN055535,C192,CRD0282,McDonalds,2025-12-19,77.35,Purchase,Approved,0,POS
TXN055536,C391,CRD0590,Builders Warehouse,2026-03-28,4640.87,Withdrawal,Approved,0,ATM
TXN055537,C343,CRD0514,Wimpy,2026-03-29,343.55,Payment,Approved,0,Online
TXN055538,C027,CRD0046,Avis SA,2025-12-19,2170.61,Withdrawal,Approved,0,ATM
TXN055539,C040,CRD0063,Steers,2026-02-26,63.63,Purchase,Approved,0,Online
TXN055540,C024,CRD0041,Apple iTunes,2026-05-12,310.08,Payment,Approved,0,Online
TXN055541,C090,CRD0140,DStv,2026-04-28,228.93,Withdrawal,Approved,0,ATM
TXN055542,C412,CRD0624,Wimpy,2026-03-14,58.7,Refund,Declined,0,Online
TXN055543,C300,CRD0439,Dis-Chem,2026-03-06,476.73,Withdrawal,Approved,0,ATM
TXN055544,C427,CRD0651,Steers,2026-03-08,65.32,Purchase,Approved,0,Online
TXN055545,C255,CRD0368,Faithful to Nature,2026-01-21,873.52,Withdrawal,Approved,0,Online
TXN055546,C466,CRD0710,Spotify,2025-12-12,50.89,Purchase,Declined,0,Online
TXN055547,C457,CRD0697,Chicken Licken,2025-12-26,131.97,Withdrawal,Approved,0,ATM
TXN055548,C449,CRD0682,Nandos,2026-03-23,154.22,Purchase,Approved,0,POS
TXN055549,C302,CRD0442,Takealot,2026-04-08,1378.5,Payment,Approved,0,Online
TXN055550,C432,CRD0658,Pep,2026-03-24,301.24,Withdrawal,Approved,0,ATM
TXN055551,C124,CRD0188,Debonairs,2026-03-28,291.45,Purchase,Approved,0,POS
TXN055552,C111,CRD0169,Cape Union Mart,2026-02-25,292.52,Purchase,Approved,0,Online
TXN055553,C337,CRD0504,Google Play,2026-01-26,73.02,Purchase,Approved,0,Online
TXN055554,C390,CRD0589,Pick n Pay,2025-12-12,633.83,Purchase,Approved,0,ATM
TXN055555,C111,CRD0169,Checkers,2026-05-13,294.77,Refund,Approved,0,Online
TXN055556,C289,CRD0421,Wimpy,2026-03-31,155.36,Withdrawal,Approved,0,ATM
TXN055557,C259,CRD0374,Ster-Kinekor,2025-12-01,72.37,Purchase,Approved,0,POS
TXN055558,C283,CRD0412,Incredible Connect,2026-05-27,2493.67,Purchase,Approved,0,POS
TXN055559,C334,CRD0498,Steers,2026-05-27,122.91,Withdrawal,Approved,0,ATM
TXN055560,C295,CRD0432,ShowMax,2026-01-15,87.71,Purchase,Approved,0,Online
TXN055561,C528,CRD0782,Pep,2025-12-21,91.61,Purchase,Approved,0,Online
TXN055562,C153,CRD0231,Google Play,2026-02-14,91.89,Payment,Declined,0,Online
TXN055563,C178,CRD0261,Pep,2026-02-01,125.72,Purchase,Approved,0,POS
TXN055564,C343,CRD0514,Gold Reef City,2026-04-05,247.08,Withdrawal,Approved,0,ATM
TXN055565,C346,CRD0517,Steers,2025-12-27,13.46,Refund,Approved,0,POS
TXN055566,C439,CRD0669,Google Play,2025-12-04,252.98,Purchase,Approved,0,Online
TXN055567,C206,CRD0302,Engen,2026-01-12,1010.29,Purchase,Approved,0,Online
TXN055568,C325,CRD0482,Pep,2026-01-21,319.11,Purchase,Approved,0,POS
TXN055569,C282,CRD0409,McDonalds,2026-03-22,132.68,Purchase,Approved,0,POS
TXN055570,C520,CRD0774,Google Play,2026-01-05,69.86,Purchase,Approved,0,Online
TXN055571,C058,CRD0090,Montecasino,2026-01-27,1835.65,Purchase,Approved,0,Online
TXN055572,C051,CRD0080,Mr Price,2026-04-01,157.42,Purchase,Approved,0,ATM
TXN055573,C310,CRD0455,Pep,2026-02-28,187.77,Purchase,Approved,0,POS
TXN055574,C120,CRD0182,Vida e Caffe,2026-03-19,179.12,Purchase,Approved,0,POS
TXN055575,C167,CRD0248,Netflix,2025-11-28,36.9,Refund,Approved,0,Online
TXN055576,C396,CRD0596,Pep,2026-05-05,254.66,Withdrawal,Approved,0,ATM
TXN055577,C012,CRD0019,Apple iTunes,2026-02-26,130.31,Purchase,Pending,0,Online
TXN055578,C549,CRD0803,Wimpy,2026-02-07,141.02,Payment,Declined,0,Online
TXN055579,C488,CRD0737,Woolworths,2026-02-06,1802.8,Payment,Approved,0,Online
TXN055580,C507,CRD0761,TicketPro,2026-05-15,713.26,Purchase,Approved,0,ATM
TXN055581,C130,CRD0195,Shell,2026-02-15,1091.36,Purchase,Approved,0,Online
TXN055582,C485,CRD0733,Steers,2026-02-27,120.86,Purchase,Approved,0,POS
TXN055583,C270,CRD0391,Google Play,2025-11-21,16.51,Refund,Approved,0,Online
TXN055584,C249,CRD0360,Nu Metro,2025-12-28,210.36,Purchase,Approved,0,Online
TXN055585,C326,CRD0484,Vida e Caffe,2026-05-28,120.64,Purchase,Approved,0,Online
TXN055586,C050,CRD0079,Mugg and Bean,2026-02-07,340.53,Purchase,Approved,0,POS
TXN055587,C383,CRD0577,Pick n Pay,2026-04-14,2014.34,Payment,Approved,0,Online
TXN055588,C311,CRD0459,Chicken Licken,2026-04-10,60.7,Purchase,Approved,0,Online
TXN055589,C174,CRD0257,Wimpy,2026-01-13,67.25,Purchase,Approved,0,ATM
TXN055590,C457,CRD0697,Loot.co.za,2026-02-25,2218.55,Purchase,Approved,0,Online
TXN055591,C087,CRD0132,Pick n Pay,2026-01-07,1648.47,Purchase,Approved,0,Online
TXN055592,C472,CRD0718,Apple iTunes,2026-01-20,342.57,Purchase,Approved,0,Online
TXN055593,C269,CRD0390,Dis-Chem,2026-05-18,41.13,Purchase,Approved,0,ATM
TXN055594,C088,CRD0133,DStv,2026-03-28,284.21,Purchase,Approved,0,POS
TXN055595,C185,CRD0272,Mugg and Bean,2026-02-18,99.95,Purchase,Approved,0,Online
TXN055596,C498,CRD0751,Google Play,2026-05-18,148.68,Purchase,Approved,0,Online
TXN055597,C008,CRD0012,Netflix,2026-02-20,101.23,Purchase,Approved,0,Online
TXN055598,C267,CRD0388,Pep,2025-12-31,240.66,Purchase,Approved,0,ATM
TXN055599,C452,CRD0689,Pick n Pay,2026-04-12,2107.56,Purchase,Approved,0,POS
TXN055600,C420,CRD0638,Woolworths,2026-01-28,1242.38,Purchase,Approved,0,ATM
TXN055601,C144,CRD0216,Nu Metro,2026-04-28,85.1,Payment,Approved,0,Online
TXN055602,C308,CRD0452,Vida e Caffe,2026-01-17,169.29,Purchase,Approved,0,POS
TXN055603,C315,CRD0466,Nu Metro,2026-02-26,291.56,Payment,Declined,0,Online
TXN055604,C290,CRD0423,Apple iTunes,2026-03-10,270.92,Purchase,Approved,0,Online
TXN055605,C486,CRD0734,Wimpy,2026-03-29,230.32,Payment,Approved,0,Online
TXN055606,C110,CRD0168,Shell,2026-04-20,227.37,Payment,Approved,0,Online
TXN055607,C162,CRD0240,Spotify,2026-02-03,56.66,Purchase,Approved,0,Online
TXN055608,C210,CRD0309,Takealot,2026-05-08,5386.44,Withdrawal,Approved,1,Online
TXN055609,C282,CRD0409,Romans Pizza,2025-12-27,244.58,Withdrawal,Approved,0,ATM
TXN055610,C446,CRD0678,Samsung Store,2025-12-06,7536.53,Purchase,Approved,0,POS
TXN055611,C380,CRD0573,Zando,2026-02-25,1644.91,Withdrawal,Approved,0,Online
TXN055612,C405,CRD0611,Pep,2026-03-29,161.3,Purchase,Approved,0,Online
TXN055613,C360,CRD0539,Loot.co.za,2026-01-25,656.17,Purchase,Approved,0,Online
TXN055614,C019,CRD0031,Wimpy,2026-02-28,331.35,Purchase,Approved,0,ATM
TXN055615,C129,CRD0193,Apple iTunes,2026-01-15,157.93,Purchase,Pending,0,Online
TXN055616,C182,CRD0268,Pep,2026-03-14,426.99,Purchase,Approved,0,Online
TXN055617,C211,CRD0311,Pep,2026-05-11,127.79,Purchase,Approved,0,POS
TXN055618,C498,CRD0751,Chicken Licken,2025-12-23,107.96,Purchase,Approved,0,Online
TXN055619,C072,CRD0112,Checkers,2026-01-16,2010.89,Withdrawal,Approved,0,ATM
TXN055620,C051,CRD0080,Google Play,2026-03-25,89.22,Payment,Approved,0,Online
TXN055621,C037,CRD0058,Mugg and Bean,2025-11-23,131.48,Purchase,Declined,0,POS
TXN055622,C038,CRD0060,Builders Warehouse,2026-03-10,3410.87,Purchase,Approved,0,ATM
TXN055623,C323,CRD0479,Romans Pizza,2026-05-16,239.58,Payment,Approved,0,Online
TXN055624,C224,CRD0327,Ster-Kinekor,2025-12-17,60.68,Withdrawal,Approved,0,ATM
TXN055625,C199,CRD0293,Vida e Caffe,2026-05-03,172.86,Purchase,Approved,0,POS
TXN055626,C467,CRD0711,Pep,2026-04-26,247.61,Purchase,Approved,0,Online
TXN055627,C093,CRD0144,Amazon.co.za,2026-05-17,3104.99,Purchase,Approved,0,Online
TXN055628,C349,CRD0522,Vida e Caffe,2026-02-04,66.01,Purchase,Declined,0,Online
TXN055629,C151,CRD0228,iStore,2026-04-26,21453.38,Purchase,Approved,0,POS
TXN055630,C230,CRD0335,Bash.com,2026-04-15,2576.13,Purchase,Approved,0,Online
TXN055631,C288,CRD0419,Uber Eats,2026-04-25,105.22,Payment,Approved,0,Online
TXN055632,C157,CRD0235,Apple iTunes,2026-05-03,54.02,Withdrawal,Approved,0,Online
TXN055633,C217,CRD0317,KFC,2026-02-26,73.55,Purchase,Approved,0,Online
TXN055634,C269,CRD0390,Clicks,2025-11-25,318.83,Purchase,Approved,0,POS
TXN055635,C306,CRD0449,Google Play,2025-12-25,190.42,Purchase,Approved,0,Online
TXN055636,C365,CRD0548,Spur,2025-11-23,292.27,Purchase,Approved,0,POS
TXN055637,C337,CRD0504,Faithful to Nature,2025-12-06,275.78,Purchase,Approved,0,Online
TXN055638,C320,CRD0472,Engen,2026-04-26,80.46,Refund,Approved,0,POS
TXN055639,C278,CRD0403,Pep,2026-02-22,333.38,Purchase,Approved,0,POS
TXN055640,C476,CRD0722,Google Play,2026-05-10,203.55,Purchase,Approved,0,Online
TXN055641,C300,CRD0440,Amazon.co.za,2025-12-29,4063.99,Purchase,Approved,0,Online
TXN055642,C357,CRD0536,Google Play,2026-01-24,208.61,Purchase,Approved,0,Online
TXN055643,C075,CRD0117,Google Play,2026-03-25,175.25,Payment,Approved,0,Online
TXN055644,C195,CRD0287,Bash.com,2026-03-26,1635.06,Purchase,Declined,0,Online
TXN055645,C525,CRD0779,Woolworths,2025-12-03,327.97,Withdrawal,Approved,0,ATM
TXN055646,C158,CRD0236,Pep,2025-12-23,349.72,Purchase,Approved,0,Online
TXN055647,C405,CRD0612,Chicken Licken,2025-12-28,44.58,Purchase,Approved,0,POS
TXN055648,C397,CRD0597,KFC,2026-01-03,128.83,Purchase,Approved,0,POS
TXN055649,C472,CRD0718,Pick n Pay,2025-12-26,177.9,Refund,Approved,0,ATM
TXN055650,C387,CRD0585,Nandos,2026-02-26,69.05,Withdrawal,Approved,0,ATM
TXN055651,C460,CRD0701,Chicken Licken,2025-12-02,160.96,Purchase,Approved,0,Online
TXN055652,C466,CRD0709,Netflix,2026-02-11,42.96,Refund,Approved,0,Online
TXN055653,C076,CRD0119,Pick n Pay,2026-02-04,3431.78,Purchase,Approved,1,POS
TXN055654,C131,CRD0197,Faithful to Nature,2026-01-12,335.06,Purchase,Approved,0,Online
TXN055655,C033,CRD0054,Loot.co.za,2026-01-06,808.27,Purchase,Approved,0,Online
TXN055656,C240,CRD0348,Vida e Caffe,2026-04-09,22.91,Refund,Approved,0,Online
TXN055657,C411,CRD0623,Google Play,2025-12-21,136.31,Purchase,Pending,0,Online
TXN055658,C256,CRD0369,Ster-Kinekor,2026-01-02,74.1,Withdrawal,Approved,0,ATM
TXN055659,C016,CRD0024,McDonalds,2026-04-28,14.71,Refund,Approved,0,POS
TXN055660,C424,CRD0643,KFC,2025-12-15,41.54,Purchase,Approved,0,Online
TXN055661,C422,CRD0641,Apple iTunes,2026-04-27,336.42,Purchase,Approved,0,Online
TXN055662,C200,CRD0295,Clicks,2026-04-30,98.2,Purchase,Declined,0,POS
TXN055663,C510,CRD0764,Checkers,2026-04-27,1705.21,Payment,Approved,0,Online
TXN055664,C323,CRD0479,KFC,2026-04-15,45.73,Refund,Approved,0,POS
TXN055665,C303,CRD0443,Kulula,2026-03-22,3744.17,Withdrawal,Approved,1,ATM
TXN055666,C026,CRD0044,Cape Union Mart,2025-12-16,954.85,Purchase,Approved,0,POS
TXN055667,C018,CRD0027,Loot.co.za,2026-02-26,206.26,Purchase,Approved,0,Online
TXN055668,C013,CRD0020,Makro,2026-04-30,7744.93,Withdrawal,Approved,0,ATM
TXN055669,C239,CRD0347,Clicks,2025-11-29,755.58,Purchase,Approved,1,Online
TXN055670,C133,CRD0201,McDonalds,2026-03-26,129.08,Withdrawal,Approved,0,ATM
TXN055671,C249,CRD0361,Debonairs,2025-12-03,65.38,Payment,Approved,0,Online
TXN055672,C137,CRD0208,Pep,2026-03-07,229.8,Purchase,Declined,0,POS
TXN055673,C227,CRD0330,Vida e Caffe,2026-02-28,124.01,Purchase,Approved,0,Online
TXN055674,C065,CRD0099,KFC,2026-01-28,119.95,Withdrawal,Approved,0,ATM
TXN055675,C005,CRD0005,Sportsmans Whouse,2026-05-26,1364.22,Purchase,Declined,0,POS
TXN055676,C383,CRD0578,Apple iTunes,2026-01-03,202.35,Purchase,Approved,0,Online
TXN055677,C105,CRD0160,KFC,2026-01-20,57.45,Purchase,Approved,0,POS
TXN055678,C334,CRD0498,KFC,2026-01-12,129.13,Purchase,Approved,0,Online
TXN055679,C326,CRD0485,Clicks,2026-03-19,186.12,Purchase,Approved,0,POS
TXN055680,C303,CRD0444,Apple iTunes,2026-01-05,48.17,Purchase,Approved,0,Online
TXN055681,C174,CRD0257,Woolworths,2026-01-28,362.59,Purchase,Approved,0,POS
TXN055682,C469,CRD0714,Nandos,2026-04-03,91.26,Purchase,Declined,0,POS
TXN055683,C526,CRD0780,Dis-Chem,2026-03-07,279.73,Purchase,Approved,0,POS
TXN055684,C537,CRD0791,Cape Union Mart,2025-11-26,1319.84,Purchase,Approved,0,Online
TXN055685,C315,CRD0466,Pick n Pay,2026-05-06,349.54,Purchase,Approved,0,Online
TXN055686,C366,CRD0550,Vida e Caffe,2026-04-26,42.82,Purchase,Approved,0,Online
TXN055687,C074,CRD0115,TicketPro,2025-12-27,896.77,Purchase,Approved,0,POS
TXN055688,C439,CRD0669,Takealot,2026-03-06,815.04,Purchase,Approved,0,Online
TXN055689,C374,CRD0563,Chicken Licken,2026-01-25,46.39,Purchase,Declined,0,POS
TXN055690,C367,CRD0552,Spotify,2026-03-27,14.43,Refund,Approved,0,Online
TXN055691,C332,CRD0495,Amazon.co.za,2026-03-01,4470.64,Payment,Approved,0,Online
TXN055692,C179,CRD0263,Apple iTunes,2026-02-26,19.98,Refund,Approved,0,Online
TXN055693,C397,CRD0597,Vida e Caffe,2026-05-15,64.41,Purchase,Approved,0,ATM
TXN055694,C211,CRD0311,Faithful to Nature,2026-03-16,1922.86,Purchase,Approved,1,Online
TXN055695,C201,CRD0296,Apple iTunes,2026-02-14,51.79,Purchase,Approved,0,Online
TXN055696,C297,CRD0435,Takealot,2026-05-25,1512.55,Purchase,Approved,0,Online
TXN055697,C441,CRD0672,Nu Metro,2026-02-28,146.17,Withdrawal,Approved,0,ATM
TXN055698,C549,CRD0803,Uber Eats,2026-01-25,247.94,Withdrawal,Approved,0,Online
TXN055699,C110,CRD0168,Spotify,2026-04-18,48.54,Purchase,Approved,1,Online
TXN055700,C479,CRD0727,Debonairs,2025-11-29,264.69,Purchase,Approved,0,Online
TXN055701,C441,CRD0672,McDonalds,2026-01-09,199.5,Purchase,Approved,0,Online
TXN055702,C095,CRD0146,McDonalds,2026-02-12,153.86,Purchase,Approved,0,ATM
TXN055703,C516,CRD0770,Mugg and Bean,2026-04-25,331.99,Purchase,Approved,0,Online
TXN055704,C506,CRD0760,Mr Price,2026-05-04,605.86,Purchase,Approved,0,POS
TXN055705,C016,CRD0024,Dis-Chem,2026-03-04,693.74,Purchase,Approved,0,POS
TXN055706,C193,CRD0284,Google Play,2026-05-03,361.48,Purchase,Declined,0,Online
TXN055707,C374,CRD0563,Apple iTunes,2026-04-17,61.71,Purchase,Approved,0,Online
TXN055708,C520,CRD0774,Chicken Licken,2026-03-27,106.95,Purchase,Approved,0,POS
TXN055709,C110,CRD0167,Dis-Chem,2026-04-27,417.64,Purchase,Approved,0,POS
TXN055710,C259,CRD0374,Vida e Caffe,2026-01-22,55.17,Purchase,Approved,0,POS
TXN055711,C018,CRD0029,Pick n Pay,2026-05-18,2062.12,Withdrawal,Approved,0,ATM
TXN055712,C455,CRD0694,Loot.co.za,2026-04-22,90.05,Purchase,Approved,0,Online
TXN055713,C098,CRD0152,Dis-Chem,2026-04-30,394.41,Withdrawal,Approved,0,ATM
TXN055714,C344,CRD0515,KFC,2026-01-02,65.67,Purchase,Approved,0,Online
TXN055715,C308,CRD0451,Vida e Caffe,2026-01-19,79.17,Purchase,Approved,0,Online
TXN055716,C390,CRD0589,McDonalds,2026-01-25,47.54,Withdrawal,Approved,0,ATM
TXN055717,C439,CRD0668,Gold Reef City,2026-03-14,97.96,Refund,Approved,0,POS
TXN055718,C334,CRD0498,Ocean Basket,2026-01-28,1040.37,Purchase,Approved,1,Online
TXN055719,C243,CRD0352,TicketPro,2026-03-30,410.42,Payment,Approved,0,Online
TXN055720,C390,CRD0588,Checkers,2026-01-31,257.71,Purchase,Approved,0,Online
TXN055721,C199,CRD0293,Uber Eats,2026-04-12,397.05,Purchase,Approved,0,Online
TXN055722,C193,CRD0283,Woolworths,2026-03-31,1223.11,Purchase,Approved,0,POS
TXN055723,C538,CRD0792,BP,2026-03-07,1185.93,Purchase,Approved,0,POS
TXN055724,C067,CRD0104,McDonalds,2025-12-25,139.28,Withdrawal,Pending,0,ATM
TXN055725,C382,CRD0576,Google Play,2026-01-25,57.78,Purchase,Approved,0,Online
TXN055726,C351,CRD0528,Gold Reef City,2026-02-22,66.21,Refund,Approved,0,POS
TXN055727,C324,CRD0480,Uber Eats,2026-01-08,127.48,Withdrawal,Approved,0,Online
TXN055728,C236,CRD0342,Ocean Basket,2026-04-09,542.46,Withdrawal,Approved,0,ATM
TXN055729,C518,CRD0772,ShowMax,2026-04-02,95.4,Purchase,Approved,0,Online
TXN055730,C144,CRD0216,Spotify,2025-11-23,40.14,Purchase,Approved,0,Online
TXN055731,C019,CRD0030,Uber Eats,2026-04-22,99.52,Purchase,Approved,0,Online
TXN055732,C242,CRD0350,Nu Metro,2026-02-03,61.0,Payment,Approved,0,Online
TXN055733,C342,CRD0512,Edgars,2026-01-15,969.0,Purchase,Approved,0,POS
TXN055734,C269,CRD0390,ShowMax,2026-02-26,88.27,Purchase,Approved,0,Online
TXN055735,C515,CRD0769,Google Play,2026-02-09,78.76,Payment,Approved,0,Online
TXN055736,C035,CRD0056,Spur,2026-02-19,468.16,Payment,Approved,0,Online
TXN055737,C288,CRD0419,Pick n Pay,2026-01-18,609.25,Purchase,Declined,0,POS
TXN055738,C364,CRD0545,McDonalds,2026-04-26,199.93,Purchase,Approved,0,POS
TXN055739,C469,CRD0714,DStv,2026-02-27,404.81,Purchase,Approved,0,Online
TXN055740,C289,CRD0422,Pep,2026-03-27,332.02,Purchase,Approved,0,ATM
TXN055741,C110,CRD0167,McDonalds,2026-03-26,209.06,Purchase,Approved,0,POS
TXN055742,C426,CRD0648,Loot.co.za,2026-03-25,1777.51,Purchase,Declined,0,Online
TXN055743,C104,CRD0159,Wimpy,2026-01-26,207.12,Purchase,Approved,0,Online
TXN055744,C288,CRD0419,Nandos,2026-04-25,95.52,Purchase,Approved,0,ATM
TXN055745,C322,CRD0478,Samsung Store,2025-12-06,1026.79,Purchase,Declined,0,POS
TXN055746,C467,CRD0711,Checkers,2026-02-05,425.85,Purchase,Approved,0,POS
TXN055747,C067,CRD0104,Dis-Chem,2026-01-28,230.14,Purchase,Approved,0,Online
TXN055748,C315,CRD0465,Nandos,2026-01-25,228.04,Purchase,Approved,0,POS
TXN055749,C254,CRD0367,KFC,2026-01-16,176.5,Withdrawal,Approved,1,ATM
TXN055750,C226,CRD0329,Google Play,2025-12-26,46.68,Purchase,Approved,0,Online
TXN055751,C040,CRD0063,Chicken Licken,2026-01-10,56.43,Purchase,Approved,0,POS
TXN055752,C430,CRD0655,Dis-Chem,2026-01-22,657.71,Purchase,Approved,0,Online
TXN055753,C529,CRD0783,Apple iTunes,2026-03-16,141.51,Purchase,Approved,0,Online
TXN055754,C381,CRD0574,McDonalds,2026-01-20,62.03,Purchase,Approved,0,POS
TXN055755,C343,CRD0514,Pep,2026-03-15,311.39,Purchase,Approved,0,Online
TXN055756,C068,CRD0105,Google Play,2026-02-05,44.03,Purchase,Approved,0,Online
TXN055757,C549,CRD0803,Totalsports,2026-02-09,521.55,Purchase,Approved,0,POS
TXN055758,C321,CRD0476,Uber Eats,2026-01-26,127.64,Purchase,Approved,0,Online
TXN055759,C415,CRD0630,Engen,2026-01-07,625.6,Purchase,Approved,0,Online
TXN055760,C126,CRD0190,McDonalds,2025-12-12,106.3,Withdrawal,Approved,0,ATM
TXN055761,C007,CRD0011,Checkers,2026-01-27,309.85,Purchase,Declined,0,Online
TXN055762,C120,CRD0183,Google Play,2026-03-01,148.0,Payment,Approved,0,Online
TXN055763,C121,CRD0184,McDonalds,2026-05-12,152.0,Withdrawal,Declined,0,ATM
TXN055764,C322,CRD0477,Loot.co.za,2026-03-26,366.06,Refund,Approved,0,Online
TXN055765,C190,CRD0279,Montecasino,2025-12-15,487.08,Purchase,Approved,0,POS
TXN055766,C430,CRD0654,Netflix,2026-03-25,128.61,Purchase,Approved,0,Online
TXN055767,C528,CRD0782,Spur,2026-05-27,315.01,Purchase,Approved,0,POS
TXN055768,C016,CRD0023,Ocean Basket,2026-05-04,183.94,Payment,Approved,0,Online
TXN055769,C028,CRD0047,Debonairs,2026-01-07,122.29,Purchase,Approved,0,Online
TXN055770,C366,CRD0550,Checkers,2026-03-03,1015.12,Payment,Approved,0,Online
TXN055771,C260,CRD0376,Dis-Chem,2026-01-01,1544.3,Withdrawal,Declined,0,ATM
TXN055772,C024,CRD0040,Gold Reef City,2025-12-23,557.73,Purchase,Approved,0,Online
TXN055773,C485,CRD0733,Google Play,2026-01-12,52.46,Purchase,Approved,0,Online
TXN055774,C284,CRD0413,Pep,2026-03-27,235.06,Purchase,Declined,0,Online
TXN055775,C152,CRD0230,Cape Union Mart,2026-05-12,1706.6,Purchase,Approved,0,Online
TXN055776,C504,CRD0758,Nandos,2025-12-20,224.99,Purchase,Approved,0,Online
TXN055777,C510,CRD0764,Mr Price,2026-03-04,522.41,Purchase,Approved,0,POS
TXN055778,C179,CRD0263,Apple iTunes,2025-12-05,331.64,Purchase,Approved,0,Online
TXN055779,C260,CRD0377,Builders Warehouse,2026-05-12,5822.52,Purchase,Approved,0,POS
TXN055780,C361,CRD0540,Wimpy,2026-03-11,156.98,Payment,Approved,0,Online
TXN055781,C105,CRD0161,Loot.co.za,2026-04-05,1304.11,Purchase,Approved,0,Online
TXN055782,C377,CRD0568,ShowMax,2026-01-14,81.69,Purchase,Approved,1,Online
TXN055783,C405,CRD0611,Pep,2026-02-19,129.35,Purchase,Approved,0,POS
TXN055784,C517,CRD0771,Truworths,2026-01-25,1093.57,Purchase,Approved,0,Online
TXN055785,C463,CRD0705,Google Play,2026-04-24,149.01,Purchase,Approved,0,Online
TXN055786,C164,CRD0243,Clicks,2026-04-27,570.94,Withdrawal,Approved,0,ATM
TXN055787,C505,CRD0759,Chicken Licken,2026-03-20,68.96,Withdrawal,Pending,0,ATM
TXN055788,C078,CRD0121,Nu Metro,2026-01-19,247.14,Withdrawal,Approved,0,ATM
TXN055789,C224,CRD0327,McDonalds,2026-04-28,71.34,Purchase,Approved,0,POS
TXN055790,C539,CRD0793,Apple iTunes,2026-04-26,62.65,Payment,Approved,0,Online
TXN055791,C355,CRD0533,McDonalds,2025-12-26,100.42,Payment,Approved,0,Online
TXN055792,C098,CRD0152,Spotify,2025-12-02,53.27,Payment,Approved,0,Online
TXN055793,C151,CRD0228,Wimpy,2026-01-12,100.43,Withdrawal,Approved,0,ATM
TXN055794,C294,CRD0430,Amazon.co.za,2026-04-27,1261.3,Purchase,Approved,0,Online
TXN055795,C462,CRD0704,Samsung Store,2026-02-15,405.62,Purchase,Approved,0,ATM
TXN055796,C081,CRD0124,Checkers,2026-04-26,2108.93,Purchase,Approved,0,POS
TXN055797,C311,CRD0457,Amazon.co.za,2026-02-05,121.57,Purchase,Approved,0,Online
TXN055798,C353,CRD0530,Clicks,2025-12-27,501.58,Payment,Approved,0,Online
TXN055799,C462,CRD0703,Gold Reef City,2026-02-27,354.24,Purchase,Approved,0,POS
TXN055800,C017,CRD0025,Chicken Licken,2026-03-30,78.55,Withdrawal,Declined,0,ATM
TXN055801,C472,CRD0717,Uber Eats,2026-05-02,200.51,Purchase,Approved,0,Online
TXN055802,C351,CRD0528,Apple iTunes,2025-11-26,45.61,Purchase,Approved,0,Online
TXN055803,C371,CRD0559,Truworths,2026-02-28,823.97,Purchase,Approved,0,POS
TXN055804,C517,CRD0771,Dis-Chem,2026-04-25,645.34,Purchase,Pending,0,POS
TXN055805,C112,CRD0170,KFC,2026-04-25,123.86,Purchase,Approved,0,ATM
TXN055806,C223,CRD0326,Takealot,2025-12-27,960.47,Purchase,Approved,0,Online
TXN055807,C160,CRD0238,McDonalds,2026-03-31,80.08,Purchase,Declined,0,ATM
TXN055808,C115,CRD0176,Chicken Licken,2026-02-21,154.6,Purchase,Approved,0,POS
TXN055809,C485,CRD0733,Clicks,2026-04-01,700.62,Payment,Approved,1,Online
TXN055810,C122,CRD0185,Makro,2026-02-04,9124.1,Purchase,Approved,0,Online
TXN055811,C215,CRD0315,Clicks,2025-12-30,413.68,Withdrawal,Approved,0,ATM
TXN055812,C444,CRD0675,Vida e Caffe,2026-01-13,176.76,Withdrawal,Approved,0,ATM
TXN055813,C012,CRD0019,BP,2026-02-28,2126.18,Purchase,Approved,1,POS
TXN055814,C455,CRD0695,Google Play,2025-12-29,246.15,Withdrawal,Declined,0,Online
TXN055815,C243,CRD0351,Superbalist,2026-04-10,644.35,Refund,Approved,0,Online
TXN055816,C292,CRD0426,Mugg and Bean,2026-04-23,145.02,Purchase,Approved,0,POS
TXN055817,C291,CRD0424,Clicks,2026-05-15,149.98,Purchase,Approved,0,Online
TXN055818,C385,CRD0582,Apple iTunes,2026-01-27,370.03,Purchase,Approved,0,Online
TXN055819,C121,CRD0184,Checkers,2026-02-06,1073.83,Purchase,Approved,0,POS
TXN055820,C038,CRD0060,Netflix,2026-04-26,144.61,Purchase,Approved,1,Online
TXN055821,C083,CRD0127,Builders Warehouse,2026-04-27,3220.88,Purchase,Approved,0,POS
TXN055822,C094,CRD0145,Nandos,2026-04-26,62.57,Purchase,Approved,0,POS
TXN055823,C206,CRD0303,Uber Eats,2026-03-17,382.63,Purchase,Approved,0,Online
TXN055824,C001,CRD0001,TicketPro,2026-05-08,663.01,Purchase,Approved,0,POS
TXN055825,C230,CRD0335,Pep,2026-04-05,480.33,Purchase,Approved,0,Online
TXN055826,C170,CRD0251,DStv,2025-11-22,792.65,Purchase,Approved,0,POS
TXN055827,C514,CRD0768,KFC,2025-12-26,111.67,Purchase,Approved,0,POS
TXN055828,C100,CRD0154,Apple iTunes,2026-01-09,49.8,Purchase,Approved,0,Online
TXN055829,C227,CRD0330,KFC,2026-04-13,134.83,Purchase,Approved,0,Online
TXN055830,C475,CRD0721,Apple iTunes,2025-12-08,75.59,Purchase,Approved,0,Online
TXN055831,C182,CRD0267,Makro,2026-03-25,2076.83,Payment,Approved,0,Online
TXN055832,C514,CRD0768,Loot.co.za,2026-04-15,1485.53,Withdrawal,Approved,0,Online
TXN055833,C271,CRD0394,Loot.co.za,2026-05-12,1934.3,Withdrawal,Approved,0,Online
TXN055834,C244,CRD0353,Mugg and Bean,2025-12-18,146.21,Withdrawal,Approved,0,ATM
TXN055835,C518,CRD0772,Steers,2025-11-28,72.33,Purchase,Approved,0,Online
TXN055836,C156,CRD0234,Pep,2025-12-19,410.44,Purchase,Approved,1,POS
TXN055837,C533,CRD0787,Cape Union Mart,2026-02-10,1512.69,Purchase,Approved,0,POS
TXN055838,C390,CRD0589,Apple iTunes,2026-04-18,174.48,Purchase,Approved,0,Online
TXN055839,C328,CRD0489,Zando,2026-01-06,263.12,Purchase,Approved,0,Online
TXN055840,C299,CRD0438,Foschini,2026-02-27,2118.17,Withdrawal,Approved,0,ATM
TXN055841,C405,CRD0613,Uber Eats,2026-03-14,79.39,Purchase,Approved,0,Online
TXN055842,C353,CRD0531,Debonairs,2025-12-16,261.14,Purchase,Approved,0,Online
TXN055843,C115,CRD0175,Ster-Kinekor,2025-12-08,190.4,Payment,Approved,0,Online
TXN055844,C515,CRD0769,Takealot,2025-11-23,1953.43,Purchase,Approved,0,Online
TXN055845,C111,CRD0169,Uber Eats,2026-04-14,67.1,Refund,Approved,0,Online
TXN055846,C310,CRD0455,Apple iTunes,2026-04-27,257.07,Purchase,Approved,0,Online
TXN055847,C458,CRD0698,McDonalds,2026-01-28,98.16,Purchase,Approved,0,Online
TXN055848,C254,CRD0367,KFC,2026-02-01,93.72,Purchase,Approved,0,ATM
TXN055849,C151,CRD0228,Cape Union Mart,2026-01-03,2931.38,Withdrawal,Approved,0,ATM
TXN055850,C428,CRD0652,Loot.co.za,2026-01-01,861.74,Purchase,Approved,0,Online
TXN055851,C365,CRD0547,Vida e Caffe,2026-01-27,130.63,Purchase,Approved,0,Online
TXN055852,C322,CRD0477,Mr Price,2025-12-24,267.16,Refund,Approved,0,Online
TXN055853,C270,CRD0391,Spotify,2025-12-28,66.86,Payment,Approved,0,Online
TXN055854,C428,CRD0652,Bash.com,2026-04-15,1645.18,Purchase,Approved,0,Online
TXN055855,C285,CRD0415,Edgars,2026-04-24,1122.41,Purchase,Approved,0,Online
TXN055856,C496,CRD0749,TicketPro,2026-04-13,861.12,Purchase,Approved,0,Online
TXN055857,C072,CRD0112,Vida e Caffe,2026-04-26,44.66,Withdrawal,Approved,0,ATM
TXN055858,C348,CRD0520,Romans Pizza,2026-05-14,120.82,Payment,Approved,0,Online
TXN055859,C064,CRD0098,ShowMax,2026-04-25,78.36,Purchase,Approved,0,Online
TXN055860,C105,CRD0160,Google Play,2026-02-19,107.26,Withdrawal,Approved,0,Online
TXN055861,C315,CRD0465,Clicks,2026-01-28,210.78,Purchase,Approved,0,Online
TXN055862,C042,CRD0067,Apple iTunes,2026-01-05,185.21,Purchase,Pending,0,Online
TXN055863,C381,CRD0574,Woolworths,2026-01-03,521.81,Purchase,Approved,0,POS
TXN055864,C208,CRD0306,Apple iTunes,2026-04-07,399.29,Purchase,Pending,0,Online
TXN055865,C437,CRD0665,Wimpy,2026-01-02,134.38,Purchase,Approved,0,POS
TXN055866,C310,CRD0456,Checkers,2026-02-13,291.67,Purchase,Approved,0,POS
TXN055867,C311,CRD0458,Faithful to Nature,2026-05-27,653.81,Purchase,Approved,0,Online
TXN055868,C032,CRD0052,Clicks,2026-05-28,127.61,Purchase,Approved,0,POS
TXN055869,C539,CRD0793,Vida e Caffe,2025-11-27,42.78,Withdrawal,Approved,0,ATM
TXN055870,C130,CRD0196,Avis SA,2026-03-06,1218.97,Purchase,Approved,0,Online
TXN055871,C207,CRD0305,Google Play,2026-04-26,289.26,Purchase,Approved,0,Online
TXN055872,C340,CRD0510,TicketPro,2025-12-26,649.91,Purchase,Approved,0,Online
TXN055873,C017,CRD0025,Amazon.co.za,2026-03-26,3625.79,Purchase,Approved,0,Online
TXN055874,C159,CRD0237,KFC,2026-03-18,56.6,Withdrawal,Approved,0,ATM
TXN055875,C143,CRD0215,Makro,2026-03-02,374.55,Purchase,Approved,0,POS
TXN055876,C110,CRD0167,Debonairs,2026-04-28,228.89,Purchase,Approved,0,Online
TXN055877,C085,CRD0129,Wimpy,2026-04-25,91.54,Purchase,Approved,0,Online
TXN055878,C089,CRD0136,Nu Metro,2026-01-04,69.29,Withdrawal,Approved,0,ATM
TXN055879,C420,CRD0638,Apple iTunes,2025-11-26,48.72,Payment,Approved,0,Online
TXN055880,C055,CRD0086,Checkers,2026-04-25,824.62,Withdrawal,Approved,0,ATM
TXN055881,C027,CRD0045,Edgars,2026-01-13,965.02,Payment,Approved,0,Online
TXN055882,C416,CRD0631,Checkers,2026-05-28,1715.45,Purchase,Pending,0,POS
TXN055883,C270,CRD0392,Debonairs,2025-12-22,84.86,Withdrawal,Declined,0,ATM
TXN055884,C325,CRD0482,Vida e Caffe,2025-12-18,131.23,Withdrawal,Approved,0,ATM
TXN055885,C342,CRD0512,Edgars,2025-12-24,364.67,Payment,Approved,0,Online
TXN055886,C359,CRD0538,DStv,2025-11-24,128.97,Purchase,Approved,0,POS
TXN055887,C336,CRD0503,Pep,2026-04-28,70.28,Payment,Approved,0,Online
TXN055888,C262,CRD0380,Chicken Licken,2026-04-01,145.16,Purchase,Approved,0,Online
TXN055889,C069,CRD0107,FlySafair,2026-01-03,4419.18,Purchase,Approved,1,POS
TXN055890,C400,CRD0603,Superbalist,2025-12-25,481.42,Purchase,Approved,0,Online
TXN055891,C092,CRD0143,Superbalist,2026-02-19,1051.43,Purchase,Approved,0,Online
TXN055892,C321,CRD0476,KFC,2026-03-25,43.67,Purchase,Approved,0,POS
TXN055893,C327,CRD0487,Steers,2026-02-04,164.97,Purchase,Approved,0,POS
TXN055894,C516,CRD0770,Bash.com,2026-05-12,737.16,Payment,Approved,0,Online
TXN055895,C209,CRD0307,Steers,2025-11-26,159.76,Purchase,Approved,0,POS
TXN055896,C233,CRD0339,Google Play,2026-03-27,87.9,Purchase,Approved,0,Online
TXN055897,C386,CRD0584,KFC,2025-11-29,49.87,Purchase,Approved,0,Online
TXN055898,C487,CRD0735,Google Play,2026-05-08,141.7,Purchase,Approved,0,Online
TXN055899,C239,CRD0347,Romans Pizza,2026-03-05,250.1,Purchase,Approved,0,POS
TXN055900,C385,CRD0583,Takealot,2026-04-22,2646.47,Purchase,Approved,0,Online
TXN055901,C067,CRD0103,Google Play,2026-03-28,31.59,Purchase,Approved,0,Online
TXN055902,C426,CRD0647,Montecasino,2026-03-25,947.75,Purchase,Approved,0,POS
TXN055903,C319,CRD0470,Google Play,2026-01-24,21.26,Purchase,Declined,0,Online
TXN055904,C065,CRD0100,Gold Reef City,2026-03-16,199.5,Purchase,Approved,0,POS
TXN055905,C304,CRD0446,Ster-Kinekor,2026-02-25,120.41,Purchase,Approved,0,POS
TXN055906,C090,CRD0138,Checkers,2026-01-23,1090.69,Payment,Approved,0,Online
TXN055907,C335,CRD0501,Apple iTunes,2026-05-28,356.13,Purchase,Approved,0,Online
TXN055908,C528,CRD0782,Nu Metro,2026-02-24,149.07,Purchase,Approved,0,POS
TXN055909,C355,CRD0533,Nandos,2026-03-27,334.6,Withdrawal,Approved,1,ATM
TXN055910,C476,CRD0722,Checkers,2026-01-02,392.88,Purchase,Approved,0,POS
TXN055911,C132,CRD0198,McDonalds,2026-04-06,165.63,Purchase,Approved,0,Online
TXN055912,C014,CRD0021,Netflix,2026-03-04,154.61,Withdrawal,Approved,0,Online
TXN055913,C292,CRD0428,Clicks,2026-05-13,36.98,Purchase,Approved,0,Online
TXN055914,C096,CRD0148,Romans Pizza,2026-05-05,112.27,Purchase,Approved,0,POS
TXN055915,C247,CRD0357,Ster-Kinekor,2026-01-25,68.1,Purchase,Approved,0,POS
TXN055916,C391,CRD0590,Zando,2025-12-06,1819.35,Purchase,Approved,0,Online
TXN055917,C306,CRD0448,Uber Eats,2026-05-17,116.68,Purchase,Approved,0,Online
TXN055918,C335,CRD0501,Steers,2026-01-26,220.31,Purchase,Approved,0,Online
TXN055919,C385,CRD0583,Superbalist,2026-04-16,1803.71,Purchase,Declined,0,Online
TXN055920,C493,CRD0743,Amazon.co.za,2026-04-17,4776.7,Purchase,Approved,0,Online
TXN055921,C150,CRD0226,Pick n Pay,2026-04-01,640.91,Withdrawal,Approved,0,ATM
TXN055922,C059,CRD0092,Google Play,2026-02-12,57.67,Purchase,Approved,0,Online
TXN055923,C149,CRD0224,Debonairs,2026-04-26,182.37,Purchase,Approved,0,POS
TXN055924,C369,CRD0555,Google Play,2025-12-05,78.82,Purchase,Approved,0,Online
TXN055925,C436,CRD0664,Netflix,2026-03-25,131.89,Withdrawal,Approved,0,Online
TXN055926,C257,CRD0371,Wimpy,2026-03-12,144.01,Purchase,Approved,0,Online
TXN055927,C141,CRD0213,Engen,2026-02-22,1254.08,Payment,Declined,0,Online
TXN055928,C090,CRD0139,Mr Price,2026-03-27,605.38,Withdrawal,Approved,0,ATM
TXN055929,C049,CRD0078,Clicks,2025-12-27,154.56,Purchase,Approved,0,POS
TXN055930,C041,CRD0064,Chicken Licken,2026-05-28,45.15,Purchase,Approved,0,Online
TXN055931,C378,CRD0570,Cape Union Mart,2026-05-15,580.45,Payment,Approved,0,Online
TXN055932,C005,CRD0006,Vida e Caffe,2026-04-15,80.45,Payment,Approved,0,Online
TXN055933,C289,CRD0420,Romans Pizza,2025-11-30,131.67,Purchase,Approved,0,ATM
TXN055934,C207,CRD0305,Cape Union Mart,2026-05-06,949.98,Purchase,Approved,0,Online
TXN055935,C239,CRD0346,Zando,2026-03-30,687.08,Refund,Approved,0,Online
TXN055936,C041,CRD0065,McDonalds,2026-04-24,118.24,Purchase,Approved,0,Online
TXN055937,C275,CRD0399,TicketPro,2025-12-13,802.24,Purchase,Approved,0,POS
TXN055938,C331,CRD0493,Clicks,2026-03-18,338.19,Withdrawal,Declined,0,ATM
TXN055939,C282,CRD0409,Google Play,2026-05-25,202.29,Purchase,Approved,0,Online
TXN055940,C036,CRD0057,Pick n Pay,2025-12-25,4174.26,Purchase,Approved,1,POS
TXN055941,C534,CRD0788,KFC,2026-04-24,73.58,Purchase,Approved,0,POS
TXN055942,C399,CRD0602,Clicks,2026-02-06,175.48,Purchase,Approved,0,Online
TXN055943,C508,CRD0762,Totalsports,2025-12-28,433.86,Purchase,Approved,0,POS
TXN055944,C443,CRD0674,Truworths,2026-04-28,329.2,Refund,Approved,0,POS
TXN055945,C544,CRD0798,Faithful to Nature,2026-01-26,1292.5,Purchase,Approved,0,Online
TXN055946,C197,CRD0290,McDonalds,2026-04-05,85.52,Purchase,Approved,0,POS
TXN055947,C034,CRD0055,Checkers,2026-05-17,1344.28,Withdrawal,Declined,0,ATM
TXN055948,C451,CRD0687,Incredible Connect,2026-01-06,1081.29,Purchase,Approved,0,ATM
TXN055949,C426,CRD0647,Protea Hotels,2026-03-13,1285.51,Withdrawal,Approved,0,ATM
TXN055950,C289,CRD0421,Nu Metro,2026-02-10,280.03,Purchase,Pending,0,Online
TXN055951,C102,CRD0157,Superbalist,2026-02-14,1499.17,Purchase,Approved,0,Online
TXN055952,C409,CRD0621,Vida e Caffe,2026-04-26,76.88,Purchase,Approved,0,Online
TXN055953,C055,CRD0085,Totalsports,2026-03-20,1104.32,Purchase,Pending,0,Online
TXN055954,C051,CRD0080,Mugg and Bean,2026-04-21,37.13,Refund,Approved,0,Online
TXN055955,C393,CRD0593,Pep,2026-02-02,40.65,Purchase,Approved,0,POS
TXN055956,C463,CRD0705,Woolworths,2026-03-28,1051.93,Withdrawal,Approved,0,ATM
TXN055957,C442,CRD0673,Wimpy,2026-04-14,143.94,Purchase,Approved,0,POS
TXN055958,C506,CRD0760,Cape Union Mart,2026-01-22,1898.4,Purchase,Approved,0,Online
TXN055959,C146,CRD0219,Takealot,2026-04-17,467.9,Purchase,Approved,0,Online
TXN055960,C242,CRD0350,Steers,2025-12-30,180.72,Purchase,Approved,0,POS
TXN055961,C383,CRD0579,Clicks,2025-12-08,584.68,Purchase,Approved,0,POS
TXN055962,C291,CRD0425,Dis-Chem,2026-01-26,724.63,Withdrawal,Approved,0,ATM
TXN055963,C047,CRD0073,KFC,2025-12-14,13.89,Refund,Approved,0,Online
TXN055964,C191,CRD0281,Clicks,2025-12-01,76.05,Purchase,Approved,0,Online
TXN055965,C132,CRD0198,Nu Metro,2025-12-19,68.96,Refund,Declined,0,POS
TXN055966,C021,CRD0034,Apple iTunes,2025-12-21,373.31,Purchase,Approved,0,Online
TXN055967,C068,CRD0105,Clicks,2026-01-26,520.19,Payment,Approved,0,Online
TXN055968,C462,CRD0703,Google Play,2026-03-26,55.58,Refund,Approved,0,Online
TXN055969,C185,CRD0272,Steers,2026-03-19,67.5,Purchase,Approved,0,Online
TXN055970,C053,CRD0082,Makro,2026-01-18,7934.49,Purchase,Approved,0,POS
TXN055971,C355,CRD0533,Superbalist,2026-03-28,658.83,Purchase,Declined,0,Online
TXN055972,C137,CRD0208,Makro,2026-02-14,589.74,Purchase,Approved,0,POS
TXN055973,C483,CRD0731,Ster-Kinekor,2026-04-25,201.16,Purchase,Approved,0,POS
TXN055974,C391,CRD0590,Edgars,2026-03-08,1755.02,Purchase,Approved,1,Online
TXN055975,C394,CRD0594,Protea Hotels,2026-03-12,543.82,Refund,Declined,0,ATM
TXN055976,C460,CRD0701,Spur,2026-03-28,222.61,Purchase,Approved,0,Online
TXN055977,C195,CRD0286,Truworths,2026-01-24,1369.31,Purchase,Approved,0,POS
TXN055978,C336,CRD0503,BP,2026-05-10,1173.86,Purchase,Approved,0,Online
TXN055979,C440,CRD0671,McDonalds,2026-02-13,59.92,Purchase,Approved,0,POS
TXN055980,C054,CRD0083,Google Play,2026-05-25,42.19,Payment,Approved,0,Online
TXN055981,C394,CRD0594,DStv,2026-05-28,257.13,Purchase,Approved,0,POS
TXN055982,C013,CRD0020,Apple iTunes,2026-01-25,131.33,Purchase,Approved,0,Online
TXN055983,C135,CRD0204,Woolworths,2026-05-13,1728.93,Purchase,Approved,0,POS
TXN055984,C352,CRD0529,Checkers,2026-03-07,900.06,Purchase,Approved,0,POS
TXN055985,C045,CRD0070,McDonalds,2026-03-09,146.9,Purchase,Approved,0,POS
TXN055986,C222,CRD0325,Pep,2025-12-10,83.63,Refund,Pending,0,POS
TXN055987,C414,CRD0627,Romans Pizza,2026-03-08,242.13,Purchase,Approved,0,POS
TXN055988,C167,CRD0248,Chicken Licken,2025-12-30,71.6,Payment,Approved,0,Online
TXN055989,C245,CRD0354,Chicken Licken,2026-03-26,211.92,Payment,Approved,0,Online
TXN055990,C020,CRD0033,FlySafair,2026-02-18,1990.22,Purchase,Approved,0,Online
TXN055991,C511,CRD0765,Debonairs,2026-03-27,164.46,Purchase,Declined,0,POS
TXN055992,C152,CRD0230,ShowMax,2025-11-26,115.45,Purchase,Approved,0,Online
TXN055993,C047,CRD0072,Cape Union Mart,2025-12-30,482.08,Purchase,Approved,0,POS
TXN055994,C215,CRD0315,Google Play,2026-04-25,49.53,Purchase,Pending,0,Online
TXN055995,C495,CRD0747,Bash.com,2026-01-28,619.75,Purchase,Approved,0,Online
TXN055996,C285,CRD0415,Foschini,2026-03-07,3440.51,Withdrawal,Approved,1,ATM
TXN055997,C054,CRD0084,DStv,2026-01-11,116.52,Purchase,Approved,0,Online
TXN055998,C412,CRD0624,Pep,2026-01-28,146.59,Withdrawal,Approved,0,ATM
TXN055999,C527,CRD0781,Steers,2026-03-24,170.21,Purchase,Approved,0,POS
TXN056000,C506,CRD0760,Cape Union Mart,2026-04-23,2031.44,Purchase,Approved,0,POS
TXN056001,C049,CRD0077,Google Play,2026-02-28,99.69,Withdrawal,Approved,0,Online
TXN056002,C521,CRD0775,Montecasino,2025-12-27,675.58,Purchase,Approved,0,POS
TXN056003,C273,CRD0396,DStv,2026-01-26,468.53,Withdrawal,Approved,0,ATM
TXN056004,C020,CRD0032,Pep,2026-04-23,437.7,Withdrawal,Approved,1,ATM
TXN056005,C266,CRD0386,Chicken Licken,2026-03-25,99.97,Purchase,Approved,0,POS
TXN056006,C404,CRD0609,Apple iTunes,2026-02-16,235.83,Purchase,Approved,0,Online
TXN056007,C238,CRD0344,Faithful to Nature,2026-03-02,282.53,Purchase,Approved,0,Online
TXN056008,C325,CRD0482,Dis-Chem,2026-02-26,158.74,Withdrawal,Approved,0,ATM
TXN056009,C133,CRD0201,Nu Metro,2026-04-28,165.57,Purchase,Approved,0,Online
TXN056010,C145,CRD0218,ShowMax,2025-12-11,97.75,Purchase,Approved,0,Online
TXN056011,C418,CRD0634,Gold Reef City,2025-12-06,592.99,Purchase,Approved,1,Online
TXN056012,C490,CRD0739,Spur,2026-02-28,173.52,Purchase,Approved,0,Online
TXN056013,C019,CRD0030,Chicken Licken,2026-01-28,65.95,Withdrawal,Approved,0,ATM
TXN056014,C459,CRD0699,Shell,2026-03-06,1210.94,Payment,Approved,0,Online
TXN056015,C141,CRD0213,Gold Reef City,2026-03-27,410.25,Purchase,Approved,0,POS
TXN056016,C196,CRD0288,Builders Warehouse,2026-05-27,9418.11,Purchase,Approved,0,POS
TXN056017,C392,CRD0591,Wimpy,2025-11-28,83.89,Purchase,Approved,0,POS
TXN056018,C103,CRD0158,Loot.co.za,2026-03-30,198.72,Refund,Approved,0,Online
TXN056019,C417,CRD0633,KFC,2025-11-28,111.55,Purchase,Approved,0,Online
TXN056020,C098,CRD0152,McDonalds,2026-01-25,51.34,Withdrawal,Approved,0,ATM
TXN056021,C375,CRD0564,DStv,2026-04-26,276.15,Purchase,Approved,0,POS
TXN056022,C440,CRD0671,McDonalds,2026-01-28,52.4,Payment,Approved,0,Online
TXN056023,C449,CRD0682,Clicks,2026-01-28,767.88,Payment,Approved,1,Online
TXN056024,C094,CRD0145,Woolworths,2025-12-18,163.35,Withdrawal,Approved,0,ATM
TXN056025,C315,CRD0465,Google Play,2026-05-28,210.28,Purchase,Approved,0,Online
TXN056026,C102,CRD0157,Google Play,2026-01-20,68.46,Purchase,Approved,0,Online
TXN056027,C501,CRD0755,Takealot,2025-11-26,565.62,Purchase,Approved,0,Online
TXN056028,C332,CRD0495,Loot.co.za,2026-03-13,1155.11,Purchase,Approved,0,Online
TXN056029,C487,CRD0735,Ster-Kinekor,2026-03-25,63.54,Payment,Approved,0,Online
TXN056030,C524,CRD0778,Takealot,2026-03-26,1026.68,Purchase,Approved,0,Online
TXN056031,C011,CRD0018,Spotify,2025-12-06,71.14,Purchase,Approved,0,Online
TXN056032,C135,CRD0204,Wimpy,2026-03-25,105.34,Withdrawal,Approved,0,ATM
TXN056033,C451,CRD0686,Pick n Pay,2026-04-25,740.93,Purchase,Approved,0,POS
TXN056034,C010,CRD0016,Romans Pizza,2026-01-27,110.87,Purchase,Approved,0,POS
TXN056035,C294,CRD0430,Debonairs,2026-02-06,74.0,Withdrawal,Approved,0,ATM
TXN056036,C263,CRD0381,Pep,2025-12-21,362.23,Purchase,Approved,0,POS
TXN056037,C096,CRD0148,Pep,2026-04-21,136.71,Purchase,Approved,0,POS
TXN056038,C116,CRD0177,Google Play,2026-04-19,205.69,Purchase,Approved,0,Online
TXN056039,C057,CRD0089,Gold Reef City,2026-02-26,165.89,Withdrawal,Approved,0,ATM
TXN056040,C515,CRD0769,Spotify,2026-05-18,48.08,Purchase,Declined,0,Online
TXN056041,C096,CRD0149,Pick n Pay,2026-03-17,1167.06,Purchase,Approved,0,POS
TXN056042,C047,CRD0073,Mugg and Bean,2025-12-31,169.43,Purchase,Approved,0,POS
TXN056043,C402,CRD0606,Pep,2026-03-30,430.71,Purchase,Approved,0,ATM
TXN056044,C422,CRD0641,Spotify,2026-03-27,60.48,Purchase,Approved,0,Online
TXN056045,C301,CRD0441,Bash.com,2026-04-04,2209.97,Purchase,Approved,0,Online
TXN056046,C291,CRD0425,Google Play,2025-12-28,87.97,Purchase,Approved,0,Online
TXN056047,C003,CRD0003,KFC,2026-02-19,45.69,Purchase,Approved,0,POS
TXN056048,C515,CRD0769,Debonairs,2026-01-04,173.26,Purchase,Approved,0,POS
TXN056049,C279,CRD0406,Google Play,2026-04-14,231.63,Withdrawal,Approved,0,Online
TXN056050,C076,CRD0119,Netflix,2026-04-15,162.85,Purchase,Approved,0,Online
TXN056051,C306,CRD0449,Faithful to Nature,2026-03-24,2038.93,Withdrawal,Approved,1,Online
TXN056052,C144,CRD0216,Chicken Licken,2026-03-18,44.9,Purchase,Approved,0,ATM
TXN056053,C504,CRD0758,Vida e Caffe,2026-02-20,38.9,Purchase,Approved,0,Online
TXN056054,C545,CRD0799,Debonairs,2026-03-27,221.62,Purchase,Approved,0,Online
TXN056055,C387,CRD0585,Debonairs,2026-02-10,218.53,Purchase,Declined,0,Online
TXN056056,C130,CRD0196,Uber Eats,2025-12-20,65.25,Withdrawal,Approved,0,Online
TXN056057,C229,CRD0333,KFC,2026-04-06,55.23,Withdrawal,Approved,0,ATM
TXN056058,C235,CRD0341,Uber Eats,2026-05-07,144.11,Withdrawal,Approved,0,Online
TXN056059,C245,CRD0354,Woolworths,2025-12-22,1883.67,Purchase,Approved,0,POS
TXN056060,C107,CRD0164,Chicken Licken,2026-03-28,110.66,Purchase,Approved,0,POS
TXN056061,C133,CRD0200,Pick n Pay,2025-12-27,1848.78,Purchase,Approved,0,POS
TXN056062,C514,CRD0768,Checkers,2026-05-15,424.54,Purchase,Approved,0,ATM
TXN056063,C494,CRD0745,Woolworths,2026-03-24,578.87,Purchase,Approved,0,POS
TXN056064,C265,CRD0383,Superbalist,2026-01-26,595.12,Purchase,Declined,0,Online
TXN056065,C116,CRD0177,McDonalds,2026-02-25,182.03,Purchase,Declined,0,POS
TXN056066,C472,CRD0718,Montecasino,2026-03-08,844.38,Purchase,Approved,0,Online
TXN056067,C243,CRD0351,McDonalds,2026-03-11,69.76,Purchase,Approved,0,Online
TXN056068,C282,CRD0409,McDonalds,2026-02-28,119.23,Purchase,Approved,0,POS
TXN056069,C429,CRD0653,Spotify,2026-03-03,56.32,Purchase,Approved,1,Online
TXN056070,C387,CRD0585,Edgars,2025-11-21,175.57,Purchase,Approved,0,POS
TXN056071,C324,CRD0480,Uber Eats,2025-12-25,360.19,Payment,Approved,0,Online
TXN056072,C049,CRD0078,Checkers,2026-05-14,838.64,Refund,Approved,1,POS
TXN056073,C483,CRD0731,Uber Eats,2026-01-16,229.24,Purchase,Approved,0,Online
TXN056074,C311,CRD0457,Debonairs,2026-04-24,81.92,Payment,Approved,0,Online
TXN056075,C069,CRD0108,Vida e Caffe,2026-05-28,123.76,Purchase,Approved,0,ATM
TXN056076,C295,CRD0432,Totalsports,2026-01-15,916.02,Purchase,Approved,0,POS
TXN056077,C399,CRD0601,Faithful to Nature,2025-12-20,1176.4,Purchase,Approved,0,Online
TXN056078,C178,CRD0262,Cape Union Mart,2025-12-06,392.08,Payment,Approved,0,Online
TXN056079,C006,CRD0009,Google Play,2026-02-15,58.27,Payment,Approved,0,Online
TXN056080,C093,CRD0144,KFC,2025-12-23,93.49,Purchase,Approved,0,Online
TXN056081,C263,CRD0381,Gold Reef City,2026-02-27,55.7,Refund,Approved,0,Online
TXN056082,C393,CRD0593,Foschini,2025-12-11,1703.37,Purchase,Declined,0,Online
TXN056083,C442,CRD0673,McDonalds,2026-01-16,84.88,Purchase,Approved,0,POS
TXN056084,C144,CRD0216,Pick n Pay,2026-01-27,359.31,Purchase,Approved,0,POS
TXN056085,C267,CRD0388,Debonairs,2025-12-07,235.16,Withdrawal,Approved,0,ATM
TXN056086,C219,CRD0321,Amazon.co.za,2025-11-23,7599.01,Withdrawal,Approved,1,Online
TXN056087,C403,CRD0608,Incredible Connect,2026-04-13,9679.78,Purchase,Approved,0,POS
TXN056088,C238,CRD0345,Checkers,2026-01-01,2096.46,Purchase,Approved,0,Online
TXN056089,C259,CRD0374,Apple iTunes,2026-04-25,76.27,Withdrawal,Approved,0,Online
TXN056090,C334,CRD0498,Chicken Licken,2026-03-22,150.02,Purchase,Approved,0,ATM
TXN056091,C240,CRD0348,Apple iTunes,2026-03-25,38.98,Purchase,Approved,0,Online
TXN056092,C550,CRD0804,Google Play,2026-03-06,143.95,Purchase,Declined,0,Online
TXN056093,C306,CRD0448,Cape Union Mart,2026-01-31,133.66,Refund,Approved,0,ATM
TXN056094,C113,CRD0173,FlySafair,2026-01-28,538.45,Purchase,Approved,0,ATM
TXN056095,C193,CRD0283,Foschini,2026-02-27,1926.17,Purchase,Approved,0,ATM
TXN056096,C460,CRD0701,Uber Eats,2026-03-06,584.06,Purchase,Approved,1,Online
TXN056097,C475,CRD0721,Mr Price,2025-12-07,742.78,Purchase,Pending,0,POS
TXN056098,C020,CRD0033,Clicks,2026-03-20,288.08,Purchase,Approved,0,POS
TXN056099,C188,CRD0275,Apple iTunes,2025-11-26,59.93,Withdrawal,Approved,0,Online
TXN056100,C111,CRD0169,Uber Eats,2026-04-27,205.68,Withdrawal,Approved,0,Online
TXN056101,C097,CRD0150,Wimpy,2026-01-09,65.6,Purchase,Approved,0,POS
TXN056102,C180,CRD0265,Checkers,2026-04-09,592.25,Payment,Approved,0,Online
TXN056103,C052,CRD0081,Checkers,2025-12-13,1235.83,Purchase,Approved,0,POS
TXN056104,C203,CRD0298,Debonairs,2026-04-27,92.66,Purchase,Approved,0,POS
TXN056105,C162,CRD0241,Dis-Chem,2026-05-06,340.2,Purchase,Declined,0,Online
TXN056106,C114,CRD0174,Pep,2026-01-08,45.86,Purchase,Approved,0,Online
TXN056107,C391,CRD0590,Spotify,2026-02-02,61.48,Purchase,Approved,0,Online
TXN056108,C070,CRD0109,Takealot,2025-12-27,1940.8,Withdrawal,Approved,0,Online
TXN056109,C266,CRD0384,Loot.co.za,2026-01-26,1088.4,Purchase,Pending,0,Online
TXN056110,C258,CRD0372,Chicken Licken,2026-02-10,106.01,Purchase,Approved,0,POS
TXN056111,C434,CRD0661,Nu Metro,2026-02-26,271.18,Purchase,Declined,0,ATM
TXN056112,C400,CRD0604,Incredible Connect,2026-02-15,5183.96,Purchase,Approved,0,POS
TXN056113,C383,CRD0578,Loot.co.za,2026-04-20,1498.51,Purchase,Approved,0,Online
TXN056114,C382,CRD0575,Google Play,2026-02-23,112.24,Purchase,Declined,0,Online
TXN056115,C009,CRD0013,Spur,2026-04-02,384.17,Purchase,Approved,0,Online
TXN056116,C360,CRD0539,Romans Pizza,2026-03-28,98.46,Purchase,Approved,0,ATM
TXN056117,C059,CRD0092,Ster-Kinekor,2025-12-25,83.34,Withdrawal,Approved,0,ATM
TXN056118,C365,CRD0548,Avis SA,2026-02-15,1006.0,Purchase,Declined,0,POS
TXN056119,C373,CRD0561,Clicks,2026-01-13,479.69,Purchase,Approved,0,ATM
TXN056120,C269,CRD0390,Pick n Pay,2025-12-14,1528.39,Purchase,Approved,0,Online
TXN056121,C548,CRD0802,Pep,2026-02-04,123.43,Purchase,Approved,0,POS
TXN056122,C023,CRD0038,KFC,2025-11-28,52.34,Purchase,Approved,0,POS
TXN056123,C062,CRD0095,Europcar,2026-02-27,1433.56,Purchase,Approved,0,POS
TXN056124,C529,CRD0783,Dis-Chem,2026-01-31,729.21,Purchase,Approved,0,Online
TXN056125,C348,CRD0520,Clicks,2026-03-11,263.69,Withdrawal,Approved,0,ATM
TXN056126,C407,CRD0617,Pep,2026-05-03,210.91,Purchase,Approved,0,POS
TXN056127,C249,CRD0361,Dis-Chem,2025-12-27,607.12,Withdrawal,Approved,0,ATM
TXN056128,C122,CRD0185,Google Play,2025-12-07,112.84,Withdrawal,Approved,0,Online
TXN056129,C075,CRD0118,Wimpy,2026-03-25,300.07,Purchase,Approved,0,ATM
TXN056130,C021,CRD0036,Nu Metro,2025-12-26,107.85,Payment,Approved,0,Online
TXN056131,C207,CRD0304,Vida e Caffe,2026-05-26,53.96,Withdrawal,Approved,0,ATM
TXN056132,C172,CRD0254,Romans Pizza,2026-02-04,64.73,Purchase,Approved,0,Online
TXN056133,C241,CRD0349,Apple iTunes,2026-04-21,191.24,Purchase,Approved,0,Online
TXN056134,C532,CRD0786,KFC,2025-12-28,74.59,Purchase,Approved,0,ATM
TXN056135,C227,CRD0330,Spotify,2026-03-26,53.33,Purchase,Approved,1,Online
TXN056136,C469,CRD0713,Vida e Caffe,2025-11-27,32.16,Refund,Pending,0,ATM
TXN056137,C292,CRD0426,Engen,2026-03-28,454.22,Withdrawal,Approved,0,ATM
TXN056138,C311,CRD0458,Chicken Licken,2026-05-18,17.34,Refund,Approved,0,Online
TXN056139,C055,CRD0085,Engen,2026-03-26,346.13,Withdrawal,Approved,0,ATM
TXN056140,C032,CRD0052,Pep,2025-12-23,350.09,Purchase,Approved,0,POS
TXN056141,C395,CRD0595,Loot.co.za,2026-05-10,1794.49,Purchase,Approved,0,Online
TXN056142,C033,CRD0054,Wimpy,2026-04-25,104.0,Purchase,Approved,0,POS
TXN056143,C480,CRD0728,Google Play,2026-01-26,414.4,Purchase,Approved,1,Online
TXN056144,C333,CRD0497,Pep,2025-12-10,33.95,Refund,Approved,0,Online
TXN056145,C414,CRD0628,Ster-Kinekor,2026-04-23,114.86,Purchase,Approved,0,Online
TXN056146,C307,CRD0450,Spotify,2026-01-17,41.45,Purchase,Approved,0,Online
TXN056147,C191,CRD0280,Samsung Store,2026-03-10,2995.38,Payment,Approved,0,Online
TXN056148,C289,CRD0420,Woolworths,2025-11-27,830.6,Purchase,Approved,0,Online
TXN056149,C521,CRD0775,McDonalds,2026-01-27,83.01,Purchase,Approved,0,POS
TXN056150,C197,CRD0290,Clicks,2025-11-30,241.42,Withdrawal,Approved,0,ATM
TXN056151,C534,CRD0788,Clicks,2025-12-26,222.36,Purchase,Approved,0,Online
TXN056152,C177,CRD0260,Pep,2026-02-18,69.53,Purchase,Declined,0,POS
TXN056153,C149,CRD0225,Takealot,2026-01-06,4213.5,Purchase,Approved,0,Online
TXN056154,C406,CRD0615,Vida e Caffe,2025-11-28,57.3,Withdrawal,Approved,0,ATM
TXN056155,C498,CRD0751,Avis SA,2025-11-30,1118.11,Withdrawal,Approved,0,ATM
TXN056156,C124,CRD0187,Chicken Licken,2026-02-12,142.95,Purchase,Approved,0,POS
TXN056157,C048,CRD0074,Cape Union Mart,2026-02-04,733.55,Purchase,Approved,0,Online
TXN056158,C372,CRD0560,KFC,2026-05-07,134.98,Purchase,Approved,0,POS
TXN056159,C070,CRD0109,Apple iTunes,2026-01-16,338.46,Purchase,Approved,0,Online
TXN056160,C189,CRD0277,Superbalist,2026-03-28,288.6,Purchase,Declined,0,Online
TXN056161,C232,CRD0338,TicketPro,2026-01-27,561.38,Withdrawal,Approved,0,ATM
TXN056162,C380,CRD0573,Wimpy,2026-03-11,189.57,Purchase,Approved,0,Online
TXN056163,C258,CRD0372,Checkers,2026-02-27,3334.63,Purchase,Approved,1,POS
TXN056164,C058,CRD0090,Cape Union Mart,2026-04-30,1914.26,Purchase,Approved,0,Online
TXN056165,C475,CRD0721,Mugg and Bean,2025-11-23,80.94,Refund,Approved,0,POS
TXN056166,C355,CRD0534,Faithful to Nature,2026-04-28,352.14,Purchase,Approved,0,Online
TXN056167,C019,CRD0031,Vida e Caffe,2026-01-22,49.92,Purchase,Approved,0,POS
TXN056168,C317,CRD0468,Uber Eats,2026-01-03,228.23,Purchase,Approved,0,Online
TXN056169,C069,CRD0107,Chicken Licken,2025-12-28,124.37,Purchase,Approved,0,POS
TXN056170,C477,CRD0725,Mr Price,2026-03-25,183.94,Purchase,Approved,0,POS
TXN056171,C039,CRD0062,Avis SA,2026-01-10,2968.1,Purchase,Approved,0,POS
TXN056172,C236,CRD0342,Vida e Caffe,2026-03-06,67.0,Purchase,Declined,0,ATM
TXN056173,C262,CRD0380,Spotify,2026-04-20,54.59,Purchase,Approved,0,Online
TXN056174,C360,CRD0539,Mugg and Bean,2026-03-26,121.51,Purchase,Approved,0,Online
TXN056175,C405,CRD0613,Steers,2026-03-10,63.09,Withdrawal,Approved,0,ATM
TXN056176,C066,CRD0102,Chicken Licken,2025-12-22,201.62,Withdrawal,Approved,0,ATM
TXN056177,C325,CRD0483,McDonalds,2025-11-26,171.53,Purchase,Approved,0,Online
TXN056178,C011,CRD0017,Mugg and Bean,2026-04-20,534.39,Purchase,Approved,1,Online
TXN056179,C307,CRD0450,Spotify,2026-03-27,59.85,Purchase,Approved,0,Online
TXN056180,C133,CRD0200,Woolworths,2026-04-22,1350.11,Withdrawal,Approved,0,ATM
TXN056181,C427,CRD0650,Ster-Kinekor,2025-12-26,194.87,Purchase,Declined,0,ATM
TXN056182,C229,CRD0334,Truworths,2026-02-06,463.61,Withdrawal,Declined,0,ATM
TXN056183,C472,CRD0717,Romans Pizza,2026-03-27,110.11,Purchase,Approved,0,POS
TXN056184,C215,CRD0315,TicketPro,2025-12-27,197.6,Refund,Approved,0,Online
TXN056185,C026,CRD0044,Romans Pizza,2026-02-06,188.59,Payment,Approved,0,Online
TXN056186,C433,CRD0660,Pep,2026-03-17,116.24,Purchase,Approved,0,Online
TXN056187,C120,CRD0183,Takealot,2026-03-26,3734.96,Purchase,Approved,0,Online
TXN056188,C083,CRD0127,Europcar,2026-03-29,238.94,Refund,Approved,0,Online
TXN056189,C033,CRD0054,McDonalds,2026-01-28,224.87,Payment,Declined,0,Online
TXN056190,C018,CRD0027,Debonairs,2025-12-04,154.52,Purchase,Approved,0,Online
TXN056191,C070,CRD0110,Pick n Pay,2026-04-22,1521.33,Purchase,Declined,0,POS
TXN056192,C071,CRD0111,Ocean Basket,2025-12-30,275.6,Purchase,Approved,0,POS
TXN056193,C544,CRD0798,Loot.co.za,2025-11-25,1665.69,Withdrawal,Approved,0,Online
TXN056194,C205,CRD0301,Pick n Pay,2025-12-17,1852.48,Purchase,Approved,0,POS
TXN056195,C191,CRD0281,Loot.co.za,2026-05-11,77.45,Purchase,Approved,0,Online
TXN056196,C327,CRD0487,Woolworths,2025-12-13,405.3,Refund,Approved,0,POS
TXN056197,C144,CRD0216,McDonalds,2025-12-02,68.0,Purchase,Approved,0,POS
TXN056198,C365,CRD0546,Steers,2026-02-25,93.13,Payment,Pending,0,Online
TXN056199,C004,CRD0004,Apple iTunes,2026-03-28,172.37,Purchase,Declined,0,Online
TXN056200,C051,CRD0080,Google Play,2026-01-01,91.49,Purchase,Approved,0,Online
TXN056201,C149,CRD0224,Nandos,2026-01-15,220.24,Purchase,Approved,0,POS
TXN056202,C183,CRD0270,Engen,2026-02-16,1270.84,Purchase,Declined,0,POS
TXN056203,C291,CRD0424,Amazon.co.za,2026-03-27,176.95,Withdrawal,Approved,0,Online
TXN056204,C351,CRD0528,Google Play,2025-12-20,104.66,Withdrawal,Declined,0,Online
TXN056205,C061,CRD0094,Ster-Kinekor,2026-03-10,220.19,Purchase,Declined,0,POS
TXN056206,C351,CRD0526,Bash.com,2026-03-05,927.73,Purchase,Approved,0,Online
TXN056207,C138,CRD0209,Loot.co.za,2025-12-16,388.48,Purchase,Approved,0,Online
TXN056208,C082,CRD0126,Uber Eats,2026-01-10,186.46,Purchase,Approved,0,Online
TXN056209,C042,CRD0067,Vida e Caffe,2026-01-25,44.98,Refund,Approved,0,Online
TXN056210,C117,CRD0178,Google Play,2026-04-18,115.73,Withdrawal,Approved,0,Online
TXN056211,C013,CRD0020,Romans Pizza,2025-12-21,212.04,Purchase,Approved,0,POS
TXN056212,C280,CRD0407,Mr Price,2025-12-26,716.67,Payment,Approved,0,Online
TXN056213,C550,CRD0804,Faithful to Nature,2026-02-28,685.14,Purchase,Declined,0,Online
TXN056214,C385,CRD0583,ShowMax,2025-12-27,91.99,Purchase,Approved,0,Online
TXN056215,C345,CRD0516,McDonalds,2025-12-03,81.35,Purchase,Approved,0,POS
TXN056216,C479,CRD0727,Kulula,2026-01-15,741.98,Purchase,Declined,0,POS
TXN056217,C025,CRD0042,Google Play,2026-02-25,283.92,Withdrawal,Approved,0,Online
TXN056218,C498,CRD0751,Avis SA,2025-12-25,2716.29,Purchase,Approved,0,POS
TXN056219,C258,CRD0372,Google Play,2026-03-25,42.17,Purchase,Approved,0,Online
TXN056220,C513,CRD0767,Steers,2026-03-11,151.65,Withdrawal,Approved,0,ATM
TXN056221,C414,CRD0627,Wimpy,2026-05-27,62.39,Refund,Approved,0,Online
TXN056222,C020,CRD0033,Pick n Pay,2026-03-27,85.4,Purchase,Declined,0,POS
TXN056223,C110,CRD0168,Clicks,2025-11-21,476.13,Withdrawal,Approved,0,ATM
TXN056224,C503,CRD0757,FlySafair,2026-04-27,3340.27,Payment,Approved,0,Online
TXN056225,C307,CRD0450,McDonalds,2026-04-29,49.28,Withdrawal,Approved,0,ATM
TXN056226,C063,CRD0097,Foschini,2026-01-20,975.45,Purchase,Approved,0,POS
TXN056227,C202,CRD0297,Clicks,2025-12-12,576.86,Purchase,Approved,0,ATM
TXN056228,C509,CRD0763,McDonalds,2026-03-28,111.98,Withdrawal,Approved,0,ATM
TXN056229,C310,CRD0455,Woolworths,2026-01-16,1756.62,Payment,Approved,0,Online
TXN056230,C530,CRD0784,Nandos,2026-01-28,63.31,Purchase,Approved,0,Online
TXN056231,C377,CRD0568,Romans Pizza,2026-04-30,203.28,Purchase,Approved,0,POS
TXN056232,C496,CRD0749,Google Play,2026-03-25,137.66,Purchase,Approved,0,Online
TXN056233,C179,CRD0263,Apple iTunes,2026-03-25,250.06,Purchase,Approved,0,Online
TXN056234,C365,CRD0547,Vida e Caffe,2025-12-05,56.45,Purchase,Approved,0,Online
TXN056235,C320,CRD0473,Nu Metro,2026-02-02,254.56,Purchase,Approved,0,POS
TXN056236,C300,CRD0439,Woolworths,2026-03-08,1387.21,Purchase,Approved,0,POS
TXN056237,C453,CRD0692,Pep,2026-01-22,183.49,Purchase,Approved,0,Online
TXN056238,C462,CRD0703,Wimpy,2025-12-04,156.38,Withdrawal,Approved,0,ATM
TXN056239,C183,CRD0270,iStore,2026-02-27,24827.88,Purchase,Approved,0,Online
TXN056240,C528,CRD0782,Nandos,2026-03-26,235.91,Withdrawal,Approved,0,ATM
TXN056241,C464,CRD0706,KFC,2026-01-29,42.28,Purchase,Approved,0,POS
TXN056242,C318,CRD0469,Google Play,2026-03-19,109.7,Purchase,Approved,0,Online
TXN056243,C343,CRD0514,Truworths,2025-12-31,1132.87,Purchase,Declined,0,Online
TXN056244,C292,CRD0428,Spur,2026-03-24,228.56,Withdrawal,Declined,0,ATM
TXN056245,C382,CRD0576,Apple iTunes,2025-11-27,144.32,Purchase,Approved,0,Online
TXN056246,C249,CRD0359,BP,2026-04-28,1179.04,Purchase,Approved,0,ATM
TXN056247,C513,CRD0767,Edgars,2026-04-23,1006.83,Payment,Approved,0,Online
TXN056248,C239,CRD0347,Wimpy,2026-01-25,194.18,Purchase,Approved,0,Online
TXN056249,C145,CRD0218,Steers,2026-02-20,142.82,Purchase,Approved,0,Online
TXN056250,C485,CRD0733,Wimpy,2026-04-23,26.75,Refund,Declined,0,POS
TXN056251,C544,CRD0798,ShowMax,2026-04-28,83.76,Purchase,Approved,0,Online
TXN056252,C121,CRD0184,Truworths,2026-03-03,1209.33,Payment,Approved,0,Online
TXN056253,C346,CRD0517,Amazon.co.za,2026-01-27,1138.9,Purchase,Approved,0,Online
TXN056254,C028,CRD0047,Debonairs,2026-02-27,63.57,Refund,Approved,1,POS
TXN056255,C512,CRD0766,McDonalds,2026-02-06,67.73,Withdrawal,Approved,0,ATM
TXN056256,C130,CRD0195,Faithful to Nature,2026-02-03,1184.33,Withdrawal,Approved,0,Online
TXN056257,C302,CRD0442,Google Play,2026-04-09,49.09,Purchase,Approved,0,Online
TXN056258,C292,CRD0427,Pep,2025-12-27,482.56,Withdrawal,Approved,0,ATM
TXN056259,C310,CRD0454,McDonalds,2026-03-25,99.34,Purchase,Approved,0,Online
TXN056260,C188,CRD0276,McDonalds,2026-01-28,114.69,Payment,Approved,0,Online
TXN056261,C312,CRD0461,Google Play,2026-04-01,19.0,Refund,Approved,0,Online
TXN056262,C298,CRD0436,KFC,2026-05-04,72.16,Withdrawal,Approved,0,ATM
TXN056263,C520,CRD0774,Steers,2025-12-22,73.32,Purchase,Approved,0,Online
TXN056264,C076,CRD0119,Pep,2026-02-28,351.31,Payment,Approved,0,Online
TXN056265,C222,CRD0325,Apple iTunes,2026-02-06,38.86,Purchase,Approved,0,Online
TXN056266,C240,CRD0348,TicketPro,2026-01-06,198.57,Refund,Approved,0,ATM
TXN056267,C178,CRD0261,Dis-Chem,2026-04-14,187.3,Purchase,Approved,0,ATM
TXN056268,C242,CRD0350,Pep,2026-05-13,98.07,Purchase,Approved,0,ATM
TXN056269,C360,CRD0539,Google Play,2026-01-06,47.89,Withdrawal,Approved,0,Online
TXN056270,C266,CRD0384,Clicks,2026-02-15,421.01,Purchase,Approved,0,POS
TXN056271,C211,CRD0310,KFC,2026-01-10,59.99,Purchase,Approved,0,POS
TXN056272,C399,CRD0602,Uber Eats,2026-02-02,313.8,Purchase,Approved,0,Online
TXN056273,C311,CRD0458,Checkers,2026-03-25,1290.54,Purchase,Approved,0,Online
TXN056274,C379,CRD0571,DStv,2026-01-26,604.25,Purchase,Approved,0,POS
TXN056275,C227,CRD0330,Google Play,2026-04-11,63.23,Purchase,Approved,0,Online
TXN056276,C431,CRD0656,Game,2026-03-01,1186.58,Refund,Pending,0,Online
TXN056277,C479,CRD0727,Vida e Caffe,2026-05-26,55.48,Purchase,Approved,0,Online
TXN056278,C373,CRD0561,Wimpy,2025-11-25,200.05,Purchase,Approved,0,POS
TXN056279,C339,CRD0508,Google Play,2026-05-15,290.79,Purchase,Approved,0,Online
TXN056280,C256,CRD0369,Steers,2025-12-16,58.75,Payment,Approved,0,Online
TXN056281,C092,CRD0143,Zando,2026-03-08,2778.41,Payment,Approved,0,Online
TXN056282,C116,CRD0177,Chicken Licken,2025-12-25,74.47,Purchase,Approved,0,POS
TXN056283,C309,CRD0453,Uber Eats,2026-02-26,299.12,Withdrawal,Declined,0,Online
TXN056284,C165,CRD0244,Edgars,2026-01-18,1451.94,Purchase,Approved,0,Online
TXN056285,C466,CRD0709,Pep,2026-05-12,296.5,Purchase,Approved,0,Online
TXN056286,C204,CRD0299,Steers,2025-11-26,150.39,Purchase,Approved,0,POS
TXN056287,C510,CRD0764,Google Play,2026-03-27,79.42,Purchase,Approved,0,Online
TXN056288,C347,CRD0518,Uber Eats,2026-01-11,134.11,Withdrawal,Declined,0,Online
TXN056289,C066,CRD0101,McDonalds,2026-02-14,69.55,Purchase,Approved,0,POS
TXN056290,C065,CRD0100,DStv,2025-12-14,100.69,Purchase,Approved,0,POS
TXN056291,C477,CRD0725,Clicks,2026-05-14,103.1,Purchase,Approved,0,Online
TXN056292,C400,CRD0604,Netflix,2026-01-30,145.46,Purchase,Approved,0,Online
TXN056293,C258,CRD0373,Amazon.co.za,2025-12-26,4311.79,Purchase,Approved,0,Online
TXN056294,C334,CRD0498,Gold Reef City,2025-12-14,401.75,Purchase,Approved,0,Online
TXN056295,C359,CRD0538,Vida e Caffe,2026-05-28,43.38,Purchase,Approved,0,ATM
TXN056296,C475,CRD0721,Ster-Kinekor,2025-11-27,62.94,Purchase,Approved,0,POS
TXN056297,C319,CRD0470,TicketPro,2026-01-28,101.18,Purchase,Approved,0,Online
TXN056298,C519,CRD0773,Pick n Pay,2026-04-25,1594.19,Purchase,Approved,0,Online
TXN056299,C306,CRD0448,Apple iTunes,2026-03-05,203.78,Purchase,Approved,0,Online
TXN056300,C180,CRD0265,Faithful to Nature,2026-04-29,453.58,Purchase,Approved,0,Online
TXN056301,C378,CRD0570,Truworths,2026-04-13,306.65,Purchase,Approved,0,Online
TXN056302,C310,CRD0454,Steers,2026-05-12,102.2,Purchase,Approved,0,POS
TXN056303,C001,CRD0001,Builders Warehouse,2026-01-23,11680.37,Purchase,Pending,0,Online
TXN056304,C371,CRD0559,KFC,2026-05-10,38.88,Payment,Approved,0,Online
TXN056305,C404,CRD0609,Takealot,2026-03-11,1544.45,Purchase,Approved,0,Online
TXN056306,C060,CRD0093,Vida e Caffe,2026-03-14,64.46,Purchase,Approved,0,POS
TXN056307,C402,CRD0606,Totalsports,2026-01-27,2073.38,Purchase,Approved,0,POS
TXN056308,C502,CRD0756,McDonalds,2026-04-21,119.29,Purchase,Declined,0,POS
TXN056309,C046,CRD0071,McDonalds,2026-01-31,59.95,Purchase,Approved,0,POS
TXN056310,C409,CRD0620,McDonalds,2026-04-25,203.89,Purchase,Approved,0,POS
TXN056311,C385,CRD0583,Pep,2026-03-31,142.24,Payment,Approved,0,Online
TXN056312,C173,CRD0256,Spur,2026-04-12,459.47,Purchase,Approved,0,POS
TXN056313,C037,CRD0058,Checkers,2025-12-27,1362.87,Purchase,Approved,0,POS
TXN056314,C166,CRD0246,Chicken Licken,2025-12-28,168.3,Withdrawal,Approved,0,ATM
TXN056315,C130,CRD0196,Uber Eats,2026-01-11,78.64,Purchase,Approved,0,Online
TXN056316,C544,CRD0798,DStv,2026-04-25,562.91,Purchase,Approved,0,ATM
TXN056317,C166,CRD0247,Edgars,2026-01-15,1727.86,Purchase,Approved,0,Online
TXN056318,C383,CRD0579,McDonalds,2026-03-27,55.34,Purchase,Approved,0,POS
TXN056319,C323,CRD0479,Google Play,2026-03-05,56.15,Purchase,Approved,0,Online
TXN056320,C345,CRD0516,Montecasino,2025-12-18,2247.24,Purchase,Approved,1,POS
TXN056321,C523,CRD0777,Wimpy,2026-03-13,181.86,Purchase,Approved,0,POS
TXN056322,C390,CRD0589,Takealot,2025-12-27,788.22,Purchase,Approved,0,Online
TXN056323,C539,CRD0793,FlySafair,2026-03-14,1619.25,Purchase,Approved,0,POS
TXN056324,C210,CRD0309,Steers,2026-03-24,84.13,Purchase,Approved,0,POS
TXN056325,C032,CRD0052,Debonairs,2026-01-29,70.26,Purchase,Approved,0,Online
TXN056326,C396,CRD0596,Google Play,2026-02-04,385.72,Purchase,Approved,1,Online
TXN056327,C353,CRD0531,Pep,2025-12-25,456.49,Purchase,Approved,0,POS
TXN056328,C203,CRD0298,ShowMax,2026-04-30,19.0,Refund,Approved,0,Online
TXN056329,C285,CRD0415,Dis-Chem,2025-12-29,878.01,Purchase,Approved,0,ATM
TXN056330,C440,CRD0671,Pick n Pay,2026-04-25,245.42,Purchase,Approved,0,Online
TXN056331,C036,CRD0057,McDonalds,2026-02-20,80.44,Purchase,Approved,0,POS
TXN056332,C057,CRD0088,McDonalds,2026-03-10,57.56,Withdrawal,Declined,0,ATM
TXN056333,C182,CRD0267,KFC,2025-11-27,87.24,Withdrawal,Declined,0,ATM
TXN056334,C074,CRD0115,Wimpy,2026-05-06,341.42,Purchase,Approved,0,Online
TXN056335,C393,CRD0593,Cape Union Mart,2026-04-01,2229.71,Withdrawal,Approved,0,ATM
TXN056336,C353,CRD0531,Google Play,2026-04-14,25.79,Purchase,Approved,0,Online
TXN056337,C113,CRD0173,Checkers,2026-03-15,1654.53,Withdrawal,Approved,0,ATM
TXN056338,C451,CRD0685,McDonalds,2026-05-17,50.26,Purchase,Approved,0,POS
TXN056339,C405,CRD0611,KFC,2026-03-14,50.24,Purchase,Approved,0,POS
TXN056340,C299,CRD0438,Debonairs,2026-03-15,167.67,Purchase,Declined,0,POS
TXN056341,C535,CRD0789,Debonairs,2025-12-12,66.93,Refund,Approved,1,POS
TXN056342,C058,CRD0091,Steers,2026-03-25,92.33,Withdrawal,Approved,0,ATM
TXN056343,C029,CRD0049,Amazon.co.za,2025-12-17,2299.84,Purchase,Approved,0,Online
TXN056344,C285,CRD0415,Vida e Caffe,2026-01-21,43.62,Payment,Approved,0,Online
TXN056345,C029,CRD0049,Checkers,2026-03-28,1614.85,Purchase,Approved,0,Online
TXN056346,C367,CRD0551,Google Play,2025-12-27,90.02,Purchase,Approved,0,Online
TXN056347,C383,CRD0578,Checkers,2026-04-26,1551.8,Purchase,Approved,0,POS
TXN056348,C399,CRD0601,Clicks,2026-04-13,660.25,Payment,Approved,0,Online
TXN056349,C468,CRD0712,Uber Eats,2025-12-06,96.31,Refund,Approved,0,Online
TXN056350,C295,CRD0432,Google Play,2026-05-07,138.95,Withdrawal,Approved,0,Online
TXN056351,C544,CRD0798,Vida e Caffe,2026-03-03,43.62,Purchase,Approved,0,POS
TXN056352,C093,CRD0144,KFC,2026-04-17,67.42,Purchase,Approved,0,Online
TXN056353,C100,CRD0154,Romans Pizza,2025-12-20,82.07,Withdrawal,Approved,0,ATM
TXN056354,C115,CRD0176,Romans Pizza,2026-04-27,183.09,Purchase,Approved,0,POS
TXN056355,C122,CRD0185,Pep,2026-05-15,184.81,Purchase,Approved,0,Online
TXN056356,C450,CRD0684,TicketPro,2026-03-27,212.44,Purchase,Approved,0,POS
TXN056357,C377,CRD0569,Nandos,2026-04-22,119.89,Purchase,Approved,0,Online
TXN056358,C450,CRD0684,Game,2025-12-26,615.96,Purchase,Approved,0,POS
TXN056359,C406,CRD0614,Amazon.co.za,2026-03-15,609.87,Refund,Declined,0,Online
TXN056360,C547,CRD0801,Pep,2026-04-27,52.32,Withdrawal,Approved,0,ATM
TXN056361,C516,CRD0770,Nandos,2026-02-02,83.94,Purchase,Pending,0,Online
TXN056362,C069,CRD0106,Spur,2026-02-27,331.17,Purchase,Approved,0,Online
TXN056363,C140,CRD0212,Pep,2026-03-24,316.01,Purchase,Approved,0,ATM
TXN056364,C365,CRD0548,Spotify,2026-02-22,69.32,Payment,Approved,0,Online
TXN056365,C270,CRD0391,Dis-Chem,2026-04-21,635.72,Withdrawal,Approved,0,ATM
TXN056366,C353,CRD0530,Superbalist,2026-03-31,2070.98,Purchase,Approved,0,Online
TXN056367,C095,CRD0146,Incredible Connect,2026-03-18,7195.81,Withdrawal,Approved,0,ATM
TXN056368,C066,CRD0101,Pick n Pay,2026-05-26,922.48,Purchase,Approved,0,Online
TXN056369,C149,CRD0225,Apple iTunes,2026-02-18,424.5,Purchase,Approved,0,Online
TXN056370,C199,CRD0293,Dis-Chem,2026-05-15,1056.29,Purchase,Approved,0,ATM
TXN056371,C459,CRD0699,Dis-Chem,2026-02-25,400.51,Purchase,Approved,0,Online
TXN056372,C080,CRD0123,Spotify,2026-01-31,48.81,Purchase,Approved,1,Online
TXN056373,C194,CRD0285,KFC,2026-04-27,51.71,Withdrawal,Approved,0,ATM
TXN056374,C519,CRD0773,KFC,2026-04-27,79.21,Payment,Approved,0,Online
TXN056375,C338,CRD0505,DStv,2026-01-28,168.35,Purchase,Approved,0,Online
TXN056376,C408,CRD0619,KFC,2025-12-02,146.45,Purchase,Approved,0,Online
TXN056377,C181,CRD0266,Takealot,2026-02-09,4918.72,Purchase,Approved,0,Online
TXN056378,C032,CRD0053,Apple iTunes,2026-03-06,464.08,Purchase,Approved,0,Online
TXN056379,C308,CRD0451,Woolworths,2026-02-10,2754.59,Purchase,Approved,1,POS
TXN056380,C027,CRD0045,Dis-Chem,2026-05-09,480.83,Purchase,Declined,0,Online
TXN056381,C091,CRD0142,McDonalds,2026-01-03,54.24,Purchase,Approved,0,POS
TXN056382,C119,CRD0180,Takealot,2025-12-27,2037.77,Payment,Approved,0,Online
TXN056383,C311,CRD0459,Apple iTunes,2025-12-20,81.91,Withdrawal,Approved,0,Online
TXN056384,C514,CRD0768,Loot.co.za,2026-03-31,1795.21,Payment,Approved,0,Online
TXN056385,C049,CRD0078,Wimpy,2026-03-04,93.77,Purchase,Approved,0,POS
TXN056386,C542,CRD0796,Faithful to Nature,2026-02-14,134.17,Refund,Approved,0,Online
TXN056387,C385,CRD0582,Nu Metro,2025-12-25,212.19,Purchase,Approved,0,POS
TXN056388,C365,CRD0546,Mr Price,2026-02-06,1089.47,Purchase,Approved,0,POS
TXN056389,C453,CRD0690,Clicks,2026-05-27,50.01,Refund,Approved,0,POS
TXN056390,C475,CRD0721,Netflix,2026-03-27,137.06,Purchase,Approved,0,Online
TXN056391,C545,CRD0799,Nandos,2026-04-15,190.84,Purchase,Approved,0,ATM
TXN056392,C335,CRD0502,Wimpy,2026-03-26,16.18,Refund,Approved,0,POS
TXN056393,C333,CRD0497,Takealot,2026-02-02,591.32,Purchase,Approved,0,Online
TXN056394,C525,CRD0779,McDonalds,2026-01-27,71.92,Purchase,Approved,0,Online
TXN056395,C462,CRD0703,Apple iTunes,2026-05-17,306.99,Purchase,Approved,0,Online
TXN056396,C327,CRD0487,Steers,2026-01-17,103.75,Purchase,Declined,0,POS
TXN056397,C538,CRD0792,Loot.co.za,2025-12-10,290.16,Withdrawal,Approved,0,Online
TXN056398,C098,CRD0152,SAA,2026-03-20,4343.07,Purchase,Approved,0,POS
TXN056399,C519,CRD0773,Woolworths,2026-04-25,658.63,Purchase,Pending,0,POS
TXN056400,C114,CRD0174,Steers,2026-02-14,90.66,Withdrawal,Approved,0,ATM
TXN056401,C318,CRD0469,Nu Metro,2026-04-28,30.39,Refund,Approved,0,Online
TXN056402,C228,CRD0331,DStv,2026-01-21,146.52,Purchase,Approved,0,Online
TXN056403,C242,CRD0350,Kulula,2026-01-28,2194.93,Purchase,Approved,0,POS
TXN056404,C163,CRD0242,Google Play,2026-03-28,68.79,Purchase,Approved,0,Online
TXN056405,C012,CRD0019,Netflix,2026-03-25,152.72,Purchase,Approved,0,Online
TXN056406,C112,CRD0172,McDonalds,2026-04-06,42.84,Purchase,Approved,0,POS
TXN056407,C205,CRD0300,Pep,2026-04-17,110.48,Purchase,Approved,0,ATM
TXN056408,C063,CRD0096,Google Play,2026-02-26,81.55,Purchase,Approved,0,Online
TXN056409,C261,CRD0378,Pick n Pay,2025-12-23,2537.75,Purchase,Declined,0,POS
TXN056410,C124,CRD0187,Apple iTunes,2026-03-11,269.03,Purchase,Approved,0,Online
TXN056411,C393,CRD0592,Checkers,2025-12-14,640.02,Purchase,Approved,0,POS
TXN056412,C055,CRD0085,Uber Eats,2026-01-23,39.96,Refund,Approved,0,Online
TXN056413,C225,CRD0328,Faithful to Nature,2025-11-28,1791.43,Withdrawal,Approved,0,Online
TXN056414,C492,CRD0742,Samsung Store,2026-01-17,5629.67,Purchase,Approved,0,Online
TXN056415,C458,CRD0698,Checkers,2025-11-21,674.64,Payment,Declined,0,Online
TXN056416,C391,CRD0590,ShowMax,2026-03-13,110.27,Purchase,Approved,0,Online
TXN056417,C293,CRD0429,Cape Union Mart,2026-02-02,1429.27,Purchase,Approved,0,Online
TXN056418,C383,CRD0578,Clicks,2026-03-21,350.86,Purchase,Approved,0,ATM
TXN056419,C092,CRD0143,Dis-Chem,2026-03-02,981.4,Purchase,Approved,0,POS
TXN056420,C305,CRD0447,Google Play,2025-12-05,94.44,Refund,Declined,0,Online
TXN056421,C385,CRD0581,Google Play,2026-01-13,94.93,Purchase,Approved,0,Online
TXN056422,C188,CRD0275,Loot.co.za,2026-04-25,89.81,Purchase,Approved,0,Online
TXN056423,C158,CRD0236,Montecasino,2026-05-08,1341.37,Purchase,Approved,0,POS
TXN056424,C541,CRD0795,Takealot,2026-04-27,2095.79,Purchase,Pending,0,Online
TXN056425,C308,CRD0452,Debonairs,2026-04-03,267.52,Purchase,Approved,0,POS
TXN056426,C134,CRD0202,Mr Price,2026-01-03,239.17,Withdrawal,Approved,0,ATM
TXN056427,C084,CRD0128,Engen,2026-02-28,363.53,Withdrawal,Approved,0,ATM
TXN056428,C195,CRD0287,Bash.com,2026-01-03,2069.14,Purchase,Approved,0,Online
TXN056429,C006,CRD0009,Pep,2026-04-25,113.01,Purchase,Approved,0,POS
TXN056430,C255,CRD0368,Chicken Licken,2025-12-04,49.21,Withdrawal,Approved,0,ATM
TXN056431,C291,CRD0425,Apple iTunes,2026-03-09,37.34,Purchase,Approved,0,Online
TXN056432,C091,CRD0141,Game,2026-01-03,2384.52,Withdrawal,Approved,0,ATM
TXN056433,C376,CRD0566,Ocean Basket,2026-04-27,595.36,Purchase,Approved,0,POS
TXN056434,C251,CRD0363,Ocean Basket,2025-12-26,299.3,Purchase,Approved,0,POS
TXN056435,C420,CRD0639,Superbalist,2026-01-01,2964.78,Purchase,Declined,0,Online
TXN056436,C382,CRD0576,Debonairs,2026-04-04,99.53,Purchase,Declined,0,POS
TXN056437,C207,CRD0305,McDonalds,2026-05-01,323.47,Purchase,Approved,1,POS
TXN056438,C049,CRD0078,Google Play,2025-11-25,155.91,Purchase,Approved,0,Online
TXN056439,C300,CRD0440,Clicks,2026-03-25,102.62,Purchase,Approved,0,POS
TXN056440,C374,CRD0562,Game,2026-04-21,2329.43,Purchase,Approved,0,POS
TXN056441,C446,CRD0678,Uber Eats,2026-04-06,83.33,Purchase,Approved,0,Online
TXN056442,C458,CRD0698,Spur,2026-03-27,214.88,Purchase,Approved,0,POS
TXN056443,C399,CRD0601,Dis-Chem,2026-01-03,415.25,Withdrawal,Approved,0,ATM
TXN056444,C045,CRD0070,Checkers,2026-01-30,269.7,Purchase,Approved,0,ATM
TXN056445,C448,CRD0681,Google Play,2026-03-25,160.31,Purchase,Approved,0,Online
TXN056446,C453,CRD0691,Takealot,2026-01-28,830.55,Purchase,Approved,0,Online
TXN056447,C335,CRD0501,Vida e Caffe,2025-11-29,111.27,Withdrawal,Approved,0,ATM
TXN056448,C023,CRD0038,KFC,2026-01-28,82.3,Purchase,Declined,0,POS
TXN056449,C453,CRD0691,Loot.co.za,2026-01-26,1264.83,Purchase,Approved,0,Online
TXN056450,C043,CRD0068,Nu Metro,2026-01-25,189.45,Purchase,Declined,0,POS
TXN056451,C476,CRD0724,Cape Union Mart,2026-03-05,435.1,Purchase,Approved,0,Online
TXN056452,C521,CRD0775,Clicks,2026-02-19,553.01,Purchase,Approved,0,Online
TXN056453,C321,CRD0476,FlySafair,2026-05-15,2093.22,Purchase,Approved,0,POS
TXN056454,C033,CRD0054,Shell,2026-02-25,374.06,Purchase,Approved,0,Online
TXN056455,C147,CRD0222,Nu Metro,2026-04-24,280.29,Purchase,Approved,0,POS
TXN056456,C010,CRD0016,Loot.co.za,2026-01-18,1314.01,Purchase,Approved,0,Online
TXN056457,C278,CRD0402,Pick n Pay,2025-12-05,1102.65,Purchase,Declined,0,POS
TXN056458,C467,CRD0711,Chicken Licken,2025-12-01,187.71,Withdrawal,Approved,0,ATM
TXN056459,C310,CRD0454,Loot.co.za,2026-02-13,348.49,Purchase,Approved,0,Online
TXN056460,C226,CRD0329,TicketPro,2025-12-25,1016.79,Purchase,Approved,0,POS
TXN056461,C093,CRD0144,Spur,2026-05-17,347.31,Purchase,Approved,0,ATM
TXN056462,C234,CRD0340,Pep,2026-04-28,123.43,Purchase,Approved,0,Online
TXN056463,C434,CRD0661,Steers,2026-03-09,65.92,Purchase,Approved,0,Online
TXN056464,C055,CRD0086,Nandos,2026-01-12,125.65,Purchase,Declined,0,POS
TXN056465,C542,CRD0796,Clicks,2026-01-25,47.19,Purchase,Approved,0,Online
TXN056466,C129,CRD0194,Edgars,2026-05-08,1849.79,Purchase,Approved,1,POS
TXN056467,C413,CRD0625,Chicken Licken,2026-04-05,162.95,Purchase,Declined,0,POS
TXN056468,C218,CRD0320,Mugg and Bean,2026-03-30,225.37,Withdrawal,Declined,0,ATM
TXN056469,C547,CRD0801,Steers,2026-01-25,137.95,Purchase,Approved,0,Online
TXN056470,C202,CRD0297,Loot.co.za,2026-02-27,2434.43,Purchase,Approved,0,Online
TXN056471,C279,CRD0404,Google Play,2025-11-28,47.35,Purchase,Approved,0,Online
TXN056472,C545,CRD0799,McDonalds,2025-12-28,98.8,Purchase,Approved,0,Online
TXN056473,C351,CRD0528,Sportsmans Whouse,2026-02-28,5985.26,Purchase,Approved,1,Online
TXN056474,C242,CRD0350,Spur,2026-03-08,109.53,Purchase,Approved,0,Online
TXN056475,C118,CRD0179,Apple iTunes,2026-03-11,264.14,Withdrawal,Approved,0,Online
TXN056476,C332,CRD0496,Spotify,2025-12-26,52.25,Purchase,Approved,1,Online
TXN056477,C048,CRD0074,Debonairs,2026-04-16,219.7,Purchase,Approved,0,POS
TXN056478,C348,CRD0521,Wimpy,2026-01-27,113.28,Purchase,Approved,0,POS
TXN056479,C377,CRD0569,Clicks,2026-04-26,100.12,Withdrawal,Approved,0,ATM
TXN056480,C168,CRD0249,Pep,2026-03-06,186.34,Purchase,Approved,0,Online
TXN056481,C520,CRD0774,Clicks,2026-05-01,125.12,Purchase,Approved,0,POS
TXN056482,C084,CRD0128,Google Play,2026-05-16,95.05,Withdrawal,Approved,0,Online
TXN056483,C405,CRD0613,Game,2026-03-12,499.75,Purchase,Approved,0,ATM
TXN056484,C353,CRD0531,Apple iTunes,2026-05-26,484.16,Purchase,Approved,0,Online
TXN056485,C468,CRD0712,KFC,2026-01-25,49.98,Purchase,Approved,0,Online
TXN056486,C010,CRD0015,Vida e Caffe,2026-03-25,59.23,Purchase,Approved,0,POS
TXN056487,C230,CRD0335,DStv,2026-01-25,411.08,Purchase,Approved,0,POS
TXN056488,C435,CRD0662,Mr Price,2026-05-06,28.94,Refund,Approved,0,Online
TXN056489,C305,CRD0447,Checkers,2026-04-11,69.85,Purchase,Approved,0,Online
TXN056490,C301,CRD0441,Takealot,2026-02-01,2022.36,Withdrawal,Approved,0,Online
TXN056491,C335,CRD0502,Google Play,2025-12-06,172.2,Purchase,Approved,0,Online
TXN056492,C162,CRD0240,Makro,2025-11-27,1197.93,Withdrawal,Approved,0,ATM
TXN056493,C521,CRD0775,Clicks,2026-05-16,513.85,Withdrawal,Approved,0,ATM
TXN056494,C293,CRD0429,ShowMax,2025-12-05,108.1,Purchase,Approved,0,Online
TXN056495,C025,CRD0042,Pep,2026-04-28,529.76,Withdrawal,Approved,1,ATM
TXN056496,C207,CRD0305,Nu Metro,2026-04-13,89.26,Purchase,Approved,0,POS
TXN056497,C081,CRD0124,Vida e Caffe,2025-12-29,149.82,Purchase,Approved,0,ATM
TXN056498,C420,CRD0638,Uber Eats,2026-04-12,313.65,Purchase,Approved,0,Online
TXN056499,C279,CRD0404,Nu Metro,2026-05-10,64.97,Purchase,Approved,0,POS
TXN056500,C540,CRD0794,Takealot,2025-12-16,3579.11,Purchase,Approved,0,Online
TXN056501,C468,CRD0712,Truworths,2025-12-09,1589.15,Purchase,Approved,0,POS
TXN056502,C295,CRD0431,Google Play,2026-03-27,60.39,Purchase,Approved,0,Online
TXN056503,C461,CRD0702,BP,2026-01-28,818.11,Purchase,Approved,0,Online
TXN056504,C370,CRD0556,Pep,2026-03-01,349.94,Purchase,Approved,0,ATM
TXN056505,C200,CRD0295,Google Play,2025-12-23,39.98,Purchase,Approved,0,Online
TXN056506,C416,CRD0631,Dis-Chem,2025-12-06,1081.89,Purchase,Declined,0,Online
TXN056507,C165,CRD0244,Nu Metro,2026-04-19,84.95,Withdrawal,Approved,0,ATM
TXN056508,C450,CRD0683,Nu Metro,2026-02-14,103.55,Purchase,Approved,0,POS
TXN056509,C254,CRD0367,TicketPro,2026-03-09,943.54,Purchase,Declined,0,POS
TXN056510,C406,CRD0615,Uber Eats,2026-02-27,345.46,Payment,Approved,0,Online
TXN056511,C407,CRD0617,Apple iTunes,2026-03-26,199.93,Purchase,Approved,0,Online
TXN056512,C089,CRD0136,Nu Metro,2026-04-25,65.18,Purchase,Approved,0,POS
TXN056513,C285,CRD0414,KFC,2026-05-10,145.98,Purchase,Approved,0,Online
TXN056514,C435,CRD0662,Google Play,2026-05-18,38.36,Purchase,Declined,0,Online
TXN056515,C200,CRD0294,Checkers,2026-01-28,251.52,Purchase,Approved,0,POS
TXN056516,C290,CRD0423,Chicken Licken,2026-03-13,144.02,Purchase,Approved,0,POS
TXN056517,C485,CRD0733,Mr Price,2026-04-28,1117.94,Purchase,Approved,0,POS
TXN056518,C340,CRD0510,Pep,2026-02-24,298.41,Purchase,Approved,0,POS
TXN056519,C288,CRD0419,Foschini,2026-01-22,315.34,Purchase,Approved,0,Online
TXN056520,C189,CRD0277,Gold Reef City,2025-12-27,150.67,Purchase,Declined,0,Online
TXN056521,C490,CRD0740,Google Play,2026-01-31,147.99,Purchase,Approved,0,Online
TXN056522,C191,CRD0280,Netflix,2026-02-26,133.48,Purchase,Approved,0,Online
TXN056523,C509,CRD0763,Google Play,2026-05-12,23.26,Purchase,Approved,0,Online
TXN056524,C086,CRD0130,Apple iTunes,2025-12-31,11.72,Refund,Approved,0,Online
TXN056525,C051,CRD0080,Pep,2026-05-25,114.42,Purchase,Approved,0,POS
TXN056526,C285,CRD0414,Apple iTunes,2026-02-04,40.78,Withdrawal,Declined,0,Online
TXN056527,C241,CRD0349,Google Play,2026-05-14,154.06,Payment,Approved,0,Online
TXN056528,C405,CRD0612,Cape Union Mart,2026-03-07,1568.67,Purchase,Approved,0,POS
TXN056529,C056,CRD0087,Montecasino,2025-12-27,1661.54,Purchase,Approved,0,Online
TXN056530,C279,CRD0406,Ster-Kinekor,2025-11-26,154.16,Purchase,Approved,0,Online
TXN056531,C096,CRD0149,Takealot,2026-02-02,2715.21,Purchase,Approved,0,Online
TXN056532,C070,CRD0109,Apple iTunes,2026-03-31,305.44,Withdrawal,Approved,0,Online
TXN056533,C321,CRD0474,FlySafair,2025-12-26,954.73,Refund,Approved,0,ATM
TXN056534,C119,CRD0180,Google Play,2026-01-03,43.85,Purchase,Approved,0,Online
TXN056535,C061,CRD0094,Debonairs,2026-01-26,119.29,Payment,Approved,0,Online
TXN056536,C427,CRD0650,Nandos,2026-03-10,199.77,Purchase,Approved,0,Online
TXN056537,C408,CRD0618,Takealot,2026-01-06,1940.24,Purchase,Approved,0,Online
TXN056538,C318,CRD0469,Sportsmans Whouse,2026-02-15,2940.53,Purchase,Approved,0,POS
TXN056539,C057,CRD0089,Pep,2026-05-17,157.74,Purchase,Approved,0,POS
TXN056540,C049,CRD0077,KFC,2026-03-28,35.51,Purchase,Approved,0,POS
TXN056541,C332,CRD0496,Clicks,2026-03-01,260.6,Withdrawal,Approved,0,ATM
TXN056542,C106,CRD0162,Google Play,2026-01-31,207.59,Purchase,Approved,0,Online
TXN056543,C057,CRD0089,Clicks,2025-12-22,73.5,Purchase,Approved,0,Online
TXN056544,C215,CRD0315,Checkers,2026-01-25,881.62,Purchase,Approved,0,POS
TXN056545,C416,CRD0631,Debonairs,2025-12-28,169.07,Purchase,Approved,0,POS
TXN056546,C024,CRD0040,Romans Pizza,2026-03-13,87.66,Purchase,Approved,0,Online
TXN056547,C459,CRD0699,Edgars,2025-12-08,376.63,Purchase,Approved,0,Online
TXN056548,C412,CRD0624,Pep,2025-11-21,140.81,Purchase,Approved,0,POS
TXN056549,C149,CRD0225,Clicks,2026-05-10,337.98,Purchase,Approved,0,ATM
TXN056550,C069,CRD0107,Clicks,2026-04-23,451.7,Withdrawal,Approved,0,ATM
TXN056551,C400,CRD0604,McDonalds,2025-12-12,120.81,Purchase,Approved,0,POS
TXN056552,C434,CRD0661,Samsung Store,2025-12-28,10697.63,Purchase,Approved,0,POS
TXN056553,C479,CRD0727,Engen,2026-01-26,1569.07,Payment,Approved,0,Online
TXN056554,C154,CRD0232,Google Play,2026-01-26,306.73,Payment,Approved,1,Online
TXN056555,C116,CRD0177,Game,2026-01-30,1486.35,Purchase,Approved,0,Online
TXN056556,C089,CRD0135,Pick n Pay,2025-12-26,1428.14,Purchase,Approved,0,POS
TXN056557,C446,CRD0679,Apple iTunes,2026-03-18,436.73,Payment,Approved,0,Online
TXN056558,C090,CRD0138,Chicken Licken,2026-05-04,97.16,Withdrawal,Approved,0,ATM
TXN056559,C099,CRD0153,Woolworths,2026-04-03,443.74,Refund,Approved,0,Online
TXN056560,C390,CRD0589,Bash.com,2026-03-04,961.53,Withdrawal,Approved,0,Online
TXN056561,C060,CRD0093,Steers,2026-03-04,183.62,Purchase,Approved,0,POS
TXN056562,C072,CRD0113,Truworths,2026-05-17,1313.7,Withdrawal,Approved,0,ATM
TXN056563,C366,CRD0550,Clicks,2026-01-25,540.86,Purchase,Approved,0,POS
TXN056564,C332,CRD0495,Chicken Licken,2026-02-03,48.48,Purchase,Approved,0,POS
TXN056565,C261,CRD0378,KFC,2025-12-20,190.57,Withdrawal,Approved,0,ATM
TXN056566,C496,CRD0749,FlySafair,2026-03-28,2299.15,Purchase,Approved,0,POS
TXN056567,C063,CRD0096,Pep,2026-04-01,93.05,Payment,Approved,0,Online
TXN056568,C446,CRD0677,Nu Metro,2026-01-19,106.95,Payment,Approved,0,Online
TXN056569,C250,CRD0362,Dis-Chem,2025-12-21,514.66,Purchase,Approved,0,POS
TXN056570,C402,CRD0606,Ster-Kinekor,2026-05-15,127.04,Purchase,Approved,0,POS
TXN056571,C224,CRD0327,Cape Union Mart,2026-03-11,841.26,Purchase,Approved,0,POS
TXN056572,C390,CRD0588,DStv,2026-03-25,196.26,Purchase,Approved,0,POS
TXN056573,C425,CRD0644,TicketPro,2026-03-08,422.45,Purchase,Approved,0,POS
TXN056574,C404,CRD0609,Google Play,2026-01-26,124.81,Withdrawal,Approved,0,Online
TXN056575,C052,CRD0081,Faithful to Nature,2026-01-05,900.56,Purchase,Approved,0,Online
TXN056576,C261,CRD0378,Google Play,2026-03-15,184.83,Purchase,Approved,0,Online
TXN056577,C343,CRD0514,Google Play,2026-04-25,97.76,Payment,Approved,0,Online
TXN056578,C366,CRD0549,Chicken Licken,2026-02-20,72.99,Purchase,Approved,0,ATM
TXN056579,C284,CRD0413,Clicks,2026-04-13,582.08,Purchase,Approved,0,POS
TXN056580,C141,CRD0213,Dis-Chem,2025-12-28,552.68,Purchase,Approved,0,POS
TXN056581,C263,CRD0381,Steers,2025-12-28,176.51,Withdrawal,Approved,0,ATM
TXN056582,C549,CRD0803,BP,2026-01-26,294.31,Withdrawal,Approved,0,ATM
TXN056583,C110,CRD0168,Dis-Chem,2026-03-17,701.12,Purchase,Approved,0,POS
TXN056584,C089,CRD0136,Takealot,2026-01-31,976.45,Purchase,Approved,0,Online
TXN056585,C430,CRD0655,Spotify,2025-11-26,53.43,Purchase,Approved,0,Online
TXN056586,C433,CRD0660,Pep,2025-12-04,182.94,Withdrawal,Approved,0,ATM
TXN056587,C272,CRD0395,Europcar,2026-02-27,774.75,Purchase,Declined,0,POS
TXN056588,C462,CRD0704,ShowMax,2026-03-04,79.46,Payment,Declined,0,Online
TXN056589,C315,CRD0465,Google Play,2026-01-06,90.04,Purchase,Approved,0,Online
TXN056590,C486,CRD0734,Game,2025-12-15,4814.06,Payment,Approved,0,Online
TXN056591,C330,CRD0491,Debonairs,2026-04-20,92.07,Purchase,Approved,0,Online
TXN056592,C116,CRD0177,Engen,2026-04-19,1202.8,Purchase,Approved,0,POS
TXN056593,C275,CRD0399,Vida e Caffe,2026-03-28,37.86,Purchase,Approved,0,POS
TXN056594,C116,CRD0177,Pep,2026-05-12,267.57,Purchase,Approved,0,ATM
TXN056595,C038,CRD0060,Google Play,2025-12-28,5.6,Refund,Approved,0,Online
TXN056596,C171,CRD0252,Incredible Connect,2026-03-28,2527.86,Refund,Approved,0,ATM
TXN056597,C472,CRD0718,KFC,2026-02-12,47.83,Withdrawal,Approved,0,ATM
TXN056598,C465,CRD0708,Dis-Chem,2026-04-28,378.32,Purchase,Approved,0,POS
TXN056599,C296,CRD0434,Dis-Chem,2026-04-14,67.39,Refund,Approved,0,POS
TXN056600,C472,CRD0717,Vida e Caffe,2025-12-03,85.7,Purchase,Approved,0,ATM
TXN056601,C348,CRD0520,Pick n Pay,2026-02-26,365.26,Purchase,Approved,0,POS
TXN056602,C427,CRD0651,Loot.co.za,2026-04-20,1646.93,Withdrawal,Approved,0,Online
TXN056603,C061,CRD0094,Clicks,2026-05-05,563.34,Purchase,Approved,0,Online
TXN056604,C024,CRD0041,Clicks,2026-04-26,129.47,Purchase,Approved,0,ATM
TXN056605,C382,CRD0576,Gold Reef City,2026-04-27,261.88,Withdrawal,Approved,0,ATM
TXN056606,C415,CRD0630,Builders Warehouse,2026-02-25,2275.21,Purchase,Approved,0,Online
TXN056607,C007,CRD0010,Loot.co.za,2026-04-25,1162.34,Purchase,Approved,0,Online
TXN056608,C375,CRD0565,Ocean Basket,2026-04-15,406.98,Purchase,Approved,0,Online
TXN056609,C107,CRD0164,Mugg and Bean,2026-04-22,81.93,Purchase,Approved,0,Online
TXN056610,C446,CRD0677,Checkers,2026-02-10,559.59,Purchase,Approved,0,POS
TXN056611,C512,CRD0766,Dis-Chem,2026-02-28,814.2,Withdrawal,Approved,0,ATM
TXN056612,C074,CRD0116,Nandos,2026-02-07,105.88,Purchase,Approved,0,ATM
TXN056613,C445,CRD0676,Pick n Pay,2026-04-20,2227.05,Purchase,Approved,0,POS
TXN056614,C076,CRD0119,McDonalds,2025-12-14,137.16,Purchase,Approved,0,Online
TXN056615,C159,CRD0237,Engen,2025-12-03,427.08,Purchase,Approved,0,POS
TXN056616,C123,CRD0186,Checkers,2026-02-17,595.23,Purchase,Approved,0,POS
TXN056617,C043,CRD0068,Takealot,2026-05-04,5081.19,Withdrawal,Approved,1,Online
TXN056618,C274,CRD0397,Checkers,2026-03-27,442.22,Purchase,Approved,0,POS
TXN056619,C035,CRD0056,Chicken Licken,2026-05-26,188.59,Withdrawal,Approved,0,ATM
TXN056620,C235,CRD0341,Game,2026-01-20,1216.01,Purchase,Approved,0,POS
TXN056621,C090,CRD0138,Apple iTunes,2025-11-30,498.39,Purchase,Approved,0,Online
TXN056622,C474,CRD0720,Google Play,2026-02-08,120.78,Purchase,Approved,0,Online
TXN056623,C310,CRD0456,Google Play,2026-02-27,115.97,Purchase,Approved,0,Online
TXN056624,C498,CRD0752,Faithful to Nature,2026-05-26,1772.22,Purchase,Declined,0,Online
TXN056625,C374,CRD0562,Edgars,2026-01-26,489.38,Withdrawal,Approved,0,ATM
TXN056626,C522,CRD0776,Mugg and Bean,2026-03-04,133.02,Withdrawal,Approved,0,ATM
TXN056627,C311,CRD0459,Pep,2026-04-09,53.43,Purchase,Approved,0,ATM
TXN056628,C229,CRD0334,Ster-Kinekor,2025-12-23,84.77,Purchase,Approved,0,POS
TXN056629,C005,CRD0007,Wimpy,2026-04-13,237.64,Purchase,Approved,0,POS
TXN056630,C321,CRD0474,Google Play,2025-12-07,108.35,Purchase,Approved,0,Online
TXN056631,C351,CRD0526,DStv,2025-12-28,131.13,Withdrawal,Approved,0,ATM
TXN056632,C438,CRD0666,Google Play,2026-03-16,197.0,Purchase,Approved,0,Online
TXN056633,C374,CRD0563,Nandos,2026-04-09,17.09,Refund,Approved,0,Online
TXN056634,C162,CRD0241,KFC,2025-12-16,74.68,Purchase,Approved,0,POS
TXN056635,C370,CRD0557,Debonairs,2025-12-27,82.37,Purchase,Approved,0,Online
TXN056636,C249,CRD0361,Apple iTunes,2025-12-23,235.56,Purchase,Approved,0,Online
TXN056637,C054,CRD0084,Makro,2025-12-27,3731.14,Purchase,Approved,0,Online
TXN056638,C311,CRD0457,Takealot,2026-03-12,1310.28,Purchase,Approved,0,Online
TXN056639,C149,CRD0224,Apple iTunes,2026-01-27,335.17,Purchase,Approved,0,Online
TXN056640,C065,CRD0099,Faithful to Nature,2026-05-25,871.72,Purchase,Approved,0,Online
TXN056641,C454,CRD0693,Vida e Caffe,2026-02-20,36.82,Payment,Approved,0,Online
TXN056642,C381,CRD0574,DStv,2026-04-25,552.24,Purchase,Approved,0,ATM
TXN056643,C095,CRD0147,Chicken Licken,2026-04-06,78.09,Purchase,Approved,0,POS
TXN056644,C483,CRD0731,Google Play,2026-03-28,229.24,Purchase,Declined,0,Online
TXN056645,C332,CRD0496,Checkers,2026-02-10,3546.59,Withdrawal,Approved,1,ATM
TXN056646,C495,CRD0747,BP,2026-02-15,234.53,Purchase,Approved,0,POS
TXN056647,C283,CRD0411,Pick n Pay,2026-01-01,1978.86,Purchase,Approved,0,POS
TXN056648,C406,CRD0616,Wimpy,2026-04-02,75.11,Purchase,Approved,0,Online
TXN056649,C498,CRD0751,Chicken Licken,2026-04-26,224.7,Purchase,Approved,1,Online
TXN056650,C451,CRD0686,Vida e Caffe,2025-12-02,133.01,Payment,Approved,0,Online
TXN056651,C508,CRD0762,Google Play,2026-02-17,215.5,Purchase,Approved,0,Online
TXN056652,C373,CRD0561,Spotify,2026-05-27,51.17,Purchase,Approved,0,Online
TXN056653,C230,CRD0336,Google Play,2026-03-07,76.59,Purchase,Approved,0,Online
TXN056654,C528,CRD0782,McDonalds,2026-01-14,163.89,Purchase,Approved,0,POS
TXN056655,C191,CRD0281,Foschini,2026-04-23,297.11,Purchase,Approved,0,POS
TXN056656,C009,CRD0013,Vida e Caffe,2026-02-01,50.78,Purchase,Approved,0,POS
TXN056657,C447,CRD0680,Checkers,2026-04-22,265.53,Payment,Pending,0,Online
TXN056658,C041,CRD0064,Game,2026-03-03,1282.14,Purchase,Approved,0,Online
TXN056659,C472,CRD0717,Vida e Caffe,2026-05-01,43.27,Purchase,Approved,0,POS
TXN056660,C023,CRD0038,Dis-Chem,2025-12-28,819.32,Purchase,Approved,0,ATM
TXN056661,C258,CRD0373,Steers,2026-05-26,196.44,Purchase,Approved,0,Online
TXN056662,C419,CRD0636,McDonalds,2026-04-25,85.48,Purchase,Approved,0,Online
TXN056663,C271,CRD0393,Google Play,2026-03-28,84.88,Withdrawal,Approved,0,Online
TXN056664,C283,CRD0411,Debonairs,2026-05-25,104.26,Purchase,Approved,0,POS
TXN056665,C195,CRD0287,BP,2025-12-17,685.77,Purchase,Approved,0,Online
TXN056666,C366,CRD0550,Clicks,2026-05-17,230.43,Purchase,Approved,0,POS
TXN056667,C027,CRD0045,Nandos,2025-12-20,176.26,Purchase,Approved,0,POS
TXN056668,C446,CRD0679,Wimpy,2026-01-02,273.14,Purchase,Approved,0,POS
TXN056669,C108,CRD0165,Spotify,2026-02-27,56.03,Payment,Approved,0,Online
TXN056670,C476,CRD0723,Chicken Licken,2026-04-16,206.53,Withdrawal,Approved,0,ATM
TXN056671,C364,CRD0543,Uber Eats,2026-02-03,222.17,Purchase,Approved,0,Online
TXN056672,C399,CRD0601,Checkers,2026-02-07,1983.56,Purchase,Approved,0,POS
TXN056673,C355,CRD0534,McDonalds,2026-01-23,112.75,Purchase,Approved,0,Online
TXN056674,C099,CRD0153,Amazon.co.za,2026-02-03,2214.17,Purchase,Approved,0,Online
TXN056675,C027,CRD0045,Woolworths,2026-02-28,1516.48,Purchase,Approved,0,Online
TXN056676,C450,CRD0684,Nandos,2026-05-06,282.37,Purchase,Approved,0,Online
TXN056677,C453,CRD0690,Clicks,2026-05-25,70.56,Refund,Approved,0,Online
TXN056678,C149,CRD0225,Ocean Basket,2026-05-02,407.78,Purchase,Approved,0,Online
TXN056679,C414,CRD0627,Google Play,2026-05-10,168.56,Purchase,Approved,0,Online
TXN056680,C370,CRD0556,Steers,2026-03-27,65.52,Purchase,Approved,0,POS
TXN056681,C285,CRD0414,Steers,2026-01-01,91.42,Purchase,Approved,0,Online
TXN056682,C069,CRD0106,Nu Metro,2026-03-28,375.37,Purchase,Approved,1,Online
TXN056683,C365,CRD0547,Debonairs,2026-05-06,294.67,Purchase,Approved,0,Online
TXN056684,C486,CRD0734,Wimpy,2025-12-17,116.63,Withdrawal,Approved,0,ATM
TXN056685,C439,CRD0669,Apple iTunes,2026-04-25,58.55,Purchase,Approved,0,Online
TXN056686,C098,CRD0152,Google Play,2026-05-11,200.85,Purchase,Approved,0,Online
TXN056687,C107,CRD0164,Apple iTunes,2025-12-30,79.05,Payment,Declined,0,Online
TXN056688,C427,CRD0651,Vida e Caffe,2025-12-12,85.37,Purchase,Approved,0,POS
TXN056689,C041,CRD0064,Clicks,2026-02-24,211.3,Purchase,Approved,0,Online
TXN056690,C319,CRD0470,Dis-Chem,2025-12-02,219.07,Payment,Declined,0,Online
TXN056691,C353,CRD0530,Truworths,2026-03-19,1020.65,Withdrawal,Approved,0,ATM
TXN056692,C138,CRD0210,Ocean Basket,2025-12-20,354.81,Purchase,Approved,0,Online
TXN056693,C113,CRD0173,Truworths,2026-05-27,1173.62,Purchase,Approved,0,POS
TXN056694,C119,CRD0180,Apple iTunes,2026-03-26,325.23,Purchase,Approved,0,Online
TXN056695,C532,CRD0786,Dis-Chem,2026-04-27,352.21,Purchase,Declined,0,Online
TXN056696,C266,CRD0384,Spotify,2026-04-28,67.65,Purchase,Approved,0,Online
TXN056697,C161,CRD0239,Debonairs,2026-04-25,155.81,Withdrawal,Approved,0,ATM
TXN056698,C207,CRD0305,Apple iTunes,2026-04-10,235.66,Purchase,Declined,0,Online
TXN056699,C446,CRD0679,Debonairs,2026-02-10,159.72,Payment,Approved,0,Online
TXN056700,C284,CRD0413,Faithful to Nature,2026-01-05,42.03,Refund,Approved,0,Online
TXN056701,C424,CRD0643,Vida e Caffe,2026-04-25,48.88,Purchase,Approved,0,POS
TXN056702,C013,CRD0020,Ster-Kinekor,2025-12-21,279.89,Purchase,Pending,1,ATM
TXN056703,C272,CRD0395,Faithful to Nature,2026-04-13,475.88,Withdrawal,Approved,0,Online
TXN056704,C144,CRD0217,Zando,2026-05-06,2485.78,Purchase,Approved,0,Online
TXN056705,C546,CRD0800,TicketPro,2026-02-13,851.53,Purchase,Approved,0,POS
TXN056706,C311,CRD0458,Clicks,2026-05-02,423.72,Purchase,Approved,0,POS
TXN056707,C093,CRD0144,Google Play,2026-03-25,28.31,Purchase,Approved,0,Online
TXN056708,C120,CRD0183,Nu Metro,2026-03-16,137.72,Purchase,Approved,0,Online
TXN056709,C109,CRD0166,Loot.co.za,2025-11-27,1000.97,Payment,Approved,0,Online
TXN056710,C435,CRD0662,Gold Reef City,2025-12-25,334.14,Purchase,Approved,0,POS
TXN056711,C237,CRD0343,Loot.co.za,2026-01-18,1926.95,Purchase,Approved,0,Online
TXN056712,C490,CRD0739,Google Play,2026-04-23,203.21,Purchase,Approved,0,Online
TXN056713,C508,CRD0762,Google Play,2026-03-04,53.58,Payment,Approved,0,Online
TXN056714,C207,CRD0305,BP,2026-01-13,1096.76,Withdrawal,Approved,0,ATM
TXN056715,C291,CRD0425,Uber Eats,2026-05-05,238.6,Purchase,Approved,0,Online
TXN056716,C219,CRD0321,Engen,2026-01-26,530.07,Purchase,Approved,0,ATM
TXN056717,C110,CRD0168,Mr Price,2026-03-27,97.15,Withdrawal,Approved,0,ATM
TXN056718,C102,CRD0156,Edgars,2026-04-27,435.96,Withdrawal,Approved,0,ATM
TXN056719,C271,CRD0394,Europcar,2026-02-26,3185.19,Purchase,Approved,0,Online
TXN056720,C283,CRD0411,Foschini,2025-12-20,1136.54,Withdrawal,Approved,0,ATM
TXN056721,C069,CRD0108,Mugg and Bean,2026-01-25,236.84,Purchase,Declined,0,POS
TXN056722,C319,CRD0470,Pep,2026-02-26,49.42,Purchase,Approved,0,POS
TXN056723,C547,CRD0801,Nu Metro,2026-03-14,88.1,Purchase,Approved,0,POS
TXN056724,C148,CRD0223,Google Play,2026-02-27,157.04,Purchase,Pending,0,Online
TXN056725,C292,CRD0427,Loot.co.za,2026-03-21,1737.41,Purchase,Approved,0,Online
TXN056726,C370,CRD0557,Superbalist,2026-03-09,1692.2,Withdrawal,Approved,0,Online
TXN056727,C445,CRD0676,Pick n Pay,2026-02-09,1978.39,Purchase,Approved,0,POS
TXN056728,C106,CRD0162,ShowMax,2026-04-30,78.98,Purchase,Approved,0,Online
TXN056729,C528,CRD0782,Bash.com,2025-12-27,388.69,Purchase,Approved,0,Online
TXN056730,C515,CRD0769,Spotify,2025-12-23,57.25,Purchase,Approved,0,Online
TXN056731,C033,CRD0054,Nandos,2026-02-28,118.34,Purchase,Pending,0,POS
TXN056732,C295,CRD0431,Wimpy,2025-12-29,257.57,Withdrawal,Approved,0,ATM
TXN056733,C374,CRD0562,Takealot,2026-03-25,4571.86,Purchase,Declined,0,Online
TXN056734,C048,CRD0074,Vida e Caffe,2025-12-01,95.79,Purchase,Approved,0,POS
TXN056735,C009,CRD0013,Romans Pizza,2026-01-14,194.34,Payment,Approved,0,Online
TXN056736,C292,CRD0428,City Lodge,2026-02-25,2516.5,Purchase,Declined,0,Online
TXN056737,C049,CRD0078,Clicks,2026-02-10,236.19,Purchase,Approved,0,POS
TXN056738,C209,CRD0307,Apple iTunes,2026-02-25,73.92,Refund,Approved,0,Online
TXN056739,C225,CRD0328,Amazon.co.za,2026-04-25,4125.15,Purchase,Approved,0,Online
TXN056740,C324,CRD0480,Wimpy,2026-03-07,86.12,Purchase,Approved,0,POS
TXN056741,C325,CRD0483,Pick n Pay,2026-02-02,1904.77,Payment,Approved,0,Online
TXN056742,C293,CRD0429,Google Play,2025-12-05,186.15,Purchase,Approved,0,Online
TXN056743,C342,CRD0512,Superbalist,2025-12-14,1058.47,Purchase,Approved,0,Online
TXN056744,C437,CRD0665,Chicken Licken,2026-01-26,150.21,Purchase,Approved,0,POS
TXN056745,C351,CRD0527,Makro,2025-12-03,1491.98,Refund,Approved,0,ATM
TXN056746,C383,CRD0579,Chicken Licken,2026-03-21,123.93,Payment,Declined,0,Online
TXN056747,C018,CRD0028,ShowMax,2026-05-05,92.19,Payment,Declined,0,Online
TXN056748,C124,CRD0187,Vida e Caffe,2026-04-07,158.24,Withdrawal,Approved,0,ATM
TXN056749,C462,CRD0703,Ster-Kinekor,2026-02-25,400.79,Purchase,Approved,1,POS
TXN056750,C361,CRD0540,Faithful to Nature,2026-04-26,1781.95,Purchase,Declined,0,Online
TXN056751,C032,CRD0052,Foschini,2026-05-28,1429.04,Purchase,Approved,0,POS
TXN056752,C292,CRD0426,Sportsmans Whouse,2026-02-12,1361.09,Purchase,Approved,0,Online
TXN056753,C184,CRD0271,Mugg and Bean,2026-01-14,319.08,Purchase,Approved,0,Online
TXN056754,C375,CRD0565,Amazon.co.za,2026-01-17,2773.57,Withdrawal,Approved,0,Online
TXN056755,C433,CRD0660,Incredible Connect,2025-12-12,5534.57,Purchase,Approved,0,ATM
TXN056756,C115,CRD0176,Uber Eats,2026-03-03,233.26,Purchase,Approved,0,Online
TXN056757,C546,CRD0800,Makro,2026-01-20,4870.22,Purchase,Approved,0,POS
TXN056758,C247,CRD0356,Pep,2026-03-29,331.46,Purchase,Approved,0,ATM
TXN056759,C532,CRD0786,DStv,2026-04-14,348.11,Purchase,Approved,0,Online
TXN056760,C086,CRD0131,Google Play,2026-02-26,150.44,Purchase,Declined,0,Online
TXN056761,C212,CRD0312,Wimpy,2026-04-21,123.19,Purchase,Approved,0,ATM
TXN056762,C425,CRD0644,Chicken Licken,2026-01-21,55.22,Purchase,Approved,0,POS
TXN056763,C164,CRD0243,Wimpy,2026-02-04,116.5,Purchase,Approved,0,ATM
TXN056764,C101,CRD0155,Takealot,2026-03-29,1553.36,Purchase,Approved,0,Online
TXN056765,C281,CRD0408,TicketPro,2026-01-31,544.85,Purchase,Approved,0,Online
TXN056766,C041,CRD0065,Nu Metro,2026-04-22,200.4,Purchase,Approved,0,POS
TXN056767,C262,CRD0379,Nu Metro,2026-05-10,166.13,Payment,Approved,0,Online
TXN056768,C486,CRD0734,FlySafair,2026-03-12,4046.67,Payment,Approved,0,Online
TXN056769,C349,CRD0524,Steers,2026-05-17,125.12,Purchase,Approved,0,Online
TXN056770,C112,CRD0171,Loot.co.za,2026-01-03,3285.88,Purchase,Approved,1,Online
TXN056771,C260,CRD0377,McDonalds,2025-12-12,125.7,Purchase,Approved,0,POS
TXN056772,C492,CRD0742,Spur,2026-01-20,271.36,Purchase,Declined,0,POS
TXN056773,C502,CRD0756,Google Play,2026-02-19,148.27,Purchase,Approved,0,Online
TXN056774,C464,CRD0707,Game,2026-03-29,1827.09,Purchase,Approved,0,POS
TXN056775,C162,CRD0240,Nu Metro,2026-02-18,182.94,Purchase,Declined,0,POS
TXN056776,C365,CRD0546,Mugg and Bean,2025-11-25,423.07,Purchase,Approved,0,POS
TXN056777,C025,CRD0042,Truworths,2026-01-04,1441.13,Purchase,Approved,0,Online
TXN056778,C165,CRD0245,Checkers,2026-03-19,1445.5,Purchase,Approved,0,POS
TXN056779,C311,CRD0457,Truworths,2026-02-16,614.37,Purchase,Approved,0,Online
TXN056780,C187,CRD0274,Cape Union Mart,2026-02-27,528.63,Purchase,Pending,0,POS
TXN056781,C040,CRD0063,Ocean Basket,2026-05-17,210.52,Purchase,Approved,0,Online
TXN056782,C242,CRD0350,Google Play,2026-03-05,199.2,Withdrawal,Approved,0,Online
TXN056783,C321,CRD0474,Steers,2026-01-26,186.12,Purchase,Approved,0,POS
TXN056784,C541,CRD0795,Ster-Kinekor,2025-12-23,145.36,Purchase,Approved,0,ATM
TXN056785,C539,CRD0793,Foschini,2026-04-18,2214.07,Purchase,Approved,0,POS
TXN056786,C365,CRD0547,Sportsmans Whouse,2026-03-29,1677.69,Purchase,Pending,0,POS
TXN056787,C472,CRD0717,Nandos,2026-01-13,210.54,Purchase,Approved,0,POS
TXN056788,C254,CRD0367,Apple iTunes,2026-02-13,102.96,Purchase,Declined,0,Online
TXN056789,C423,CRD0642,Checkers,2026-04-25,1005.32,Purchase,Approved,0,Online
TXN056790,C273,CRD0396,Ocean Basket,2025-12-26,517.82,Purchase,Approved,0,ATM
TXN056791,C436,CRD0664,Apple iTunes,2026-02-14,87.02,Purchase,Approved,0,Online
TXN056792,C167,CRD0248,Takealot,2026-05-25,4842.1,Purchase,Declined,0,Online
TXN056793,C208,CRD0306,Uber Eats,2026-04-11,93.56,Purchase,Approved,0,Online
TXN056794,C298,CRD0436,Makro,2025-12-27,5779.87,Purchase,Approved,0,POS
TXN056795,C172,CRD0254,Truworths,2026-04-17,371.71,Refund,Approved,0,Online
TXN056796,C228,CRD0331,Vida e Caffe,2026-02-01,89.5,Purchase,Approved,0,POS
TXN056797,C402,CRD0606,Checkers,2026-03-26,1922.82,Purchase,Approved,0,POS
TXN056798,C249,CRD0361,Amazon.co.za,2026-02-15,1403.43,Purchase,Approved,0,Online
TXN056799,C319,CRD0470,Dis-Chem,2025-12-28,72.62,Withdrawal,Approved,0,ATM
TXN056800,C259,CRD0374,Uber Eats,2026-02-25,103.61,Purchase,Approved,0,Online
TXN056801,C247,CRD0357,Superbalist,2026-02-22,1883.51,Purchase,Approved,0,Online
TXN056802,C193,CRD0284,Avis SA,2026-01-25,798.92,Purchase,Approved,0,POS
TXN056803,C286,CRD0416,McDonalds,2026-04-01,112.96,Purchase,Approved,0,Online
TXN056804,C476,CRD0724,Amazon.co.za,2026-02-03,4282.42,Purchase,Approved,0,Online
TXN056805,C156,CRD0234,Spotify,2026-01-28,39.15,Purchase,Approved,0,Online
TXN056806,C405,CRD0612,Zando,2026-03-26,897.07,Purchase,Approved,0,Online
TXN056807,C300,CRD0439,Ster-Kinekor,2026-04-13,114.92,Purchase,Approved,0,Online
TXN056808,C144,CRD0216,Vida e Caffe,2025-12-04,11.54,Refund,Approved,0,POS
TXN056809,C136,CRD0205,Apple iTunes,2026-01-03,369.56,Withdrawal,Pending,0,Online
TXN056810,C258,CRD0372,Google Play,2026-03-25,147.31,Purchase,Approved,0,Online
TXN056811,C028,CRD0048,Faithful to Nature,2026-03-28,624.06,Purchase,Approved,0,Online
TXN056812,C535,CRD0789,Cape Union Mart,2025-12-18,355.72,Purchase,Approved,0,Online
TXN056813,C506,CRD0760,Steers,2026-04-07,92.47,Purchase,Approved,0,ATM
TXN056814,C420,CRD0638,ShowMax,2026-04-02,102.68,Purchase,Approved,0,Online
TXN056815,C364,CRD0544,Debonairs,2025-12-24,60.44,Purchase,Approved,0,Online
TXN056816,C205,CRD0301,Dis-Chem,2026-02-20,865.38,Purchase,Approved,0,POS
TXN056817,C168,CRD0249,Steers,2026-04-29,115.72,Purchase,Declined,0,ATM
TXN056818,C028,CRD0048,Nandos,2025-12-12,175.53,Purchase,Approved,0,Online
TXN056819,C212,CRD0312,Checkers,2025-11-26,242.97,Refund,Approved,0,POS
TXN056820,C400,CRD0603,Steers,2026-02-09,62.42,Purchase,Approved,0,Online
TXN056821,C361,CRD0540,Loot.co.za,2026-03-28,1083.65,Purchase,Approved,0,Online
TXN056822,C115,CRD0176,Steers,2026-01-13,112.35,Purchase,Approved,0,POS
TXN056823,C494,CRD0745,Pick n Pay,2026-01-18,2578.81,Purchase,Approved,0,Online
TXN056824,C096,CRD0149,Debonairs,2026-03-29,76.66,Purchase,Approved,0,POS
TXN056825,C178,CRD0262,Checkers,2026-04-26,425.79,Purchase,Approved,0,ATM
TXN056826,C353,CRD0530,Cape Union Mart,2026-01-25,1777.88,Withdrawal,Approved,0,ATM
TXN056827,C366,CRD0550,Pick n Pay,2026-05-27,1667.16,Purchase,Approved,0,ATM
TXN056828,C326,CRD0484,Dis-Chem,2026-02-16,534.91,Purchase,Approved,0,POS
TXN056829,C211,CRD0311,Truworths,2026-01-26,1263.61,Purchase,Approved,0,POS
TXN056830,C192,CRD0282,Dis-Chem,2026-04-04,830.33,Payment,Approved,0,Online
TXN056831,C056,CRD0087,Vida e Caffe,2025-11-29,101.82,Purchase,Approved,0,Online
TXN056832,C513,CRD0767,Avis SA,2025-12-06,2729.22,Purchase,Approved,0,POS
TXN056833,C324,CRD0480,Gold Reef City,2026-01-28,437.06,Purchase,Approved,0,Online
TXN056834,C303,CRD0443,Bash.com,2025-12-16,914.05,Purchase,Approved,0,Online
TXN056835,C145,CRD0218,KFC,2026-04-27,53.15,Purchase,Declined,0,Online
TXN056836,C208,CRD0306,Spur,2025-12-05,185.35,Purchase,Approved,0,POS
TXN056837,C450,CRD0684,Dis-Chem,2026-01-28,491.54,Purchase,Approved,0,POS
TXN056838,C106,CRD0162,TicketPro,2026-01-04,178.93,Purchase,Declined,0,POS
TXN056839,C438,CRD0667,McDonalds,2025-12-30,99.84,Purchase,Approved,0,Online
TXN056840,C174,CRD0257,Superbalist,2026-03-08,1219.0,Purchase,Approved,0,Online
TXN056841,C446,CRD0678,Google Play,2025-12-14,140.61,Payment,Approved,0,Online
TXN056842,C336,CRD0503,ShowMax,2026-04-16,91.49,Purchase,Approved,0,Online
TXN056843,C018,CRD0028,Vida e Caffe,2026-02-26,60.19,Purchase,Approved,0,POS
TXN056844,C028,CRD0047,Apple iTunes,2026-04-25,175.39,Purchase,Approved,0,Online
TXN056845,C089,CRD0136,Faithful to Nature,2025-12-31,1924.08,Payment,Approved,1,Online
TXN056846,C273,CRD0396,Google Play,2026-03-23,190.27,Purchase,Approved,0,Online
TXN056847,C044,CRD0069,Pick n Pay,2026-05-04,1180.05,Purchase,Approved,0,Online
TXN056848,C129,CRD0193,Clicks,2025-12-23,207.06,Purchase,Approved,0,POS
TXN056849,C288,CRD0419,Mr Price,2026-05-02,123.12,Purchase,Approved,0,POS
TXN056850,C112,CRD0171,Cape Union Mart,2026-03-03,2648.39,Purchase,Declined,0,ATM
TXN056851,C380,CRD0572,Debonairs,2025-11-25,81.09,Purchase,Approved,0,POS
TXN056852,C037,CRD0058,Debonairs,2026-01-26,203.03,Purchase,Approved,0,ATM
TXN056853,C025,CRD0042,Debonairs,2026-03-08,108.26,Withdrawal,Approved,0,ATM
TXN056854,C307,CRD0450,McDonalds,2026-04-23,51.02,Purchase,Approved,0,POS
TXN056855,C414,CRD0627,Pep,2026-04-20,331.16,Purchase,Approved,0,Online
TXN056856,C122,CRD0185,McDonalds,2025-12-07,125.66,Purchase,Approved,0,POS
TXN056857,C197,CRD0289,Pep,2026-01-11,184.86,Purchase,Approved,0,POS
TXN056858,C048,CRD0074,Edgars,2026-03-16,532.27,Purchase,Approved,0,POS
TXN056859,C126,CRD0190,Spotify,2026-01-14,64.73,Purchase,Approved,0,Online
TXN056860,C455,CRD0694,McDonalds,2025-11-26,58.29,Purchase,Approved,0,POS
TXN056861,C050,CRD0079,Dis-Chem,2025-12-09,224.57,Purchase,Declined,0,POS
TXN056862,C139,CRD0211,Spotify,2026-02-15,32.12,Withdrawal,Approved,0,Online
TXN056863,C139,CRD0211,Montecasino,2025-11-26,682.4,Payment,Approved,0,Online
TXN056864,C121,CRD0184,Clicks,2026-03-27,367.35,Purchase,Approved,0,Online
TXN056865,C158,CRD0236,Truworths,2026-01-13,364.62,Withdrawal,Approved,0,ATM
TXN056866,C447,CRD0680,Google Play,2026-01-28,184.72,Purchase,Approved,0,Online
TXN056867,C188,CRD0275,Ster-Kinekor,2026-04-03,100.88,Purchase,Approved,0,Online
TXN056868,C415,CRD0630,KFC,2026-01-22,52.27,Purchase,Approved,0,POS
TXN056869,C364,CRD0545,Pick n Pay,2026-01-17,2265.18,Purchase,Approved,0,ATM
TXN056870,C281,CRD0408,McDonalds,2026-01-26,125.8,Purchase,Approved,0,Online
TXN056871,C008,CRD0012,Superbalist,2025-12-27,204.12,Purchase,Approved,0,Online
TXN056872,C055,CRD0086,ShowMax,2025-12-05,55.01,Purchase,Approved,0,Online
TXN056873,C550,CRD0804,Checkers,2026-03-29,929.28,Purchase,Approved,0,POS
TXN056874,C456,CRD0696,Engen,2026-02-15,1282.2,Purchase,Approved,0,Online
TXN056875,C355,CRD0533,Checkers,2026-02-27,1177.54,Purchase,Approved,0,POS
TXN056876,C052,CRD0081,Avis SA,2026-03-25,590.27,Purchase,Declined,0,POS
TXN056877,C112,CRD0171,Takealot,2026-02-27,829.59,Purchase,Approved,0,Online
TXN056878,C024,CRD0040,Pep,2026-04-29,389.31,Purchase,Approved,0,POS
TXN056879,C010,CRD0016,SAA,2026-05-04,3521.69,Purchase,Approved,0,Online
TXN056880,C011,CRD0017,Gold Reef City,2025-12-06,350.6,Purchase,Approved,0,Online
TXN056881,C152,CRD0229,Uber Eats,2026-03-26,160.77,Purchase,Pending,0,Online
TXN056882,C496,CRD0748,Checkers,2026-02-14,2679.41,Purchase,Approved,0,POS
TXN056883,C218,CRD0319,Woolworths,2026-01-19,916.63,Purchase,Approved,0,POS
TXN056884,C105,CRD0160,ShowMax,2025-11-30,95.01,Purchase,Approved,0,Online
TXN056885,C508,CRD0762,TicketPro,2026-01-10,525.9,Withdrawal,Approved,0,ATM
TXN056886,C098,CRD0152,Vida e Caffe,2026-04-26,71.85,Purchase,Approved,0,Online
TXN056887,C397,CRD0597,Ster-Kinekor,2026-02-26,270.21,Purchase,Approved,0,Online
TXN056888,C193,CRD0284,Google Play,2026-02-26,29.35,Purchase,Approved,0,Online
TXN056889,C095,CRD0146,Google Play,2026-01-27,121.8,Purchase,Approved,0,Online
TXN056890,C077,CRD0120,Vida e Caffe,2026-05-25,39.12,Purchase,Approved,0,Online
TXN056891,C004,CRD0004,Truworths,2026-05-09,167.32,Withdrawal,Approved,0,ATM
TXN056892,C235,CRD0341,ShowMax,2025-12-27,93.95,Purchase,Approved,0,Online
TXN056893,C258,CRD0372,Game,2026-01-11,3943.76,Purchase,Approved,0,Online
TXN056894,C033,CRD0054,Dis-Chem,2026-01-15,100.86,Purchase,Approved,0,POS
TXN056895,C079,CRD0122,Truworths,2026-02-27,1349.26,Purchase,Approved,0,ATM
TXN056896,C264,CRD0382,McDonalds,2026-04-10,55.7,Purchase,Approved,0,POS
TXN056897,C198,CRD0291,Vida e Caffe,2026-03-26,112.44,Purchase,Approved,0,POS
TXN056898,C509,CRD0763,DStv,2026-01-14,85.61,Refund,Approved,0,POS
TXN056899,C455,CRD0694,Loot.co.za,2026-03-05,474.47,Payment,Declined,0,Online
TXN056900,C180,CRD0265,Europcar,2025-11-28,479.75,Purchase,Declined,0,POS
TXN056901,C312,CRD0461,KFC,2026-05-25,83.0,Purchase,Approved,0,POS
TXN056902,C267,CRD0388,Ster-Kinekor,2026-04-25,111.58,Withdrawal,Approved,0,ATM
TXN056903,C112,CRD0171,Ster-Kinekor,2026-01-25,95.07,Purchase,Approved,0,Online
TXN056904,C257,CRD0371,Takealot,2026-04-27,3725.68,Purchase,Approved,0,Online
TXN056905,C400,CRD0604,Loot.co.za,2026-04-28,1428.22,Purchase,Approved,0,Online
TXN056906,C227,CRD0330,Ster-Kinekor,2026-04-28,114.14,Purchase,Approved,0,POS
TXN056907,C531,CRD0785,Pep,2025-11-28,366.27,Purchase,Approved,0,POS
TXN056908,C540,CRD0794,Nu Metro,2025-12-26,158.16,Withdrawal,Approved,0,ATM
TXN056909,C098,CRD0151,Pep,2026-01-19,71.34,Purchase,Approved,0,POS
TXN056910,C312,CRD0460,Mr Price,2025-11-26,623.24,Purchase,Approved,0,POS
TXN056911,C486,CRD0734,Shell,2026-03-27,1400.54,Purchase,Approved,0,POS
TXN056912,C021,CRD0035,Spotify,2026-04-29,65.51,Purchase,Approved,0,Online
TXN056913,C503,CRD0757,Amazon.co.za,2026-02-08,684.31,Purchase,Approved,0,Online
TXN056914,C296,CRD0433,Steers,2025-11-25,53.24,Purchase,Approved,0,POS
TXN056915,C166,CRD0246,Debonairs,2026-04-05,148.49,Withdrawal,Approved,0,ATM
TXN056916,C525,CRD0779,Steers,2025-12-06,50.59,Withdrawal,Approved,0,ATM
TXN056917,C044,CRD0069,Google Play,2026-05-17,193.23,Withdrawal,Declined,0,Online
TXN056918,C066,CRD0101,Steers,2026-03-11,154.42,Purchase,Approved,0,POS
TXN056919,C414,CRD0628,Edgars,2026-03-29,1290.99,Purchase,Approved,0,ATM
TXN056920,C031,CRD0051,KFC,2026-04-19,72.84,Purchase,Approved,0,Online
TXN056921,C324,CRD0481,Clicks,2025-12-25,64.25,Purchase,Approved,0,POS
TXN056922,C080,CRD0123,Debonairs,2026-01-27,170.13,Purchase,Approved,0,POS
TXN056923,C405,CRD0611,Google Play,2026-01-25,53.69,Purchase,Approved,0,Online
TXN056924,C129,CRD0193,Mr Price,2026-03-03,575.25,Purchase,Approved,0,ATM
TXN056925,C358,CRD0537,Nandos,2026-04-26,217.44,Withdrawal,Approved,0,ATM
TXN056926,C453,CRD0690,Checkers,2026-03-26,1305.2,Purchase,Approved,0,Online
TXN056927,C077,CRD0120,Takealot,2026-05-04,622.43,Withdrawal,Approved,0,Online
TXN056928,C406,CRD0615,Google Play,2026-04-07,275.26,Purchase,Approved,0,Online
TXN056929,C538,CRD0792,Europcar,2026-01-28,671.16,Purchase,Approved,0,POS
TXN056930,C451,CRD0686,Uber Eats,2026-02-27,82.38,Refund,Approved,0,Online
TXN056931,C387,CRD0585,Ocean Basket,2026-01-26,580.83,Purchase,Approved,0,POS
TXN056932,C053,CRD0082,Spotify,2026-02-13,53.94,Purchase,Approved,0,Online
TXN056933,C005,CRD0006,McDonalds,2026-05-06,47.24,Withdrawal,Approved,0,ATM
TXN056934,C054,CRD0083,Faithful to Nature,2026-01-25,1563.71,Purchase,Approved,0,Online
TXN056935,C437,CRD0665,Pep,2025-12-27,216.19,Purchase,Approved,0,ATM
TXN056936,C531,CRD0785,Google Play,2026-02-26,107.72,Purchase,Approved,0,Online
TXN056937,C014,CRD0021,Romans Pizza,2026-01-17,45.29,Refund,Declined,0,ATM
TXN056938,C284,CRD0413,Faithful to Nature,2026-02-06,790.9,Withdrawal,Approved,0,Online
TXN056939,C328,CRD0488,Clicks,2026-04-07,37.38,Purchase,Approved,0,POS
TXN056940,C181,CRD0266,Wimpy,2025-11-26,157.93,Purchase,Approved,0,POS
TXN056941,C390,CRD0588,Wimpy,2026-03-22,71.78,Purchase,Declined,0,Online
TXN056942,C414,CRD0628,Chicken Licken,2025-12-26,231.34,Purchase,Approved,1,POS
TXN056943,C119,CRD0180,Pep,2026-03-22,310.41,Payment,Approved,0,Online
TXN056944,C161,CRD0239,Spotify,2026-02-11,70.5,Purchase,Approved,0,Online
TXN056945,C015,CRD0022,Mr Price,2026-03-25,445.77,Purchase,Approved,0,POS
TXN056946,C435,CRD0662,Romans Pizza,2026-05-01,136.63,Purchase,Approved,0,POS
TXN056947,C024,CRD0041,KFC,2025-12-25,133.47,Purchase,Approved,0,Online
TXN056948,C284,CRD0413,Ocean Basket,2026-02-28,612.44,Payment,Approved,0,Online
TXN056949,C040,CRD0063,Dis-Chem,2026-03-26,83.55,Withdrawal,Approved,0,ATM
TXN056950,C440,CRD0671,Spur,2026-03-23,151.13,Purchase,Approved,0,Online
TXN056951,C257,CRD0371,Foschini,2026-02-12,1652.66,Payment,Declined,0,Online
TXN056952,C528,CRD0782,Amazon.co.za,2026-04-27,1006.41,Withdrawal,Declined,0,Online
TXN056953,C452,CRD0689,Steers,2026-04-25,237.0,Purchase,Approved,0,Online
TXN056954,C385,CRD0581,Builders Warehouse,2026-01-28,11091.38,Purchase,Approved,0,Online
TXN056955,C400,CRD0604,Samsung Store,2026-02-24,7951.39,Purchase,Declined,0,Online
TXN056956,C210,CRD0309,Nandos,2026-01-25,172.09,Withdrawal,Approved,0,ATM
TXN056957,C320,CRD0472,FlySafair,2026-04-21,1033.8,Withdrawal,Declined,0,ATM
TXN056958,C089,CRD0137,Steers,2025-12-11,149.05,Purchase,Approved,0,Online
TXN056959,C430,CRD0655,Netflix,2025-12-22,135.56,Purchase,Approved,0,Online
TXN056960,C034,CRD0055,Wimpy,2025-12-26,178.96,Purchase,Approved,0,Online
TXN056961,C330,CRD0491,Clicks,2026-02-25,242.55,Purchase,Approved,0,Online
TXN056962,C235,CRD0341,Steers,2026-05-09,148.22,Purchase,Approved,0,POS
TXN056963,C027,CRD0045,Takealot,2026-04-13,3424.16,Purchase,Approved,0,Online
TXN056964,C416,CRD0631,Chicken Licken,2026-04-23,121.53,Purchase,Approved,0,POS
TXN056965,C436,CRD0663,KFC,2026-01-28,55.16,Purchase,Declined,0,POS
TXN056966,C311,CRD0457,Builders Warehouse,2026-02-08,4894.85,Payment,Approved,0,Online
TXN056967,C335,CRD0502,TicketPro,2026-02-26,695.44,Purchase,Approved,0,ATM
TXN056968,C318,CRD0469,KFC,2026-01-29,149.86,Purchase,Approved,0,Online
TXN056969,C306,CRD0449,Spotify,2026-05-26,65.39,Purchase,Declined,0,Online
TXN056970,C402,CRD0606,Engen,2026-05-18,1774.1,Withdrawal,Approved,0,ATM
TXN056971,C377,CRD0568,Chicken Licken,2026-05-27,237.05,Withdrawal,Declined,0,ATM
TXN056972,C404,CRD0609,Apple iTunes,2026-02-27,192.13,Purchase,Approved,0,Online
TXN056973,C265,CRD0383,Checkers,2026-02-16,338.12,Withdrawal,Declined,0,ATM
TXN056974,C249,CRD0360,Nandos,2026-03-20,197.14,Purchase,Approved,0,Online
TXN056975,C530,CRD0784,KFC,2026-01-21,63.95,Purchase,Approved,0,ATM
TXN056976,C537,CRD0791,Google Play,2026-03-19,109.0,Purchase,Approved,0,Online
TXN056977,C144,CRD0217,Wimpy,2025-12-07,284.02,Purchase,Approved,0,ATM
TXN056978,C037,CRD0058,Nandos,2026-04-28,246.42,Purchase,Approved,0,POS
TXN056979,C019,CRD0031,Steers,2026-03-22,178.22,Withdrawal,Approved,0,ATM
TXN056980,C055,CRD0085,Uber Eats,2026-04-14,64.72,Purchase,Approved,0,Online
TXN056981,C385,CRD0583,Apple iTunes,2026-01-24,97.49,Withdrawal,Approved,0,Online
TXN056982,C204,CRD0299,Pick n Pay,2026-03-19,175.05,Purchase,Approved,0,POS
TXN056983,C025,CRD0042,Ocean Basket,2026-01-02,735.64,Purchase,Approved,0,Online
TXN056984,C453,CRD0691,Engen,2026-03-27,542.07,Purchase,Approved,0,POS
TXN056985,C522,CRD0776,Chicken Licken,2026-04-25,83.76,Purchase,Approved,0,Online
TXN056986,C320,CRD0473,Nu Metro,2026-03-25,189.24,Withdrawal,Approved,0,ATM
TXN056987,C157,CRD0235,ShowMax,2026-01-10,80.36,Purchase,Approved,0,Online
TXN056988,C107,CRD0164,Pick n Pay,2026-02-26,1329.39,Purchase,Approved,0,Online
TXN056989,C061,CRD0094,Uber Eats,2025-11-26,202.99,Purchase,Approved,0,Online
TXN056990,C540,CRD0794,Chicken Licken,2026-02-22,266.16,Purchase,Approved,1,POS
TXN056991,C284,CRD0413,Pick n Pay,2026-04-28,2821.04,Purchase,Approved,0,POS
TXN056992,C454,CRD0693,Romans Pizza,2026-01-13,247.38,Purchase,Approved,0,Online
TXN056993,C112,CRD0171,Uber Eats,2026-02-16,373.27,Purchase,Approved,1,Online
TXN056994,C438,CRD0667,Cape Union Mart,2026-04-28,329.97,Withdrawal,Approved,0,ATM
TXN056995,C248,CRD0358,Nu Metro,2026-05-15,65.09,Purchase,Approved,0,Online
TXN056996,C137,CRD0208,DStv,2026-01-13,274.06,Purchase,Approved,0,Online
TXN056997,C516,CRD0770,Steers,2026-03-06,118.15,Purchase,Declined,0,Online
TXN056998,C018,CRD0029,Pick n Pay,2026-02-07,2230.72,Purchase,Approved,0,POS
TXN056999,C038,CRD0060,Chicken Licken,2026-03-28,11.81,Refund,Approved,0,Online
TXN057000,C276,CRD0400,Bash.com,2025-12-24,1264.34,Purchase,Approved,0,Online
TXN057001,C090,CRD0140,Gold Reef City,2026-05-01,532.58,Payment,Approved,0,Online
TXN057002,C139,CRD0211,TicketPro,2026-01-27,230.74,Purchase,Approved,0,Online
TXN057003,C363,CRD0542,Pep,2026-05-14,137.97,Purchase,Approved,0,POS
TXN057004,C125,CRD0189,Engen,2026-04-04,978.21,Purchase,Approved,0,Online
TXN057005,C171,CRD0252,Dis-Chem,2026-02-21,726.15,Purchase,Approved,0,POS
TXN057006,C266,CRD0384,Zando,2025-12-10,2007.9,Purchase,Approved,0,Online
TXN057007,C290,CRD0423,Wimpy,2026-03-11,231.46,Purchase,Approved,0,ATM
TXN057008,C280,CRD0407,Game,2026-03-25,2995.67,Withdrawal,Approved,0,ATM
TXN057009,C243,CRD0352,Spotify,2025-12-08,64.06,Purchase,Approved,0,Online
TXN057010,C368,CRD0553,Vida e Caffe,2026-02-19,47.56,Withdrawal,Approved,0,ATM
TXN057011,C493,CRD0744,Checkers,2026-04-02,316.24,Refund,Approved,0,POS
TXN057012,C075,CRD0118,Wimpy,2025-12-02,92.79,Purchase,Declined,0,POS
TXN057013,C267,CRD0388,Apple iTunes,2026-03-02,425.97,Purchase,Approved,0,Online
TXN057014,C405,CRD0612,Debonairs,2026-01-12,110.97,Purchase,Approved,0,POS
TXN057015,C212,CRD0312,Uber Eats,2026-04-19,284.76,Withdrawal,Approved,0,Online
TXN057016,C108,CRD0165,Edgars,2026-03-27,309.56,Withdrawal,Approved,0,ATM
TXN057017,C310,CRD0455,Pick n Pay,2026-03-27,1202.39,Purchase,Approved,0,POS
TXN057018,C426,CRD0647,Google Play,2025-12-22,70.46,Purchase,Approved,0,Online
TXN057019,C233,CRD0339,Takealot,2026-03-25,527.47,Purchase,Approved,0,Online
TXN057020,C392,CRD0591,Amazon.co.za,2025-12-10,1919.99,Purchase,Approved,0,Online
TXN057021,C495,CRD0747,Faithful to Nature,2026-01-07,853.76,Purchase,Approved,0,Online
TXN057022,C208,CRD0306,Google Play,2025-11-28,278.73,Purchase,Approved,0,Online
TXN057023,C072,CRD0112,Romans Pizza,2026-03-02,32.83,Refund,Approved,0,Online
TXN057024,C238,CRD0345,Europcar,2026-01-26,994.39,Withdrawal,Approved,0,ATM
TXN057025,C049,CRD0078,Chicken Licken,2026-01-27,95.24,Payment,Approved,0,Online
TXN057026,C466,CRD0709,Nu Metro,2026-05-26,83.52,Purchase,Approved,0,Online
TXN057027,C106,CRD0162,Woolworths,2026-01-23,572.29,Purchase,Declined,0,POS
TXN057028,C523,CRD0777,Romans Pizza,2026-05-02,228.78,Purchase,Approved,0,Online
TXN057029,C094,CRD0145,Vida e Caffe,2025-11-29,38.7,Withdrawal,Approved,0,ATM
TXN057030,C153,CRD0231,Romans Pizza,2025-12-25,250.76,Purchase,Approved,0,ATM
TXN057031,C315,CRD0465,Uber Eats,2026-01-25,232.45,Purchase,Approved,0,Online
TXN057032,C164,CRD0243,Google Play,2025-12-04,17.98,Withdrawal,Approved,0,Online
TXN057033,C372,CRD0560,Vida e Caffe,2026-02-17,100.32,Purchase,Approved,0,POS
TXN057034,C206,CRD0302,Checkers,2026-01-27,1128.21,Purchase,Approved,0,POS
TXN057035,C426,CRD0649,Netflix,2025-12-24,49.33,Refund,Pending,0,Online
TXN057036,C142,CRD0214,BP,2026-04-27,1180.37,Purchase,Approved,0,Online
TXN057037,C208,CRD0306,Uber Eats,2025-12-27,77.26,Purchase,Approved,0,Online
TXN057038,C292,CRD0427,Nu Metro,2026-04-25,85.27,Purchase,Approved,0,POS
TXN057039,C188,CRD0275,Uber Eats,2026-03-18,111.49,Purchase,Approved,0,Online
TXN057040,C188,CRD0275,Mr Price,2026-04-28,243.69,Purchase,Approved,0,POS
TXN057041,C486,CRD0734,Spotify,2026-01-05,64.68,Purchase,Approved,0,Online
TXN057042,C364,CRD0545,Samsung Store,2025-12-16,5861.51,Purchase,Approved,0,POS
TXN057043,C400,CRD0603,McDonalds,2025-11-26,85.48,Purchase,Approved,0,Online
TXN057044,C502,CRD0756,Cape Union Mart,2026-02-06,181.85,Purchase,Approved,0,POS
TXN057045,C365,CRD0547,Debonairs,2025-12-26,54.56,Refund,Approved,0,POS
TXN057046,C133,CRD0200,Uber Eats,2026-04-02,101.62,Purchase,Approved,0,Online
TXN057047,C008,CRD0012,Google Play,2025-12-05,17.94,Purchase,Approved,0,Online
TXN057048,C155,CRD0233,Spotify,2026-02-24,64.14,Payment,Declined,0,Online
TXN057049,C005,CRD0005,Google Play,2026-01-30,52.64,Refund,Approved,0,Online
TXN057050,C342,CRD0512,Bash.com,2026-05-27,1312.2,Payment,Approved,0,Online
TXN057051,C220,CRD0323,Clicks,2026-03-23,482.14,Purchase,Approved,0,POS
TXN057052,C411,CRD0623,Google Play,2026-03-05,14.43,Refund,Approved,0,Online
TXN057053,C471,CRD0716,Faithful to Nature,2026-03-16,548.44,Purchase,Approved,0,Online
TXN057054,C352,CRD0529,Google Play,2026-01-11,20.71,Purchase,Approved,0,Online
TXN057055,C432,CRD0658,Loot.co.za,2026-05-13,989.05,Purchase,Pending,0,Online
TXN057056,C115,CRD0175,Dis-Chem,2026-03-16,641.26,Payment,Declined,0,Online
TXN057057,C211,CRD0311,Faithful to Nature,2026-02-16,453.12,Purchase,Approved,0,Online
TXN057058,C277,CRD0401,Faithful to Nature,2026-02-25,882.29,Purchase,Approved,0,Online
TXN057059,C282,CRD0409,Steers,2026-02-25,12.37,Refund,Approved,0,POS
TXN057060,C509,CRD0763,Uber Eats,2026-01-16,173.77,Purchase,Approved,0,Online
TXN057061,C491,CRD0741,Pep,2026-04-06,290.98,Purchase,Approved,0,ATM
TXN057062,C243,CRD0351,Pick n Pay,2026-03-06,2194.73,Withdrawal,Approved,0,ATM
TXN057063,C392,CRD0591,Loot.co.za,2026-04-26,1628.48,Purchase,Approved,0,Online
TXN057064,C311,CRD0458,FlySafair,2026-01-01,657.77,Payment,Approved,0,Online
TXN057065,C214,CRD0314,Sportsmans Whouse,2026-05-16,1478.36,Withdrawal,Declined,0,ATM
TXN057066,C385,CRD0583,Nu Metro,2026-05-05,172.28,Purchase,Approved,0,POS
TXN057067,C291,CRD0425,Pep,2026-02-27,89.15,Refund,Approved,0,POS
TXN057068,C101,CRD0155,McDonalds,2026-03-13,59.46,Purchase,Declined,0,Online
TXN057069,C381,CRD0574,Romans Pizza,2026-03-26,137.48,Purchase,Approved,0,POS
TXN057070,C445,CRD0676,Loot.co.za,2026-01-08,611.47,Purchase,Declined,0,Online
TXN057071,C399,CRD0601,Clicks,2026-04-28,652.76,Purchase,Approved,0,POS
TXN057072,C267,CRD0387,Bash.com,2026-02-11,506.9,Refund,Approved,0,Online
TXN057073,C514,CRD0768,Nu Metro,2026-02-25,62.73,Purchase,Approved,0,Online
TXN057074,C077,CRD0120,Edgars,2026-03-13,526.02,Withdrawal,Approved,0,ATM
TXN057075,C319,CRD0470,Mugg and Bean,2026-01-28,107.79,Withdrawal,Approved,0,ATM
TXN057076,C041,CRD0064,ShowMax,2025-12-10,20.68,Refund,Approved,0,Online
TXN057077,C071,CRD0111,Superbalist,2026-01-07,572.58,Withdrawal,Approved,0,Online
TXN057078,C300,CRD0439,Steers,2026-05-02,116.49,Purchase,Pending,0,POS
TXN057079,C266,CRD0386,Clicks,2025-12-17,726.5,Withdrawal,Declined,0,ATM
TXN057080,C033,CRD0054,Engen,2026-01-08,589.53,Purchase,Approved,0,POS
TXN057081,C069,CRD0107,Zando,2026-02-25,4094.8,Purchase,Approved,1,Online
TXN057082,C063,CRD0097,Clicks,2026-01-28,265.14,Purchase,Approved,0,POS
TXN057083,C365,CRD0546,Google Play,2026-04-19,94.32,Purchase,Approved,0,Online
TXN057084,C260,CRD0376,Amazon.co.za,2026-03-16,2766.19,Purchase,Approved,0,Online
TXN057085,C089,CRD0137,Nu Metro,2026-02-27,76.94,Purchase,Approved,0,Online
TXN057086,C487,CRD0735,KFC,2026-04-27,29.5,Refund,Approved,0,POS
TXN057087,C404,CRD0610,Debonairs,2026-01-09,291.47,Purchase,Approved,0,POS
TXN057088,C085,CRD0129,Woolworths,2026-03-29,1653.11,Purchase,Approved,0,POS
TXN057089,C075,CRD0118,Nandos,2026-05-01,108.48,Withdrawal,Approved,0,ATM
TXN057090,C014,CRD0021,Uber Eats,2026-03-15,180.85,Purchase,Approved,0,Online
TXN057091,C031,CRD0051,Spotify,2026-03-26,55.44,Purchase,Approved,0,Online
TXN057092,C535,CRD0789,Nandos,2026-01-28,131.42,Purchase,Approved,0,POS
TXN057093,C373,CRD0561,Steers,2025-12-15,149.04,Purchase,Approved,0,Online
TXN057094,C096,CRD0149,Totalsports,2026-01-20,437.56,Purchase,Approved,0,POS
TXN057095,C121,CRD0184,Dis-Chem,2026-02-25,249.19,Purchase,Approved,0,POS
TXN057096,C177,CRD0260,Checkers,2025-12-27,179.16,Purchase,Approved,0,POS
TXN057097,C509,CRD0763,Steers,2026-01-19,139.83,Purchase,Approved,0,POS
TXN057098,C021,CRD0035,Uber Eats,2026-01-28,267.2,Purchase,Approved,0,Online
TXN057099,C199,CRD0292,Vida e Caffe,2026-03-22,79.11,Purchase,Approved,0,POS
TXN057100,C083,CRD0127,Apple iTunes,2026-02-08,41.83,Payment,Approved,0,Online
TXN057101,C364,CRD0544,Chicken Licken,2026-04-17,215.34,Purchase,Approved,0,POS
TXN057102,C007,CRD0011,Bash.com,2026-04-08,226.35,Withdrawal,Approved,0,Online
TXN057103,C425,CRD0646,Pick n Pay,2026-04-20,2511.44,Purchase,Approved,0,Online
TXN057104,C063,CRD0097,Google Play,2026-02-08,29.62,Purchase,Approved,0,Online
TXN057105,C070,CRD0110,Nandos,2026-03-08,133.14,Purchase,Approved,0,POS
TXN057106,C541,CRD0795,Checkers,2026-02-26,2005.96,Payment,Approved,0,Online
TXN057107,C338,CRD0506,Pick n Pay,2026-03-23,2249.39,Purchase,Approved,0,POS
TXN057108,C061,CRD0094,Engen,2025-11-22,70.95,Refund,Approved,0,POS
TXN057109,C009,CRD0013,Ster-Kinekor,2026-03-15,183.53,Payment,Approved,0,Online
TXN057110,C342,CRD0512,Checkers,2026-03-01,882.54,Purchase,Declined,0,POS
TXN057111,C180,CRD0264,Debonairs,2026-03-23,129.0,Purchase,Approved,0,Online
TXN057112,C258,CRD0372,Bash.com,2026-01-04,256.93,Refund,Approved,0,Online
TXN057113,C476,CRD0723,McDonalds,2025-12-31,154.67,Purchase,Approved,0,Online
TXN057114,C361,CRD0540,McDonalds,2025-12-02,60.53,Purchase,Approved,0,ATM
TXN057115,C403,CRD0608,Dis-Chem,2026-04-26,876.36,Purchase,Approved,0,Online
TXN057116,C295,CRD0432,Dis-Chem,2026-01-25,531.43,Withdrawal,Approved,0,ATM
TXN057117,C161,CRD0239,Pick n Pay,2026-03-16,2967.86,Purchase,Approved,0,Online
TXN057118,C133,CRD0201,Debonairs,2026-01-18,203.5,Purchase,Approved,0,POS
TXN057119,C332,CRD0495,Loot.co.za,2026-02-28,207.46,Purchase,Approved,0,Online
TXN057120,C414,CRD0627,Engen,2026-04-25,1199.93,Purchase,Approved,0,POS
TXN057121,C193,CRD0284,Google Play,2026-01-07,116.01,Purchase,Approved,0,Online
TXN057122,C339,CRD0508,Google Play,2026-03-27,273.86,Purchase,Approved,0,Online
TXN057123,C025,CRD0042,Pick n Pay,2026-03-25,1229.66,Purchase,Approved,0,POS
TXN057124,C338,CRD0505,SAA,2025-12-21,2774.72,Withdrawal,Approved,0,ATM
TXN057125,C057,CRD0088,Samsung Store,2026-01-13,5387.27,Purchase,Approved,0,Online
TXN057126,C518,CRD0772,Google Play,2026-04-02,19.74,Purchase,Approved,0,Online
TXN057127,C331,CRD0493,Google Play,2026-04-27,55.62,Purchase,Approved,0,Online
TXN057128,C211,CRD0310,Incredible Connect,2026-03-27,13680.92,Purchase,Declined,0,Online
TXN057129,C541,CRD0795,Google Play,2026-04-30,139.88,Purchase,Approved,0,Online
TXN057130,C409,CRD0620,Bash.com,2026-05-17,208.34,Purchase,Declined,0,Online
TXN057131,C334,CRD0500,Incredible Connect,2026-03-28,3916.39,Withdrawal,Approved,0,ATM
TXN057132,C281,CRD0408,Steers,2026-04-27,133.19,Withdrawal,Approved,0,ATM
TXN057133,C222,CRD0325,Steers,2026-01-10,177.7,Purchase,Approved,0,Online
TXN057134,C522,CRD0776,Takealot,2025-12-28,1225.95,Purchase,Approved,0,Online
TXN057135,C186,CRD0273,Google Play,2026-05-26,194.71,Withdrawal,Approved,0,Online
TXN057136,C415,CRD0629,Google Play,2026-04-25,65.67,Withdrawal,Approved,0,Online
TXN057137,C406,CRD0614,Checkers,2026-03-21,561.56,Purchase,Approved,0,POS
TXN057138,C046,CRD0071,Pep,2025-12-18,74.87,Purchase,Pending,0,Online
TXN057139,C471,CRD0716,TicketPro,2025-12-26,318.52,Purchase,Pending,0,ATM
TXN057140,C455,CRD0695,DStv,2026-01-24,171.55,Purchase,Approved,0,POS
TXN057141,C066,CRD0101,Cape Union Mart,2026-04-06,221.28,Purchase,Approved,0,Online
TXN057142,C159,CRD0237,McDonalds,2026-05-17,63.14,Withdrawal,Approved,0,ATM
TXN057143,C505,CRD0759,Incredible Connect,2026-02-25,435.74,Purchase,Approved,0,POS
TXN057144,C312,CRD0461,DStv,2026-03-26,561.19,Purchase,Approved,0,POS
TXN057145,C096,CRD0148,Superbalist,2026-05-11,1418.48,Withdrawal,Approved,0,Online
TXN057146,C165,CRD0244,Chicken Licken,2025-12-10,103.71,Purchase,Approved,0,POS
TXN057147,C508,CRD0762,Pep,2026-01-28,249.72,Purchase,Approved,0,Online
TXN057148,C168,CRD0249,TicketPro,2026-03-31,248.05,Withdrawal,Approved,0,ATM
TXN057149,C420,CRD0639,Google Play,2026-01-20,23.46,Purchase,Approved,0,Online
TXN057150,C236,CRD0342,Google Play,2025-11-29,106.7,Purchase,Approved,0,Online
TXN057151,C331,CRD0493,TicketPro,2026-01-28,842.5,Purchase,Approved,0,Online
TXN057152,C226,CRD0329,Woolworths,2026-04-08,467.07,Refund,Approved,0,Online
TXN057153,C106,CRD0162,Netflix,2026-01-28,131.16,Purchase,Approved,0,Online
TXN057154,C012,CRD0019,Uber Eats,2026-04-27,113.02,Withdrawal,Approved,0,Online
TXN057155,C406,CRD0614,Steers,2026-01-15,138.1,Purchase,Approved,0,POS
TXN057156,C182,CRD0268,Clicks,2025-11-23,516.05,Purchase,Approved,0,Online
TXN057157,C342,CRD0513,Amazon.co.za,2026-04-21,3201.43,Purchase,Approved,0,Online
TXN057158,C421,CRD0640,KFC,2026-03-26,115.4,Purchase,Approved,0,POS
TXN057159,C446,CRD0678,Uber Eats,2026-03-09,48.48,Refund,Pending,0,Online
TXN057160,C176,CRD0259,Ster-Kinekor,2026-04-21,158.61,Withdrawal,Approved,0,ATM
TXN057161,C196,CRD0288,Mr Price,2026-02-03,533.82,Purchase,Approved,0,POS
TXN057162,C422,CRD0641,Takealot,2025-12-26,741.72,Purchase,Approved,0,Online
TXN057163,C196,CRD0288,Steers,2026-04-12,108.01,Purchase,Approved,0,Online
TXN057164,C112,CRD0171,Romans Pizza,2026-03-16,176.95,Purchase,Approved,0,Online
TXN057165,C450,CRD0683,FlySafair,2025-12-31,1158.66,Purchase,Approved,0,POS
TXN057166,C067,CRD0104,Mr Price,2026-05-04,1056.22,Purchase,Approved,0,ATM
TXN057167,C371,CRD0558,Dis-Chem,2026-03-29,1022.79,Payment,Approved,0,Online
TXN057168,C405,CRD0612,Game,2026-04-26,2979.27,Payment,Approved,0,Online
TXN057169,C190,CRD0278,Foschini,2025-11-23,2763.96,Purchase,Approved,0,POS
TXN057170,C218,CRD0320,Vida e Caffe,2026-04-26,139.78,Purchase,Approved,0,ATM
TXN057171,C418,CRD0634,Woolworths,2025-11-27,410.77,Purchase,Approved,0,POS
TXN057172,C073,CRD0114,McDonalds,2026-03-01,213.99,Purchase,Approved,0,POS
TXN057173,C107,CRD0164,Gold Reef City,2026-02-25,179.91,Purchase,Approved,0,POS
TXN057174,C291,CRD0424,Google Play,2026-05-25,40.72,Purchase,Approved,0,Online
TXN057175,C405,CRD0613,Faithful to Nature,2025-12-08,145.48,Withdrawal,Approved,0,Online
TXN057176,C116,CRD0177,Dis-Chem,2026-02-15,274.79,Purchase,Approved,0,Online
TXN057177,C425,CRD0645,Clicks,2026-01-25,429.45,Purchase,Approved,0,POS
TXN057178,C523,CRD0777,Pick n Pay,2026-01-31,2060.84,Withdrawal,Approved,0,ATM
TXN057179,C004,CRD0004,Google Play,2026-02-14,74.77,Purchase,Approved,0,Online
TXN057180,C297,CRD0435,Chicken Licken,2026-02-15,172.54,Purchase,Approved,0,Online
TXN057181,C027,CRD0046,Mr Price,2026-01-05,332.98,Withdrawal,Pending,0,ATM
TXN057182,C518,CRD0772,Apple iTunes,2026-04-03,30.71,Refund,Approved,0,Online
TXN057183,C027,CRD0045,BP,2026-04-06,672.64,Purchase,Approved,0,Online
TXN057184,C392,CRD0591,Netflix,2025-12-24,168.3,Purchase,Declined,0,Online
TXN057185,C155,CRD0233,Woolworths,2026-01-27,3043.91,Purchase,Approved,1,POS
TXN057186,C390,CRD0588,Chicken Licken,2025-11-26,48.85,Purchase,Approved,0,Online
TXN057187,C246,CRD0355,Cape Union Mart,2026-03-25,172.12,Withdrawal,Approved,0,ATM
TXN057188,C353,CRD0530,Dis-Chem,2026-03-09,506.69,Purchase,Approved,0,ATM
TXN057189,C329,CRD0490,Europcar,2025-12-05,1266.55,Purchase,Approved,0,Online
TXN057190,C079,CRD0122,Chicken Licken,2026-02-09,291.9,Purchase,Approved,1,Online
TXN057191,C020,CRD0033,Cape Union Mart,2026-02-26,154.17,Purchase,Approved,0,Online
TXN057192,C310,CRD0454,Clicks,2026-05-17,242.97,Purchase,Approved,0,POS
TXN057193,C158,CRD0236,Engen,2025-12-04,1301.61,Purchase,Approved,0,Online
TXN057194,C497,CRD0750,Netflix,2026-04-24,173.68,Purchase,Approved,0,Online
TXN057195,C489,CRD0738,KFC,2026-03-04,52.3,Withdrawal,Approved,0,ATM
TXN057196,C051,CRD0080,Montecasino,2026-03-27,2388.97,Purchase,Declined,0,Online
TXN057197,C122,CRD0185,Chicken Licken,2026-02-19,176.98,Purchase,Approved,1,ATM
TXN057198,C367,CRD0551,Checkers,2026-04-27,628.36,Purchase,Approved,0,POS
TXN057199,C005,CRD0006,Steers,2026-03-07,183.72,Purchase,Approved,0,POS
TXN057200,C137,CRD0207,Apple iTunes,2026-04-28,254.73,Purchase,Declined,0,Online
TXN057201,C244,CRD0353,Mugg and Bean,2025-11-23,264.02,Purchase,Approved,0,ATM
TXN057202,C104,CRD0159,Steers,2026-03-08,22.33,Refund,Declined,0,Online
TXN057203,C446,CRD0679,Makro,2025-12-27,7058.35,Purchase,Approved,0,POS
TXN057204,C123,CRD0186,Checkers,2026-01-25,1645.12,Purchase,Approved,0,Online
TXN057205,C347,CRD0518,Ster-Kinekor,2026-01-24,148.69,Purchase,Declined,0,POS
TXN057206,C008,CRD0012,Chicken Licken,2025-12-21,60.59,Purchase,Approved,0,POS
TXN057207,C302,CRD0442,Apple iTunes,2026-04-18,107.77,Purchase,Declined,0,Online
TXN057208,C369,CRD0555,Woolworths,2026-01-25,1587.51,Purchase,Approved,0,Online
TXN057209,C032,CRD0053,McDonalds,2026-03-16,100.36,Withdrawal,Declined,0,ATM
TXN057210,C288,CRD0419,ShowMax,2025-11-25,41.02,Purchase,Approved,0,Online
TXN057211,C278,CRD0402,Clicks,2026-04-20,1155.53,Purchase,Approved,1,POS
TXN057212,C478,CRD0726,Pick n Pay,2025-12-28,162.48,Purchase,Approved,0,POS
TXN057213,C188,CRD0276,Google Play,2026-04-28,128.07,Purchase,Declined,0,Online
TXN057214,C545,CRD0799,Superbalist,2025-11-22,2196.64,Payment,Approved,0,Online
TXN057215,C379,CRD0571,Steers,2026-01-25,72.68,Withdrawal,Approved,0,ATM
TXN057216,C333,CRD0497,Spotify,2026-04-30,55.3,Purchase,Approved,0,Online
TXN057217,C374,CRD0563,Vida e Caffe,2026-05-14,39.47,Purchase,Approved,0,POS
TXN057218,C252,CRD0364,Cape Union Mart,2026-05-02,2436.05,Withdrawal,Approved,0,ATM
TXN057219,C415,CRD0630,Spotify,2025-12-03,27.61,Purchase,Approved,0,Online
TXN057220,C137,CRD0208,Vida e Caffe,2026-01-31,45.77,Purchase,Approved,0,ATM
TXN057221,C440,CRD0671,Totalsports,2026-01-28,575.7,Purchase,Approved,0,POS
TXN057222,C464,CRD0707,Clicks,2026-01-16,254.72,Purchase,Approved,0,POS
TXN057223,C404,CRD0609,Romans Pizza,2025-12-24,132.86,Purchase,Approved,0,Online
TXN057224,C347,CRD0518,Clicks,2026-01-15,246.16,Payment,Approved,0,Online
TXN057225,C452,CRD0688,Romans Pizza,2025-11-28,95.63,Purchase,Approved,0,Online
TXN057226,C116,CRD0177,Nu Metro,2026-05-08,180.71,Purchase,Approved,0,POS
TXN057227,C103,CRD0158,McDonalds,2026-02-20,51.87,Purchase,Approved,0,POS
TXN057228,C421,CRD0640,TicketPro,2026-01-10,91.29,Purchase,Approved,0,POS
TXN057229,C439,CRD0669,Clicks,2026-04-28,767.66,Purchase,Approved,0,Online
TXN057230,C173,CRD0256,Spur,2025-12-26,571.38,Withdrawal,Pending,0,ATM
TXN057231,C334,CRD0499,Steers,2026-01-17,153.09,Purchase,Approved,0,POS
TXN057232,C141,CRD0213,Clicks,2026-04-13,387.38,Purchase,Approved,0,POS
TXN057233,C490,CRD0740,TicketPro,2026-03-22,1199.17,Purchase,Approved,0,POS
TXN057234,C495,CRD0746,Incredible Connect,2025-12-20,7141.64,Purchase,Approved,0,POS
TXN057235,C167,CRD0248,Mr Price,2025-12-25,31.29,Refund,Approved,0,ATM
TXN057236,C016,CRD0023,iStore,2026-02-28,20647.39,Purchase,Pending,0,POS
TXN057237,C209,CRD0307,Google Play,2026-01-22,36.35,Purchase,Declined,0,Online
TXN057238,C091,CRD0141,Checkers,2026-01-26,79.15,Payment,Approved,0,Online
TXN057239,C321,CRD0475,Google Play,2026-01-31,162.14,Purchase,Approved,0,Online
TXN057240,C385,CRD0582,Spotify,2025-12-31,67.3,Purchase,Approved,0,Online
TXN057241,C503,CRD0757,Amazon.co.za,2026-02-28,2608.25,Purchase,Declined,0,Online
TXN057242,C118,CRD0179,Debonairs,2026-05-16,212.76,Payment,Approved,0,Online
TXN057243,C458,CRD0698,Steers,2026-05-15,147.18,Purchase,Approved,0,POS
TXN057244,C166,CRD0247,Gold Reef City,2026-03-19,559.41,Purchase,Approved,0,POS
TXN057245,C011,CRD0018,Apple iTunes,2026-01-26,56.72,Withdrawal,Approved,0,Online
TXN057246,C243,CRD0351,Google Play,2026-05-27,121.81,Purchase,Approved,0,Online
TXN057247,C353,CRD0530,Debonairs,2025-12-05,84.4,Purchase,Approved,0,POS
TXN057248,C226,CRD0329,Loot.co.za,2026-04-04,694.0,Purchase,Declined,0,Online
TXN057249,C240,CRD0348,Google Play,2026-05-12,23.14,Purchase,Approved,0,Online
TXN057250,C475,CRD0721,Clicks,2026-02-25,356.9,Purchase,Approved,0,ATM
TXN057251,C031,CRD0051,Mugg and Bean,2026-04-04,205.15,Purchase,Approved,0,POS
TXN057252,C451,CRD0687,Apple iTunes,2026-04-07,196.27,Purchase,Approved,0,Online
TXN057253,C335,CRD0502,McDonalds,2025-12-18,71.72,Purchase,Approved,0,POS
TXN057254,C216,CRD0316,Truworths,2026-03-19,1162.49,Purchase,Approved,0,POS
TXN057255,C365,CRD0546,Spotify,2026-04-07,65.85,Purchase,Approved,0,Online
TXN057256,C492,CRD0742,Apple iTunes,2025-12-25,33.78,Purchase,Approved,0,Online
TXN057257,C065,CRD0099,Spotify,2025-12-19,53.31,Purchase,Approved,0,Online
TXN057258,C174,CRD0257,Ocean Basket,2026-04-17,378.04,Purchase,Approved,0,ATM
TXN057259,C466,CRD0709,Netflix,2026-03-19,171.79,Purchase,Approved,0,Online
TXN057260,C058,CRD0090,Steers,2026-02-27,114.39,Purchase,Approved,0,Online
TXN057261,C328,CRD0488,Pick n Pay,2026-01-25,1104.48,Withdrawal,Approved,0,ATM
TXN057262,C113,CRD0173,Ster-Kinekor,2026-01-21,172.39,Purchase,Approved,0,Online
TXN057263,C220,CRD0323,Mr Price,2026-04-28,424.77,Purchase,Approved,0,POS
TXN057264,C228,CRD0331,Chicken Licken,2026-03-05,132.26,Purchase,Approved,0,ATM
TXN057265,C163,CRD0242,DStv,2026-01-26,163.23,Purchase,Declined,0,POS
TXN057266,C089,CRD0137,McDonalds,2026-02-27,163.0,Purchase,Approved,0,POS
TXN057267,C467,CRD0711,Steers,2025-12-25,21.96,Refund,Declined,0,POS
TXN057268,C331,CRD0493,Steers,2025-12-21,124.98,Purchase,Approved,0,POS
TXN057269,C322,CRD0477,Ocean Basket,2026-03-25,375.94,Purchase,Approved,0,POS
TXN057270,C503,CRD0757,Amazon.co.za,2026-04-05,3574.02,Purchase,Approved,0,Online
TXN057271,C423,CRD0642,Cape Union Mart,2026-05-13,350.03,Purchase,Approved,0,POS
TXN057272,C311,CRD0459,Google Play,2025-12-04,45.49,Withdrawal,Approved,0,Online
TXN057273,C375,CRD0564,Apple iTunes,2026-03-18,473.58,Purchase,Approved,0,Online
TXN057274,C130,CRD0196,Gold Reef City,2025-12-28,162.46,Purchase,Approved,0,POS
TXN057275,C413,CRD0626,Romans Pizza,2026-01-15,176.57,Purchase,Approved,0,ATM
TXN057276,C020,CRD0032,Clicks,2025-12-11,580.41,Purchase,Approved,0,POS
TXN057277,C096,CRD0148,Uber Eats,2026-01-02,81.26,Purchase,Approved,0,Online
TXN057278,C010,CRD0015,Cape Union Mart,2025-12-01,900.6,Purchase,Approved,0,POS
TXN057279,C513,CRD0767,Debonairs,2026-01-01,191.2,Purchase,Approved,0,Online
TXN057280,C405,CRD0613,Dis-Chem,2026-04-27,351.5,Purchase,Approved,0,ATM
TXN057281,C023,CRD0039,Debonairs,2026-04-10,182.42,Purchase,Approved,0,Online
TXN057282,C035,CRD0056,Vida e Caffe,2026-05-28,103.62,Purchase,Approved,0,Online
TXN057283,C351,CRD0527,Google Play,2026-03-05,217.05,Withdrawal,Approved,0,Online
TXN057284,C188,CRD0275,Apple iTunes,2026-03-28,67.55,Purchase,Approved,0,Online
TXN057285,C095,CRD0146,Incredible Connect,2026-04-26,10850.95,Purchase,Pending,0,POS
TXN057286,C326,CRD0485,Amazon.co.za,2026-01-06,533.57,Purchase,Approved,0,Online
TXN057287,C249,CRD0361,ShowMax,2025-12-18,96.31,Purchase,Approved,0,Online
TXN057288,C415,CRD0629,Steers,2026-03-22,86.35,Purchase,Approved,0,POS
TXN057289,C146,CRD0219,Vida e Caffe,2026-01-25,50.65,Withdrawal,Approved,0,ATM
TXN057290,C229,CRD0333,Debonairs,2026-02-21,94.55,Withdrawal,Pending,0,ATM
TXN057291,C306,CRD0449,Google Play,2026-03-03,264.74,Withdrawal,Approved,0,Online
TXN057292,C041,CRD0064,Takealot,2026-02-02,1484.72,Purchase,Approved,0,Online
TXN057293,C047,CRD0073,Samsung Store,2026-01-28,12951.01,Purchase,Approved,0,POS
TXN057294,C239,CRD0346,Woolworths,2026-05-13,1207.99,Purchase,Approved,0,POS
TXN057295,C438,CRD0666,Spotify,2026-02-15,48.25,Withdrawal,Approved,0,Online
TXN057296,C267,CRD0387,Loot.co.za,2026-02-01,1808.33,Withdrawal,Approved,0,Online
TXN057297,C484,CRD0732,Spotify,2026-01-11,53.29,Payment,Approved,0,Online
TXN057298,C233,CRD0339,Nu Metro,2026-01-27,126.11,Purchase,Approved,0,Online
TXN057299,C279,CRD0406,Loot.co.za,2025-11-28,470.84,Purchase,Approved,0,Online
TXN057300,C451,CRD0687,Uber Eats,2026-04-28,79.39,Purchase,Approved,0,Online
TXN057301,C474,CRD0720,Bash.com,2026-01-06,549.95,Payment,Approved,0,Online
TXN057302,C133,CRD0200,Google Play,2026-02-26,15.91,Withdrawal,Declined,0,Online
TXN057303,C137,CRD0207,Spotify,2026-05-09,50.71,Purchase,Approved,0,Online
TXN057304,C367,CRD0552,Foschini,2026-01-29,454.42,Purchase,Approved,0,POS
TXN057305,C121,CRD0184,Steers,2026-05-10,62.75,Withdrawal,Approved,0,ATM
TXN057306,C146,CRD0221,Apple iTunes,2025-12-30,99.07,Purchase,Approved,0,Online
TXN057307,C149,CRD0225,Google Play,2026-04-19,146.45,Purchase,Approved,0,Online
TXN057308,C406,CRD0614,Cape Union Mart,2026-02-15,2031.49,Withdrawal,Declined,0,ATM
TXN057309,C418,CRD0634,Uber Eats,2025-12-05,391.43,Purchase,Approved,1,Online
TXN057310,C256,CRD0369,ShowMax,2026-02-01,58.04,Purchase,Approved,0,Online
TXN057311,C279,CRD0405,Dis-Chem,2025-11-29,130.24,Purchase,Approved,0,POS
TXN057312,C450,CRD0684,Checkers,2025-12-18,1718.38,Purchase,Declined,0,POS
TXN057313,C257,CRD0371,Montecasino,2026-01-10,1221.74,Purchase,Approved,0,ATM
TXN057314,C295,CRD0432,Google Play,2026-02-28,119.24,Withdrawal,Approved,0,Online
TXN057315,C411,CRD0623,Google Play,2026-03-06,327.69,Purchase,Approved,1,Online
TXN057316,C399,CRD0601,Nandos,2026-04-04,207.93,Purchase,Approved,0,Online
TXN057317,C393,CRD0593,Romans Pizza,2026-01-19,176.28,Purchase,Approved,0,Online
TXN057318,C394,CRD0594,KFC,2026-01-08,166.95,Purchase,Approved,0,ATM
TXN057319,C364,CRD0543,TicketPro,2025-12-21,512.85,Withdrawal,Approved,0,ATM
TXN057320,C292,CRD0427,Kulula,2026-04-01,3153.59,Withdrawal,Approved,0,ATM
TXN057321,C070,CRD0109,Pick n Pay,2026-02-18,1131.46,Purchase,Approved,0,POS
TXN057322,C249,CRD0360,Steers,2026-01-27,80.15,Purchase,Declined,0,Online
TXN057323,C178,CRD0262,Debonairs,2026-02-25,69.89,Purchase,Approved,0,POS
TXN057324,C337,CRD0504,DStv,2026-03-28,334.37,Purchase,Approved,0,POS
TXN057325,C130,CRD0195,Vida e Caffe,2025-11-24,125.03,Withdrawal,Approved,0,ATM
TXN057326,C265,CRD0383,Faithful to Nature,2026-01-21,473.57,Purchase,Approved,0,Online
TXN057327,C421,CRD0640,Steers,2026-03-26,89.26,Purchase,Approved,0,POS
TXN057328,C090,CRD0138,Mr Price,2026-03-22,506.31,Purchase,Approved,0,POS
TXN057329,C406,CRD0615,Google Play,2025-12-10,52.96,Purchase,Approved,0,Online
TXN057330,C078,CRD0121,Checkers,2025-12-25,1420.81,Purchase,Approved,0,POS
TXN057331,C124,CRD0187,Totalsports,2026-02-09,1581.58,Purchase,Approved,0,POS
TXN057332,C439,CRD0669,Debonairs,2025-12-26,201.65,Purchase,Declined,0,Online
TXN057333,C221,CRD0324,Checkers,2026-02-18,556.61,Purchase,Approved,0,POS
TXN057334,C337,CRD0504,Totalsports,2025-12-23,570.01,Purchase,Approved,0,POS
TXN057335,C304,CRD0446,Loot.co.za,2026-02-16,859.07,Purchase,Approved,0,Online
TXN057336,C352,CRD0529,Avis SA,2026-04-18,389.66,Purchase,Approved,0,POS
TXN057337,C029,CRD0049,Edgars,2026-01-02,1038.57,Purchase,Approved,0,Online
TXN057338,C356,CRD0535,Pep,2026-04-24,114.33,Purchase,Approved,0,POS
TXN057339,C090,CRD0140,Vida e Caffe,2026-01-14,174.86,Purchase,Approved,0,POS
TXN057340,C339,CRD0509,Checkers,2026-05-17,1765.04,Purchase,Approved,0,Online
TXN057341,C341,CRD0511,Steers,2026-05-09,63.95,Purchase,Approved,0,POS
TXN057342,C275,CRD0399,Checkers,2026-02-12,917.58,Purchase,Approved,0,POS
TXN057343,C041,CRD0066,Vida e Caffe,2026-01-26,159.7,Purchase,Approved,0,POS
TXN057344,C205,CRD0301,Chicken Licken,2026-01-09,72.45,Purchase,Approved,0,POS
TXN057345,C253,CRD0366,Google Play,2025-12-22,172.24,Purchase,Approved,0,Online
TXN057346,C349,CRD0523,Vida e Caffe,2026-02-18,73.78,Purchase,Approved,0,POS
TXN057347,C371,CRD0559,Wimpy,2025-12-21,71.91,Purchase,Approved,0,POS
TXN057348,C509,CRD0763,Truworths,2026-04-04,554.14,Purchase,Approved,0,POS
TXN057349,C065,CRD0099,Pep,2026-05-07,123.91,Purchase,Pending,0,POS
TXN057350,C255,CRD0368,Spotify,2026-03-27,49.76,Purchase,Approved,0,Online
TXN057351,C015,CRD0022,Mugg and Bean,2026-03-25,311.48,Purchase,Approved,0,POS
TXN057352,C490,CRD0740,DStv,2026-04-05,407.83,Purchase,Approved,0,POS
TXN057353,C414,CRD0627,McDonalds,2025-11-24,159.77,Purchase,Approved,0,Online
TXN057354,C270,CRD0392,Spotify,2025-11-25,57.91,Purchase,Approved,0,Online
TXN057355,C130,CRD0195,Debonairs,2026-04-28,115.52,Purchase,Approved,0,POS
TXN057356,C472,CRD0717,Vida e Caffe,2025-12-25,69.93,Withdrawal,Approved,0,ATM
TXN057357,C448,CRD0681,Chicken Licken,2026-01-31,114.95,Purchase,Approved,0,ATM
TXN057358,C324,CRD0481,Apple iTunes,2026-03-23,107.9,Purchase,Approved,0,Online
TXN057359,C038,CRD0061,Spur,2026-02-28,103.55,Withdrawal,Declined,0,ATM
TXN057360,C287,CRD0417,Loot.co.za,2026-01-30,441.47,Purchase,Approved,0,Online
TXN057361,C500,CRD0754,Google Play,2026-01-26,249.56,Purchase,Approved,0,Online
TXN057362,C372,CRD0560,Takealot,2025-11-25,3427.63,Purchase,Pending,0,Online
TXN057363,C110,CRD0167,Makro,2025-12-16,7865.97,Purchase,Approved,0,Online
TXN057364,C514,CRD0768,Apple iTunes,2025-12-22,223.61,Purchase,Approved,0,Online
TXN057365,C056,CRD0087,McDonalds,2026-02-01,170.53,Purchase,Approved,0,Online
TXN057366,C370,CRD0557,Europcar,2026-02-25,1554.44,Purchase,Approved,0,Online
TXN057367,C035,CRD0056,Clicks,2025-11-29,661.81,Withdrawal,Approved,0,ATM
TXN057368,C420,CRD0637,Apple iTunes,2026-04-13,125.56,Purchase,Approved,0,Online
TXN057369,C317,CRD0468,Nandos,2025-12-28,124.61,Purchase,Approved,0,POS
TXN057370,C495,CRD0746,Loot.co.za,2026-03-26,2258.91,Purchase,Approved,1,Online
TXN057371,C387,CRD0585,KFC,2026-03-26,139.01,Payment,Approved,0,Online
TXN057372,C330,CRD0491,Debonairs,2026-03-17,62.62,Purchase,Approved,0,POS
TXN057373,C305,CRD0447,Engen,2026-03-22,1120.83,Purchase,Approved,0,Online
TXN057374,C300,CRD0439,Checkers,2026-02-09,1100.3,Withdrawal,Approved,0,ATM
TXN057375,C505,CRD0759,Cape Union Mart,2025-12-31,330.83,Withdrawal,Approved,0,ATM
TXN057376,C511,CRD0765,Google Play,2026-05-18,32.84,Purchase,Approved,0,Online
TXN057377,C379,CRD0571,Takealot,2026-03-31,3345.92,Purchase,Approved,0,Online
TXN057378,C339,CRD0509,Checkers,2026-02-28,1335.92,Purchase,Approved,0,POS
TXN057379,C325,CRD0482,Google Play,2026-02-26,216.22,Payment,Approved,0,Online
TXN057380,C089,CRD0136,Clicks,2026-03-13,214.52,Purchase,Approved,0,Online
TXN057381,C115,CRD0175,Sportsmans Whouse,2026-03-02,936.62,Withdrawal,Approved,0,ATM
TXN057382,C257,CRD0370,Engen,2025-12-18,314.14,Purchase,Approved,0,Online
TXN057383,C292,CRD0427,Dis-Chem,2026-05-28,891.27,Purchase,Approved,0,POS
TXN057384,C016,CRD0023,Engen,2025-11-26,1188.79,Withdrawal,Approved,0,ATM
TXN057385,C351,CRD0526,Steers,2026-05-05,109.61,Purchase,Approved,0,POS
TXN057386,C034,CRD0055,Takealot,2026-03-10,3499.45,Purchase,Approved,0,Online
TXN057387,C267,CRD0387,KFC,2026-05-03,45.02,Purchase,Approved,0,POS
TXN057388,C364,CRD0543,McDonalds,2026-04-21,176.99,Payment,Approved,0,Online
TXN057389,C406,CRD0616,Woolworths,2026-01-01,1788.41,Purchase,Approved,0,Online
TXN057390,C083,CRD0127,Wimpy,2026-01-30,115.43,Purchase,Approved,0,Online
TXN057391,C366,CRD0550,Engen,2025-11-25,554.92,Purchase,Approved,0,POS
TXN057392,C090,CRD0138,Edgars,2026-02-19,1698.65,Withdrawal,Approved,0,ATM
TXN057393,C477,CRD0725,Cape Union Mart,2025-12-27,1236.32,Withdrawal,Approved,0,ATM
TXN057394,C200,CRD0295,Steers,2025-11-25,67.82,Withdrawal,Declined,0,ATM
TXN057395,C367,CRD0551,Nu Metro,2026-05-16,96.26,Purchase,Approved,0,Online
TXN057396,C432,CRD0657,Vida e Caffe,2026-01-26,83.82,Purchase,Approved,0,POS
TXN057397,C091,CRD0142,Zando,2026-01-28,819.46,Withdrawal,Approved,0,Online
TXN057398,C170,CRD0251,Apple iTunes,2026-04-16,292.16,Withdrawal,Approved,0,Online
TXN057399,C348,CRD0520,Debonairs,2026-03-18,98.29,Purchase,Approved,0,ATM
TXN057400,C396,CRD0596,Steers,2026-04-14,190.08,Purchase,Approved,0,POS
TXN057401,C529,CRD0783,BP,2026-01-26,1135.3,Purchase,Approved,0,POS
TXN057402,C069,CRD0106,McDonalds,2026-04-07,53.3,Payment,Approved,0,Online
TXN057403,C133,CRD0200,Cape Union Mart,2026-04-04,2110.89,Purchase,Approved,0,POS
TXN057404,C532,CRD0786,Steers,2025-12-07,54.0,Purchase,Approved,0,Online
TXN057405,C252,CRD0365,KFC,2026-04-27,124.16,Purchase,Approved,0,POS
TXN057406,C500,CRD0754,Bash.com,2026-05-16,2614.43,Purchase,Approved,0,Online
TXN057407,C189,CRD0277,McDonalds,2025-12-07,115.9,Purchase,Approved,0,ATM
TXN057408,C542,CRD0796,Pep,2026-01-01,96.6,Withdrawal,Approved,0,ATM
TXN057409,C063,CRD0097,Dis-Chem,2026-04-06,395.42,Purchase,Approved,0,POS
TXN057410,C254,CRD0367,Uber Eats,2026-01-09,394.08,Withdrawal,Approved,0,Online
TXN057411,C339,CRD0508,Engen,2026-02-01,1046.58,Purchase,Declined,0,ATM
TXN057412,C457,CRD0697,Apple iTunes,2026-04-26,333.47,Purchase,Approved,0,Online
TXN057413,C425,CRD0646,Clicks,2026-01-28,364.78,Purchase,Pending,0,Online
TXN057414,C496,CRD0748,Cape Union Mart,2025-12-16,34.74,Refund,Approved,0,POS
TXN057415,C310,CRD0456,Spotify,2026-02-25,47.85,Purchase,Pending,0,Online
TXN057416,C510,CRD0764,Uber Eats,2025-12-18,216.39,Purchase,Declined,0,Online
TXN057417,C218,CRD0319,Loot.co.za,2026-01-26,266.67,Purchase,Approved,0,Online
TXN057418,C178,CRD0262,Dis-Chem,2026-01-26,291.02,Purchase,Approved,0,POS
TXN057419,C450,CRD0684,Mugg and Bean,2026-03-19,94.8,Purchase,Approved,0,POS
TXN057420,C204,CRD0299,KFC,2026-01-25,96.12,Purchase,Approved,0,Online
TXN057421,C027,CRD0046,Shell,2026-03-02,867.94,Purchase,Approved,0,ATM
TXN057422,C411,CRD0623,Vida e Caffe,2025-12-19,27.78,Refund,Approved,0,POS
TXN057423,C350,CRD0525,Ster-Kinekor,2026-03-27,271.03,Payment,Declined,0,Online
TXN057424,C018,CRD0027,Spur,2026-03-17,435.27,Purchase,Approved,0,POS
TXN057425,C091,CRD0142,Wimpy,2025-11-27,87.52,Payment,Declined,0,Online
TXN057426,C405,CRD0613,Google Play,2025-12-02,65.21,Purchase,Pending,0,Online
TXN057427,C239,CRD0346,Debonairs,2026-02-26,218.9,Purchase,Approved,0,POS
TXN057428,C358,CRD0537,Steers,2026-02-27,74.97,Purchase,Approved,0,POS
TXN057429,C339,CRD0508,Superbalist,2026-05-01,954.4,Purchase,Declined,0,Online
TXN057430,C544,CRD0798,Faithful to Nature,2025-11-23,1486.42,Purchase,Approved,0,Online
TXN057431,C321,CRD0474,Takealot,2026-03-28,3298.41,Purchase,Approved,0,Online
TXN057432,C178,CRD0262,Google Play,2026-04-04,13.26,Refund,Approved,0,Online
TXN057433,C398,CRD0599,Avis SA,2026-01-22,1351.8,Purchase,Approved,0,POS
TXN057434,C404,CRD0610,McDonalds,2026-05-08,106.44,Purchase,Approved,0,ATM
TXN057435,C032,CRD0053,Apple iTunes,2026-04-07,428.69,Purchase,Approved,0,Online
TXN057436,C049,CRD0078,Mr Price,2026-02-25,572.04,Purchase,Approved,0,POS
TXN057437,C419,CRD0636,Loot.co.za,2025-11-28,2362.78,Purchase,Approved,0,Online
TXN057438,C541,CRD0795,Chicken Licken,2026-05-05,90.34,Purchase,Approved,0,POS
TXN057439,C255,CRD0368,Debonairs,2026-02-07,176.42,Purchase,Approved,0,Online
TXN057440,C069,CRD0107,Pick n Pay,2026-02-27,797.53,Purchase,Approved,0,ATM
TXN057441,C482,CRD0730,McDonalds,2025-12-25,233.11,Purchase,Approved,1,Online
TXN057442,C236,CRD0342,Cape Union Mart,2026-01-07,2217.36,Purchase,Approved,0,POS
TXN057443,C266,CRD0385,Debonairs,2026-02-26,98.71,Purchase,Approved,0,POS
TXN057444,C063,CRD0097,Google Play,2026-05-06,6.38,Refund,Approved,0,Online
TXN057445,C267,CRD0387,Clicks,2026-05-13,621.37,Purchase,Approved,0,POS
TXN057446,C124,CRD0187,Ster-Kinekor,2025-12-20,105.6,Purchase,Approved,0,POS
TXN057447,C014,CRD0021,Romans Pizza,2026-03-27,115.18,Purchase,Approved,0,POS
TXN057448,C416,CRD0631,Debonairs,2026-03-14,246.74,Purchase,Declined,0,POS
TXN057449,C027,CRD0046,Nu Metro,2025-12-07,113.85,Payment,Approved,0,Online
TXN057450,C201,CRD0296,Woolworths,2026-02-28,430.19,Withdrawal,Approved,0,ATM
TXN057451,C241,CRD0349,Faithful to Nature,2026-01-06,627.72,Purchase,Approved,0,Online
TXN057452,C345,CRD0516,Pick n Pay,2026-04-02,2569.71,Purchase,Approved,0,Online
TXN057453,C150,CRD0226,Cape Union Mart,2026-02-22,2436.0,Purchase,Approved,1,POS
TXN057454,C257,CRD0371,TicketPro,2026-01-25,250.91,Withdrawal,Declined,0,ATM
TXN057455,C031,CRD0051,Superbalist,2025-12-28,927.79,Purchase,Approved,0,Online
TXN057456,C232,CRD0338,Truworths,2026-03-25,1537.78,Purchase,Approved,0,POS
TXN057457,C052,CRD0081,Uber Eats,2026-04-25,132.22,Withdrawal,Approved,0,Online
TXN057458,C429,CRD0653,Pep,2026-01-27,336.89,Withdrawal,Approved,0,ATM
TXN057459,C071,CRD0111,City Lodge,2026-05-26,975.32,Purchase,Approved,0,Online
TXN057460,C291,CRD0425,Takealot,2026-03-27,782.81,Purchase,Approved,0,Online
TXN057461,C319,CRD0470,McDonalds,2026-04-04,69.87,Purchase,Approved,0,POS
TXN057462,C037,CRD0058,Chicken Licken,2026-05-02,132.7,Withdrawal,Approved,0,ATM
TXN057463,C107,CRD0164,Google Play,2025-12-26,331.98,Purchase,Approved,1,Online
TXN057464,C456,CRD0696,Samsung Store,2026-01-25,3888.14,Purchase,Approved,0,ATM
TXN057465,C202,CRD0297,Loot.co.za,2025-12-25,3667.11,Payment,Approved,1,Online
TXN057466,C229,CRD0332,Pick n Pay,2026-03-28,1005.69,Purchase,Approved,0,POS
TXN057467,C482,CRD0730,Europcar,2026-03-26,673.56,Purchase,Approved,0,POS
TXN057468,C137,CRD0206,Sportsmans Whouse,2026-01-27,774.98,Purchase,Approved,0,POS
TXN057469,C453,CRD0690,Debonairs,2026-03-08,210.78,Purchase,Approved,0,Online
TXN057470,C482,CRD0730,Apple iTunes,2025-12-18,87.88,Withdrawal,Approved,0,Online
TXN057471,C101,CRD0155,Google Play,2026-01-05,16.02,Refund,Approved,0,Online
TXN057472,C096,CRD0149,Mr Price,2026-03-27,1156.81,Purchase,Approved,0,POS
TXN057473,C302,CRD0442,Game,2026-01-29,514.65,Withdrawal,Approved,0,ATM
TXN057474,C263,CRD0381,Uber Eats,2025-12-11,282.69,Purchase,Approved,0,Online
TXN057475,C164,CRD0243,Debonairs,2026-05-12,154.07,Purchase,Declined,0,POS
TXN057476,C529,CRD0783,Ster-Kinekor,2025-12-13,167.84,Purchase,Approved,0,POS
TXN057477,C042,CRD0067,TicketPro,2025-11-29,1070.15,Payment,Approved,0,Online
TXN057478,C462,CRD0703,Dis-Chem,2025-12-29,336.28,Purchase,Approved,0,POS
TXN057479,C261,CRD0378,Google Play,2025-12-12,133.44,Withdrawal,Declined,0,Online
TXN057480,C327,CRD0487,Pep,2025-12-15,372.92,Purchase,Approved,0,POS
TXN057481,C340,CRD0510,Checkers,2025-12-18,2255.6,Withdrawal,Approved,0,ATM
TXN057482,C495,CRD0747,Wimpy,2026-03-27,155.63,Withdrawal,Approved,0,ATM
TXN057483,C355,CRD0533,Steers,2025-12-03,100.57,Purchase,Approved,0,Online
TXN057484,C304,CRD0445,Loot.co.za,2026-01-27,609.07,Purchase,Approved,0,Online
TXN057485,C526,CRD0780,Dis-Chem,2025-12-27,327.71,Purchase,Approved,0,POS
TXN057486,C216,CRD0316,Avis SA,2026-03-17,2828.85,Purchase,Approved,0,POS
TXN057487,C068,CRD0105,Google Play,2026-03-26,20.07,Payment,Approved,0,Online
TXN057488,C399,CRD0601,Uber Eats,2026-02-28,559.08,Purchase,Approved,1,Online
TXN057489,C220,CRD0322,Checkers,2025-12-22,738.88,Purchase,Approved,0,Online
TXN057490,C458,CRD0698,Cape Union Mart,2026-05-28,212.47,Withdrawal,Approved,0,ATM
TXN057491,C116,CRD0177,Apple iTunes,2025-12-09,211.3,Payment,Approved,0,Online
TXN057492,C209,CRD0308,Spur,2026-05-15,207.21,Purchase,Approved,0,ATM
TXN057493,C311,CRD0457,Takealot,2025-12-27,337.77,Payment,Approved,0,Online
TXN057494,C182,CRD0267,Apple iTunes,2026-05-27,359.19,Purchase,Approved,0,Online
TXN057495,C301,CRD0441,Google Play,2026-01-25,99.71,Payment,Approved,0,Online
TXN057496,C174,CRD0257,Cape Union Mart,2025-11-27,2112.79,Purchase,Declined,0,Online
TXN057497,C449,CRD0682,Dis-Chem,2026-04-22,387.66,Purchase,Approved,0,Online
TXN057498,C409,CRD0620,Checkers,2026-02-10,2115.72,Purchase,Approved,0,POS
TXN057499,C041,CRD0066,Pep,2025-12-20,447.76,Purchase,Approved,0,POS
TXN057500,C535,CRD0789,Builders Warehouse,2026-05-02,3857.3,Purchase,Approved,0,Online
TXN057501,C517,CRD0771,Apple iTunes,2025-11-30,69.78,Withdrawal,Approved,0,Online
TXN057502,C514,CRD0768,Nandos,2025-11-28,221.15,Purchase,Approved,0,POS
TXN057503,C098,CRD0152,Spotify,2026-02-09,50.64,Withdrawal,Approved,1,Online
TXN057504,C499,CRD0753,McDonalds,2026-05-18,117.87,Withdrawal,Approved,0,ATM
TXN057505,C267,CRD0387,Mr Price,2025-12-17,726.62,Withdrawal,Approved,0,ATM
TXN057506,C446,CRD0678,Wimpy,2026-01-22,102.66,Purchase,Approved,0,POS
TXN057507,C069,CRD0108,KFC,2026-05-18,36.64,Refund,Approved,0,POS
TXN057508,C496,CRD0749,Mr Price,2026-05-03,202.73,Refund,Approved,0,POS
TXN057509,C260,CRD0377,Wimpy,2026-01-19,153.04,Payment,Approved,0,Online
TXN057510,C420,CRD0638,TicketPro,2026-01-02,827.86,Purchase,Approved,0,POS
TXN057511,C182,CRD0267,McDonalds,2026-01-14,232.47,Purchase,Approved,1,ATM
TXN057512,C313,CRD0462,Nandos,2026-01-16,173.13,Purchase,Approved,0,Online
TXN057513,C161,CRD0239,Romans Pizza,2026-02-27,157.58,Purchase,Approved,0,POS
TXN057514,C538,CRD0792,KFC,2025-12-01,127.31,Purchase,Approved,0,ATM
TXN057515,C533,CRD0787,Vida e Caffe,2025-12-24,222.45,Purchase,Approved,1,Online
TXN057516,C228,CRD0331,Mugg and Bean,2025-11-27,151.96,Purchase,Approved,0,Online
TXN057517,C262,CRD0379,Dis-Chem,2026-01-28,290.52,Purchase,Approved,0,POS
TXN057518,C250,CRD0362,Nandos,2025-12-28,69.0,Payment,Approved,0,Online
TXN057519,C024,CRD0040,Makro,2026-01-24,4428.03,Withdrawal,Approved,0,ATM
TXN057520,C338,CRD0506,Google Play,2026-02-08,101.29,Payment,Approved,0,Online
TXN057521,C476,CRD0724,Pep,2026-03-18,283.27,Purchase,Pending,0,Online
TXN057522,C193,CRD0284,Montecasino,2025-12-01,593.93,Withdrawal,Approved,0,ATM
TXN057523,C414,CRD0627,Debonairs,2026-03-20,73.81,Purchase,Approved,0,POS
TXN057524,C090,CRD0140,Steers,2026-03-07,78.49,Purchase,Approved,0,POS
TXN057525,C277,CRD0401,Google Play,2026-05-18,293.96,Purchase,Approved,0,Online
TXN057526,C090,CRD0140,Nandos,2026-04-22,313.15,Purchase,Approved,0,Online
TXN057527,C492,CRD0742,McDonalds,2026-05-13,74.28,Purchase,Approved,0,POS
TXN057528,C385,CRD0583,Montecasino,2025-11-28,1433.49,Purchase,Approved,0,POS
TXN057529,C548,CRD0802,Vida e Caffe,2026-01-24,119.43,Purchase,Approved,0,Online
TXN057530,C376,CRD0566,Google Play,2026-01-14,212.33,Withdrawal,Approved,0,Online
TXN057531,C027,CRD0046,Truworths,2026-01-27,1405.17,Purchase,Approved,0,Online
TXN057532,C189,CRD0277,Google Play,2026-04-08,92.48,Purchase,Approved,0,Online
TXN057533,C399,CRD0601,TicketPro,2026-02-18,529.66,Purchase,Approved,0,Online
TXN057534,C007,CRD0011,Vida e Caffe,2026-02-01,45.79,Purchase,Approved,0,POS
TXN057535,C440,CRD0671,Nandos,2026-01-27,92.4,Purchase,Declined,0,POS
TXN057536,C149,CRD0225,Amazon.co.za,2025-12-13,3375.13,Purchase,Approved,0,Online
TXN057537,C270,CRD0392,Clicks,2026-02-26,266.87,Purchase,Approved,0,POS
TXN057538,C331,CRD0493,TicketPro,2026-02-10,196.93,Withdrawal,Approved,0,ATM
TXN057539,C025,CRD0042,Cape Union Mart,2026-02-25,364.85,Refund,Pending,0,POS
TXN057540,C328,CRD0488,Pep,2026-03-28,115.2,Payment,Approved,0,Online
TXN057541,C059,CRD0092,Mr Price,2026-05-02,57.82,Refund,Approved,0,Online
TXN057542,C193,CRD0284,Chicken Licken,2025-12-13,42.83,Payment,Approved,0,Online
TXN057543,C416,CRD0631,Bash.com,2026-03-28,1951.92,Payment,Approved,0,Online
TXN057544,C018,CRD0029,Wimpy,2026-05-17,134.97,Purchase,Approved,0,POS
TXN057545,C300,CRD0439,Pick n Pay,2026-02-07,608.51,Purchase,Approved,0,POS
TXN057546,C474,CRD0720,Woolworths,2026-04-03,938.94,Withdrawal,Approved,0,ATM
TXN057547,C156,CRD0234,KFC,2025-12-29,44.21,Purchase,Approved,0,POS
TXN057548,C260,CRD0376,Debonairs,2025-12-05,196.32,Withdrawal,Approved,0,ATM
TXN057549,C381,CRD0574,Pep,2026-04-01,56.01,Refund,Approved,0,ATM
TXN057550,C487,CRD0735,KFC,2026-05-04,87.14,Purchase,Approved,0,POS
TXN057551,C534,CRD0788,Superbalist,2026-03-02,2198.82,Purchase,Approved,0,Online
TXN057552,C425,CRD0644,Ster-Kinekor,2026-02-18,120.5,Withdrawal,Approved,0,ATM
TXN057553,C523,CRD0777,Pep,2026-04-28,273.34,Purchase,Approved,0,POS
TXN057554,C379,CRD0571,Dis-Chem,2025-12-13,936.21,Payment,Approved,0,Online
TXN057555,C147,CRD0222,Zando,2026-02-26,2376.66,Purchase,Approved,0,Online
TXN057556,C231,CRD0337,Apple iTunes,2025-12-07,177.12,Purchase,Approved,0,Online
TXN057557,C327,CRD0487,Nandos,2026-03-24,60.03,Refund,Declined,0,POS
TXN057558,C142,CRD0214,Uber Eats,2025-12-26,180.62,Purchase,Approved,0,Online
TXN057559,C089,CRD0137,Steers,2026-02-28,30.1,Refund,Approved,0,Online
TXN057560,C031,CRD0051,Apple iTunes,2026-02-01,157.11,Purchase,Approved,0,Online
TXN057561,C032,CRD0052,Chicken Licken,2026-04-17,51.33,Purchase,Approved,0,POS
TXN057562,C349,CRD0522,Engen,2025-12-10,591.5,Purchase,Approved,0,Online
TXN057563,C207,CRD0304,Google Play,2025-12-27,168.06,Purchase,Approved,0,Online
TXN057564,C408,CRD0618,Loot.co.za,2026-04-27,999.83,Purchase,Pending,0,Online
TXN057565,C155,CRD0233,Shell,2026-02-08,784.76,Purchase,Approved,0,POS
TXN057566,C430,CRD0654,Faithful to Nature,2026-03-01,347.51,Purchase,Approved,0,Online
TXN057567,C292,CRD0428,Apple iTunes,2026-03-25,163.69,Withdrawal,Approved,0,Online
TXN057568,C270,CRD0391,Faithful to Nature,2026-03-27,687.7,Purchase,Approved,0,Online
TXN057569,C246,CRD0355,Uber Eats,2026-04-21,77.93,Purchase,Declined,0,Online
TXN057570,C260,CRD0376,KFC,2026-02-27,64.14,Withdrawal,Approved,0,ATM
TXN057571,C442,CRD0673,Apple iTunes,2026-02-14,190.75,Purchase,Approved,0,Online
TXN057572,C048,CRD0075,Debonairs,2025-11-22,150.54,Purchase,Approved,0,POS
TXN057573,C371,CRD0558,Google Play,2026-02-28,122.02,Purchase,Approved,0,Online
TXN057574,C449,CRD0682,Makro,2026-04-28,4623.69,Purchase,Approved,0,POS
TXN057575,C364,CRD0544,Mr Price,2026-01-03,672.35,Purchase,Approved,0,Online
TXN057576,C316,CRD0467,Mugg and Bean,2026-03-11,287.18,Purchase,Approved,0,POS
TXN057577,C386,CRD0584,Superbalist,2026-05-17,344.58,Purchase,Approved,0,Online
TXN057578,C232,CRD0338,Cape Union Mart,2026-03-26,2033.91,Purchase,Approved,0,POS
TXN057579,C289,CRD0421,Clicks,2025-12-11,130.65,Purchase,Approved,0,Online
TXN057580,C453,CRD0692,Montecasino,2026-03-25,945.18,Purchase,Approved,0,POS
TXN057581,C157,CRD0235,Bash.com,2026-01-25,1508.06,Purchase,Approved,0,Online
TXN057582,C309,CRD0453,Pep,2026-01-31,257.93,Purchase,Approved,0,POS
TXN057583,C365,CRD0547,Uber Eats,2025-11-30,90.03,Purchase,Approved,0,Online
TXN057584,C409,CRD0621,Takealot,2026-03-17,4940.69,Withdrawal,Approved,1,Online
TXN057585,C114,CRD0174,Ocean Basket,2025-12-17,441.78,Payment,Declined,0,Online
TXN057586,C320,CRD0472,Ster-Kinekor,2026-05-16,164.46,Purchase,Approved,0,POS
TXN057587,C418,CRD0634,Romans Pizza,2026-02-25,64.33,Refund,Declined,0,Online
TXN057588,C006,CRD0008,Uber Eats,2025-12-26,254.85,Withdrawal,Approved,0,Online
TXN057589,C124,CRD0188,ShowMax,2026-01-04,110.26,Purchase,Declined,0,Online
TXN057590,C107,CRD0163,Clicks,2025-12-27,96.65,Purchase,Approved,0,POS
TXN057591,C323,CRD0479,Steers,2025-12-22,210.77,Purchase,Approved,0,Online
TXN057592,C223,CRD0326,Gold Reef City,2026-02-23,204.8,Purchase,Approved,0,POS
TXN057593,C246,CRD0355,Nandos,2026-03-09,197.72,Purchase,Declined,0,POS
TXN057594,C320,CRD0472,Mr Price,2026-01-26,246.84,Purchase,Approved,0,Online
TXN057595,C534,CRD0788,Vida e Caffe,2025-11-27,109.37,Withdrawal,Approved,0,ATM
TXN057596,C282,CRD0410,Uber Eats,2026-04-13,261.24,Purchase,Approved,0,Online
TXN057597,C325,CRD0483,McDonalds,2025-12-28,52.07,Purchase,Approved,0,Online
TXN057598,C273,CRD0396,Takealot,2026-01-27,2010.6,Purchase,Approved,0,Online
TXN057599,C086,CRD0130,Ster-Kinekor,2026-02-09,83.53,Purchase,Approved,0,POS
TXN057600,C303,CRD0443,Dis-Chem,2025-12-25,1329.23,Withdrawal,Approved,1,ATM
TXN057601,C076,CRD0119,TicketPro,2025-12-27,438.07,Purchase,Approved,0,POS
TXN057602,C151,CRD0228,Clicks,2025-12-27,286.43,Withdrawal,Approved,0,ATM
TXN057603,C466,CRD0710,Takealot,2026-04-29,2861.44,Payment,Approved,0,Online
TXN057604,C546,CRD0800,Google Play,2026-01-15,88.24,Purchase,Declined,0,Online
TXN057605,C433,CRD0660,Google Play,2026-05-07,107.8,Payment,Approved,0,Online
TXN057606,C480,CRD0728,ShowMax,2026-04-21,117.86,Purchase,Approved,0,Online
TXN057607,C464,CRD0706,Dis-Chem,2026-02-22,274.56,Purchase,Approved,0,POS
TXN057608,C004,CRD0004,Sportsmans Whouse,2026-03-15,751.05,Payment,Approved,0,Online
TXN057609,C338,CRD0506,KFC,2026-04-28,68.38,Purchase,Approved,0,Online
TXN057610,C317,CRD0468,Edgars,2026-03-21,782.56,Purchase,Approved,0,Online
TXN057611,C028,CRD0048,Uber Eats,2026-01-25,188.8,Purchase,Approved,0,Online
TXN057612,C330,CRD0491,Engen,2026-05-15,1044.93,Purchase,Approved,0,POS
TXN057613,C465,CRD0708,Google Play,2025-12-01,323.11,Purchase,Approved,1,Online
TXN057614,C098,CRD0152,Amazon.co.za,2025-12-28,3669.97,Purchase,Approved,0,Online
TXN057615,C078,CRD0121,Google Play,2026-01-27,138.77,Purchase,Approved,0,Online
TXN057616,C412,CRD0624,Engen,2026-03-17,1028.27,Purchase,Approved,0,POS
TXN057617,C091,CRD0142,Pick n Pay,2026-04-27,965.26,Purchase,Approved,0,ATM
TXN057618,C211,CRD0310,Ster-Kinekor,2026-05-09,225.83,Purchase,Approved,0,POS
TXN057619,C311,CRD0457,Pick n Pay,2026-05-25,476.9,Purchase,Declined,0,POS
TXN057620,C530,CRD0784,Zando,2026-03-04,791.42,Purchase,Approved,0,Online
TXN057621,C406,CRD0614,Takealot,2026-01-28,1653.5,Purchase,Approved,0,Online
TXN057622,C487,CRD0735,Debonairs,2025-11-25,113.0,Purchase,Approved,0,POS
TXN057623,C369,CRD0555,Pick n Pay,2025-12-26,1723.92,Purchase,Approved,0,Online
TXN057624,C195,CRD0286,Truworths,2026-03-04,2699.03,Purchase,Approved,1,Online
TXN057625,C239,CRD0346,Google Play,2026-04-28,107.64,Purchase,Approved,0,Online
TXN057626,C404,CRD0610,Pep,2026-03-27,361.15,Purchase,Approved,0,POS
TXN057627,C017,CRD0026,Faithful to Nature,2026-04-04,516.69,Purchase,Approved,0,Online
TXN057628,C406,CRD0614,Steers,2026-04-05,272.69,Payment,Approved,1,Online
TXN057629,C069,CRD0108,Woolworths,2026-04-27,426.26,Purchase,Approved,0,Online
TXN057630,C120,CRD0183,Montecasino,2025-12-26,1128.44,Purchase,Approved,0,POS
TXN057631,C370,CRD0557,FlySafair,2025-12-12,2179.49,Purchase,Approved,0,POS
TXN057632,C365,CRD0548,Google Play,2025-12-26,222.11,Purchase,Approved,0,Online
TXN057633,C439,CRD0668,Chicken Licken,2026-03-28,79.36,Purchase,Approved,0,ATM
TXN057634,C453,CRD0690,Dis-Chem,2026-04-02,116.52,Withdrawal,Approved,0,ATM
TXN057635,C399,CRD0602,Uber Eats,2026-04-09,167.8,Purchase,Approved,0,Online
TXN057636,C417,CRD0632,Nandos,2026-04-05,258.99,Withdrawal,Approved,0,ATM
TXN057637,C439,CRD0669,Google Play,2026-03-28,9.39,Refund,Approved,0,Online
TXN057638,C326,CRD0484,Woolworths,2025-12-06,1252.12,Purchase,Approved,0,POS
TXN057639,C289,CRD0420,Apple iTunes,2026-04-28,232.76,Payment,Approved,0,Online
TXN057640,C261,CRD0378,Takealot,2026-03-27,99.88,Payment,Declined,0,Online
TXN057641,C026,CRD0044,Google Play,2026-03-26,141.53,Purchase,Approved,0,Online
TXN057642,C259,CRD0375,McDonalds,2026-04-05,45.59,Purchase,Declined,0,Online
TXN057643,C532,CRD0786,Pick n Pay,2026-05-27,1886.39,Purchase,Approved,0,POS
TXN057644,C256,CRD0369,Vida e Caffe,2026-02-28,49.46,Purchase,Approved,0,POS
TXN057645,C132,CRD0198,Makro,2026-03-06,366.8,Purchase,Approved,0,Online
TXN057646,C330,CRD0491,Checkers,2026-03-16,1470.2,Purchase,Pending,0,ATM
TXN057647,C409,CRD0621,KFC,2026-04-28,134.22,Purchase,Declined,0,Online
TXN057648,C201,CRD0296,Totalsports,2026-03-18,438.47,Refund,Approved,0,POS
TXN057649,C258,CRD0372,Amazon.co.za,2026-01-13,159.06,Refund,Declined,0,Online
TXN057650,C349,CRD0524,Woolworths,2026-02-19,411.47,Purchase,Approved,0,POS
TXN057651,C221,CRD0324,Apple iTunes,2026-01-25,48.56,Purchase,Approved,0,Online
TXN057652,C386,CRD0584,Shell,2026-04-26,766.41,Purchase,Approved,0,POS
TXN057653,C125,CRD0189,Steers,2025-12-08,156.13,Purchase,Approved,0,POS
TXN057654,C040,CRD0063,KFC,2026-04-15,62.01,Purchase,Approved,0,POS
TXN057655,C168,CRD0249,Clicks,2025-12-04,598.01,Withdrawal,Approved,0,ATM
TXN057656,C503,CRD0757,Vida e Caffe,2025-11-29,121.69,Withdrawal,Declined,0,ATM
TXN057657,C196,CRD0288,Uber Eats,2026-02-28,311.71,Payment,Approved,0,Online
TXN057658,C135,CRD0203,Chicken Licken,2026-04-27,55.91,Withdrawal,Approved,0,ATM
TXN057659,C364,CRD0543,Romans Pizza,2025-11-24,212.96,Purchase,Approved,0,POS
TXN057660,C322,CRD0477,Nandos,2025-12-13,106.67,Purchase,Approved,0,POS
TXN057661,C278,CRD0403,Amazon.co.za,2026-01-28,1512.2,Withdrawal,Declined,0,Online
TXN057662,C038,CRD0060,BP,2026-04-28,589.56,Purchase,Approved,0,POS
TXN057663,C026,CRD0044,Cape Union Mart,2026-05-15,1789.35,Withdrawal,Pending,0,ATM
TXN057664,C402,CRD0606,Google Play,2026-02-07,113.51,Purchase,Approved,0,Online
TXN057665,C121,CRD0184,Faithful to Nature,2026-03-08,1658.24,Purchase,Approved,0,Online
TXN057666,C476,CRD0724,McDonalds,2026-05-27,219.73,Withdrawal,Approved,0,ATM
TXN057667,C299,CRD0438,Steers,2026-01-26,119.11,Purchase,Approved,0,POS
TXN057668,C025,CRD0042,Wimpy,2026-01-02,259.59,Purchase,Approved,0,POS
TXN057669,C249,CRD0360,Protea Hotels,2025-11-27,861.98,Refund,Approved,0,POS
TXN057670,C500,CRD0754,Totalsports,2026-02-27,1881.72,Purchase,Approved,0,POS
TXN057671,C305,CRD0447,Dis-Chem,2025-12-30,514.63,Purchase,Approved,0,POS
TXN057672,C260,CRD0376,KFC,2026-02-27,207.97,Purchase,Approved,1,Online
TXN057673,C462,CRD0704,Clicks,2026-02-13,276.36,Purchase,Approved,0,POS
TXN057674,C224,CRD0327,Google Play,2026-04-25,70.65,Purchase,Approved,0,Online
TXN057675,C197,CRD0290,Romans Pizza,2026-03-27,280.85,Withdrawal,Approved,0,ATM
TXN057676,C161,CRD0239,Romans Pizza,2025-12-24,156.98,Purchase,Approved,0,POS
TXN057677,C124,CRD0187,Nu Metro,2026-03-16,155.09,Payment,Approved,0,Online
TXN057678,C040,CRD0063,TicketPro,2026-02-13,1472.6,Purchase,Pending,1,Online
TXN057679,C032,CRD0052,Loot.co.za,2025-12-27,1779.7,Withdrawal,Approved,0,Online
TXN057680,C304,CRD0445,Dis-Chem,2026-04-25,237.0,Purchase,Approved,0,Online
TXN057681,C125,CRD0189,ShowMax,2026-02-03,26.94,Refund,Approved,0,Online
TXN057682,C406,CRD0616,Cape Union Mart,2026-04-07,958.73,Purchase,Declined,0,ATM
TXN057683,C162,CRD0241,Truworths,2026-05-02,145.96,Purchase,Approved,0,POS
TXN057684,C274,CRD0397,Vida e Caffe,2026-02-26,36.42,Purchase,Approved,0,POS
TXN057685,C414,CRD0628,Google Play,2026-03-08,90.69,Withdrawal,Approved,0,Online
TXN057686,C261,CRD0378,TicketPro,2026-05-08,343.12,Purchase,Approved,0,POS
TXN057687,C090,CRD0140,McDonalds,2025-12-26,91.32,Purchase,Declined,0,POS
TXN057688,C126,CRD0190,Ocean Basket,2025-11-30,295.79,Purchase,Approved,0,POS
TXN057689,C186,CRD0273,Apple iTunes,2025-11-21,158.14,Purchase,Approved,0,Online
TXN057690,C466,CRD0709,Chicken Licken,2026-04-26,276.84,Withdrawal,Approved,1,ATM
TXN057691,C300,CRD0440,TicketPro,2026-01-25,293.31,Payment,Approved,0,Online
TXN057692,C420,CRD0639,Google Play,2026-05-10,273.12,Purchase,Approved,0,Online
TXN057693,C240,CRD0348,Truworths,2026-03-26,853.98,Purchase,Approved,0,POS
TXN057694,C395,CRD0595,Google Play,2026-05-26,47.67,Purchase,Pending,0,Online
TXN057695,C338,CRD0505,Debonairs,2026-04-06,137.75,Withdrawal,Pending,0,ATM
TXN057696,C138,CRD0209,Faithful to Nature,2025-12-27,116.05,Payment,Declined,0,Online
TXN057697,C276,CRD0400,Builders Warehouse,2025-12-27,10412.57,Purchase,Approved,0,POS
TXN057698,C259,CRD0375,Vida e Caffe,2026-02-18,77.09,Withdrawal,Approved,0,ATM
TXN057699,C306,CRD0449,Ster-Kinekor,2026-04-19,240.0,Purchase,Approved,0,POS
TXN057700,C078,CRD0121,Nu Metro,2026-04-22,217.49,Purchase,Approved,0,POS
TXN057701,C425,CRD0645,Nandos,2026-04-28,279.33,Purchase,Approved,0,POS
TXN057702,C212,CRD0312,Engen,2026-04-24,1336.85,Purchase,Approved,0,POS
TXN057703,C349,CRD0524,iStore,2026-03-11,28921.83,Withdrawal,Approved,1,ATM
TXN057704,C067,CRD0104,Truworths,2025-12-21,205.62,Withdrawal,Approved,0,ATM
TXN057705,C217,CRD0317,Steers,2026-05-04,176.65,Withdrawal,Approved,0,ATM
TXN057706,C438,CRD0667,Takealot,2025-11-28,3518.94,Purchase,Approved,0,Online
TXN057707,C320,CRD0471,Netflix,2026-01-29,177.6,Purchase,Approved,0,Online
TXN057708,C067,CRD0103,Clicks,2026-02-12,597.83,Purchase,Approved,0,POS
TXN057709,C298,CRD0436,Clicks,2026-03-24,361.58,Purchase,Approved,0,POS
TXN057710,C201,CRD0296,City Lodge,2025-11-24,1082.22,Purchase,Approved,0,Online
TXN057711,C491,CRD0741,Uber Eats,2026-01-28,164.7,Withdrawal,Approved,0,Online
TXN057712,C317,CRD0468,Vida e Caffe,2026-03-17,106.95,Purchase,Approved,0,Online
TXN057713,C020,CRD0032,Kulula,2025-12-05,455.4,Purchase,Approved,0,Online
TXN057714,C491,CRD0741,DStv,2025-11-25,463.63,Purchase,Approved,0,POS
TXN057715,C133,CRD0200,Wimpy,2026-03-05,104.74,Purchase,Approved,0,POS
TXN057716,C349,CRD0524,Ocean Basket,2026-04-28,516.95,Purchase,Approved,0,Online
TXN057717,C135,CRD0203,Steers,2026-01-26,213.82,Purchase,Approved,0,ATM
TXN057718,C021,CRD0036,Nu Metro,2026-02-17,172.02,Purchase,Approved,0,POS
TXN057719,C478,CRD0726,TicketPro,2025-12-19,44.77,Refund,Approved,0,POS
TXN057720,C332,CRD0495,Nu Metro,2026-03-05,167.41,Purchase,Pending,0,POS
TXN057721,C328,CRD0488,Dis-Chem,2026-04-25,887.96,Purchase,Approved,0,POS
TXN057722,C407,CRD0617,Checkers,2026-04-24,525.49,Purchase,Approved,0,Online
TXN057723,C154,CRD0232,Shell,2026-04-16,1031.37,Purchase,Approved,0,Online
TXN057724,C365,CRD0547,Pep,2026-01-28,406.26,Purchase,Approved,0,POS
TXN057725,C381,CRD0574,Dis-Chem,2026-02-28,237.09,Purchase,Approved,0,POS
TXN057726,C091,CRD0142,Ster-Kinekor,2026-05-10,92.79,Purchase,Approved,0,POS
TXN057727,C332,CRD0495,Apple iTunes,2025-12-03,200.08,Purchase,Approved,0,Online
TXN057728,C521,CRD0775,Google Play,2026-04-27,156.79,Purchase,Approved,0,Online
TXN057729,C447,CRD0680,Loot.co.za,2026-01-09,1129.48,Payment,Approved,0,Online
TXN057730,C415,CRD0629,Google Play,2026-02-19,104.62,Purchase,Approved,0,Online
TXN057731,C161,CRD0239,Nu Metro,2026-02-10,299.22,Purchase,Declined,0,POS
TXN057732,C186,CRD0273,Wimpy,2026-01-13,157.43,Payment,Declined,0,Online
TXN057733,C418,CRD0635,Spotify,2026-01-02,70.14,Purchase,Approved,0,Online
TXN057734,C305,CRD0447,TicketPro,2025-11-24,298.23,Purchase,Approved,0,Online
TXN057735,C433,CRD0659,Takealot,2026-02-02,822.32,Purchase,Approved,0,Online
TXN057736,C294,CRD0430,BP,2026-01-04,582.4,Purchase,Approved,0,POS
TXN057737,C204,CRD0299,Europcar,2026-02-28,472.76,Refund,Approved,0,ATM
TXN057738,C075,CRD0117,Edgars,2026-04-26,704.04,Purchase,Approved,0,POS
TXN057739,C324,CRD0480,Uber Eats,2026-03-08,139.54,Purchase,Approved,0,Online
TXN057740,C453,CRD0691,Pep,2026-05-13,332.67,Purchase,Approved,0,Online
TXN057741,C054,CRD0083,Google Play,2026-04-28,50.27,Purchase,Approved,0,Online
TXN057742,C264,CRD0382,Ster-Kinekor,2025-12-16,77.17,Purchase,Approved,0,POS
TXN057743,C351,CRD0527,Steers,2025-12-27,55.44,Withdrawal,Approved,0,ATM
TXN057744,C478,CRD0726,Superbalist,2026-01-16,975.47,Purchase,Approved,0,Online
TXN057745,C263,CRD0381,Pick n Pay,2026-01-09,421.96,Purchase,Approved,0,POS
TXN057746,C231,CRD0337,Wimpy,2026-02-28,237.33,Purchase,Approved,0,POS
TXN057747,C229,CRD0334,Steers,2026-05-13,75.68,Payment,Approved,0,Online
TXN057748,C402,CRD0606,Mr Price,2025-12-18,1721.46,Purchase,Approved,1,POS
TXN057749,C351,CRD0526,Loot.co.za,2025-12-20,1053.95,Purchase,Approved,0,Online
TXN057750,C074,CRD0115,Google Play,2025-11-23,270.99,Purchase,Approved,1,Online
TXN057751,C245,CRD0354,Takealot,2026-05-16,1985.38,Withdrawal,Approved,0,Online
TXN057752,C239,CRD0346,Dis-Chem,2026-01-04,1683.4,Purchase,Approved,1,POS
TXN057753,C496,CRD0749,Sportsmans Whouse,2026-01-03,4029.99,Purchase,Approved,1,POS
TXN057754,C115,CRD0175,Nu Metro,2026-04-26,203.56,Purchase,Pending,0,POS
TXN057755,C151,CRD0228,Checkers,2026-01-28,2426.31,Purchase,Approved,0,POS
TXN057756,C300,CRD0440,Takealot,2026-01-25,2853.02,Purchase,Approved,0,Online
TXN057757,C493,CRD0744,Pick n Pay,2026-01-20,180.23,Purchase,Approved,0,POS
TXN057758,C066,CRD0101,Clicks,2026-02-26,532.27,Purchase,Approved,0,ATM
TXN057759,C208,CRD0306,Debonairs,2025-12-28,109.9,Purchase,Approved,0,POS
TXN057760,C320,CRD0471,Apple iTunes,2026-02-21,419.83,Payment,Approved,0,Online
TXN057761,C376,CRD0566,Pep,2026-04-26,336.08,Purchase,Approved,0,POS
TXN057762,C453,CRD0692,Ster-Kinekor,2026-01-28,85.62,Purchase,Declined,0,POS
TXN057763,C292,CRD0427,Vida e Caffe,2026-05-05,37.81,Refund,Approved,0,Online
TXN057764,C248,CRD0358,Uber Eats,2026-01-27,158.45,Purchase,Approved,0,Online
TXN057765,C349,CRD0522,Chicken Licken,2026-05-15,91.48,Purchase,Approved,0,POS
TXN057766,C480,CRD0728,Dis-Chem,2025-12-27,999.18,Purchase,Approved,0,POS
TXN057767,C190,CRD0279,Montecasino,2026-01-05,600.21,Purchase,Approved,0,Online
TXN057768,C242,CRD0350,Avis SA,2026-03-11,2306.45,Purchase,Pending,0,ATM
TXN057769,C094,CRD0145,Pep,2026-04-25,276.24,Withdrawal,Approved,0,ATM
TXN057770,C165,CRD0244,Mugg and Bean,2026-01-20,238.35,Purchase,Approved,0,Online
TXN057771,C068,CRD0105,Makro,2025-12-22,6493.94,Purchase,Approved,0,Online
TXN057772,C484,CRD0732,Pick n Pay,2025-12-26,396.73,Withdrawal,Approved,0,ATM
TXN057773,C348,CRD0520,Pick n Pay,2025-12-28,824.94,Purchase,Approved,0,POS
TXN057774,C401,CRD0605,Vida e Caffe,2026-03-02,89.14,Purchase,Approved,0,POS
TXN057775,C413,CRD0625,Nu Metro,2026-02-11,181.61,Purchase,Approved,0,POS
TXN057776,C491,CRD0741,Mr Price,2026-03-11,1372.86,Purchase,Approved,0,POS
TXN057777,C119,CRD0180,Game,2026-04-04,1013.23,Purchase,Approved,0,POS
TXN057778,C231,CRD0337,Google Play,2026-05-06,126.6,Purchase,Approved,0,Online
TXN057779,C120,CRD0182,Checkers,2026-04-25,2350.31,Purchase,Approved,0,POS
TXN057780,C355,CRD0533,Pep,2026-01-09,69.36,Withdrawal,Declined,0,ATM
TXN057781,C508,CRD0762,Foschini,2026-04-29,4048.31,Purchase,Approved,1,POS
TXN057782,C339,CRD0509,Ster-Kinekor,2025-11-26,253.73,Purchase,Approved,0,POS
TXN057783,C393,CRD0593,Takealot,2026-02-25,3539.44,Purchase,Approved,0,Online
TXN057784,C466,CRD0709,Romans Pizza,2026-03-09,209.24,Purchase,Approved,0,POS
TXN057785,C249,CRD0360,Ocean Basket,2026-03-04,152.85,Purchase,Approved,0,ATM
TXN057786,C328,CRD0489,Dis-Chem,2026-04-28,253.67,Purchase,Approved,0,Online
TXN057787,C039,CRD0062,Pep,2026-03-28,126.25,Purchase,Approved,0,Online
TXN057788,C490,CRD0739,Spur,2025-11-21,435.29,Purchase,Approved,0,ATM
TXN057789,C244,CRD0353,Clicks,2026-04-28,512.71,Withdrawal,Approved,0,ATM
TXN057790,C364,CRD0544,Steers,2026-01-15,316.36,Withdrawal,Approved,1,ATM
TXN057791,C182,CRD0267,Pep,2026-05-27,400.6,Purchase,Approved,0,Online
TXN057792,C452,CRD0688,Debonairs,2026-03-05,98.98,Purchase,Approved,0,POS
TXN057793,C010,CRD0014,Bash.com,2026-03-01,1537.09,Withdrawal,Approved,0,Online
TXN057794,C339,CRD0508,Faithful to Nature,2026-01-18,513.09,Purchase,Approved,0,Online
TXN057795,C262,CRD0379,Engen,2026-05-02,281.05,Purchase,Approved,0,POS
TXN057796,C025,CRD0042,Chicken Licken,2026-01-08,57.55,Purchase,Approved,0,Online
TXN057797,C099,CRD0153,Pick n Pay,2026-02-25,1901.89,Purchase,Approved,0,Online
TXN057798,C098,CRD0152,Vida e Caffe,2026-03-27,100.48,Purchase,Approved,0,Online
TXN057799,C281,CRD0408,Loot.co.za,2025-12-05,1016.05,Purchase,Approved,0,Online
TXN057800,C398,CRD0598,DStv,2025-12-25,161.95,Withdrawal,Approved,0,ATM
TXN057801,C028,CRD0047,Pick n Pay,2026-03-09,2855.12,Purchase,Declined,0,POS
TXN057802,C472,CRD0718,Dis-Chem,2025-11-28,87.11,Refund,Approved,0,POS
TXN057803,C266,CRD0385,Steers,2026-01-22,228.29,Withdrawal,Approved,0,ATM
TXN057804,C047,CRD0073,Takealot,2026-01-12,1762.62,Purchase,Approved,0,Online
TXN057805,C338,CRD0506,Vida e Caffe,2026-03-10,127.38,Purchase,Approved,0,POS
TXN057806,C325,CRD0483,Pick n Pay,2026-01-28,1085.73,Payment,Approved,0,Online
TXN057807,C167,CRD0248,Dis-Chem,2026-05-25,292.9,Purchase,Approved,0,POS
TXN057808,C517,CRD0771,Mr Price,2025-12-16,714.37,Withdrawal,Approved,0,ATM
TXN057809,C446,CRD0678,Google Play,2026-01-28,71.02,Purchase,Pending,0,Online
TXN057810,C496,CRD0748,Checkers,2026-05-26,1336.31,Purchase,Approved,0,Online
TXN057811,C508,CRD0762,Amazon.co.za,2026-05-07,2927.24,Withdrawal,Approved,0,Online
TXN057812,C311,CRD0458,Europcar,2025-12-26,1509.76,Purchase,Approved,0,POS
TXN057813,C380,CRD0573,Nandos,2026-01-16,58.52,Refund,Approved,0,Online
TXN057814,C104,CRD0159,Sportsmans Whouse,2026-02-06,2546.52,Purchase,Approved,0,POS
TXN057815,C338,CRD0505,Loot.co.za,2026-02-15,1738.44,Purchase,Approved,0,Online
TXN057816,C410,CRD0622,KFC,2026-02-25,49.56,Purchase,Approved,0,Online
TXN057817,C511,CRD0765,Vida e Caffe,2026-03-12,120.61,Purchase,Approved,0,POS
TXN057818,C315,CRD0465,Pep,2026-02-21,55.1,Purchase,Approved,0,POS
TXN057819,C459,CRD0699,Debonairs,2026-03-12,186.28,Purchase,Approved,0,Online
TXN057820,C132,CRD0198,McDonalds,2026-05-13,101.07,Purchase,Approved,0,POS
TXN057821,C326,CRD0485,Vida e Caffe,2026-03-24,107.26,Purchase,Approved,0,ATM
TXN057822,C074,CRD0116,Google Play,2026-01-29,134.64,Purchase,Approved,0,Online
TXN057823,C239,CRD0347,Spur,2026-01-08,333.76,Withdrawal,Approved,0,ATM
TXN057824,C418,CRD0635,Game,2026-02-07,6793.82,Payment,Approved,0,Online
TXN057825,C002,CRD0002,Pick n Pay,2026-01-13,490.58,Purchase,Approved,0,POS
TXN057826,C118,CRD0179,Checkers,2025-11-23,1682.96,Purchase,Approved,0,POS
TXN057827,C132,CRD0199,Checkers,2026-02-25,1543.23,Withdrawal,Declined,0,ATM
TXN057828,C310,CRD0455,Shell,2025-11-28,73.17,Refund,Approved,0,Online
TXN057829,C519,CRD0773,Samsung Store,2026-04-06,10257.75,Purchase,Approved,0,Online
TXN057830,C206,CRD0302,Pep,2025-11-26,399.01,Purchase,Approved,0,ATM
TXN057831,C057,CRD0089,TicketPro,2026-03-28,419.05,Purchase,Approved,0,POS
TXN057832,C375,CRD0565,Cape Union Mart,2025-11-26,1799.99,Payment,Approved,0,Online
TXN057833,C338,CRD0505,Spur,2026-01-12,402.08,Purchase,Declined,0,ATM
TXN057834,C426,CRD0649,Samsung Store,2026-01-28,5383.41,Purchase,Approved,0,POS
TXN057835,C408,CRD0618,Apple iTunes,2026-02-08,621.04,Purchase,Approved,1,Online
TXN057836,C120,CRD0183,Google Play,2026-03-14,198.08,Purchase,Approved,0,Online
TXN057837,C498,CRD0751,Apple iTunes,2026-03-28,118.83,Purchase,Approved,0,Online
TXN057838,C540,CRD0794,TicketPro,2026-01-17,99.0,Refund,Declined,0,Online
TXN057839,C001,CRD0001,Mugg and Bean,2025-12-26,393.04,Purchase,Approved,0,POS
TXN057840,C494,CRD0745,Debonairs,2026-01-09,288.64,Purchase,Approved,0,POS
TXN057841,C291,CRD0425,Loot.co.za,2026-01-11,1092.13,Payment,Approved,0,Online
TXN057842,C289,CRD0422,Checkers,2026-04-04,795.3,Purchase,Approved,0,Online
TXN057843,C405,CRD0611,Spur,2026-01-28,121.88,Purchase,Declined,0,POS
TXN057844,C446,CRD0677,Checkers,2026-03-10,1461.59,Purchase,Approved,0,POS
TXN057845,C353,CRD0531,Google Play,2026-02-11,270.18,Payment,Approved,0,Online
TXN057846,C041,CRD0065,Woolworths,2026-03-07,2008.21,Withdrawal,Approved,1,ATM
TXN057847,C310,CRD0454,Takealot,2026-04-10,619.78,Refund,Approved,0,Online
TXN057848,C271,CRD0393,Google Play,2026-04-28,198.14,Purchase,Approved,0,Online
TXN057849,C548,CRD0802,Shell,2025-12-10,265.58,Payment,Approved,0,Online
TXN057850,C459,CRD0699,Romans Pizza,2026-02-10,172.36,Purchase,Approved,0,POS
TXN057851,C285,CRD0415,TicketPro,2026-04-24,410.97,Payment,Approved,0,Online
TXN057852,C529,CRD0783,Takealot,2026-03-24,1595.32,Withdrawal,Approved,0,Online
TXN057853,C507,CRD0761,Foschini,2026-05-14,717.14,Purchase,Approved,0,POS
TXN057854,C496,CRD0748,McDonalds,2025-12-07,102.59,Purchase,Approved,0,POS
TXN057855,C315,CRD0466,Clicks,2026-04-19,831.52,Purchase,Approved,1,Online
TXN057856,C534,CRD0788,McDonalds,2026-05-13,83.93,Withdrawal,Declined,0,ATM
TXN057857,C309,CRD0453,Loot.co.za,2026-03-25,1745.28,Purchase,Approved,0,Online
TXN057858,C276,CRD0400,Pep,2026-01-25,160.01,Purchase,Approved,0,POS
TXN057859,C517,CRD0771,Romans Pizza,2025-12-26,129.72,Purchase,Approved,0,POS
TXN057860,C246,CRD0355,Mr Price,2026-01-01,1065.2,Purchase,Approved,0,POS
TXN057861,C311,CRD0457,KFC,2025-12-22,40.77,Withdrawal,Approved,0,ATM
TXN057862,C148,CRD0223,Mugg and Bean,2026-05-09,149.35,Purchase,Declined,0,POS
TXN057863,C186,CRD0273,Pep,2026-04-02,90.8,Refund,Approved,0,POS
TXN057864,C313,CRD0463,Pep,2026-05-27,265.43,Purchase,Approved,0,ATM
TXN057865,C047,CRD0073,Ster-Kinekor,2026-03-01,98.06,Purchase,Approved,0,POS
TXN057866,C348,CRD0520,Pep,2026-04-17,108.43,Purchase,Approved,0,Online
TXN057867,C131,CRD0197,Woolworths,2026-01-28,566.63,Purchase,Approved,0,POS
TXN057868,C160,CRD0238,KFC,2026-02-12,117.08,Purchase,Approved,0,POS
TXN057869,C228,CRD0331,Uber Eats,2026-04-25,249.31,Purchase,Declined,0,Online
TXN057870,C448,CRD0681,Chicken Licken,2026-01-18,264.51,Purchase,Approved,1,POS
TXN057871,C263,CRD0381,Gold Reef City,2026-04-27,241.76,Purchase,Approved,0,POS
TXN057872,C107,CRD0164,Checkers,2026-02-08,1775.86,Payment,Approved,0,Online
TXN057873,C011,CRD0017,DStv,2026-01-29,518.56,Purchase,Approved,0,POS
TXN057874,C229,CRD0334,Dis-Chem,2026-04-28,292.25,Purchase,Approved,0,POS
TXN057875,C251,CRD0363,Dis-Chem,2025-12-27,767.03,Purchase,Approved,0,POS
TXN057876,C488,CRD0737,Nu Metro,2025-12-22,103.55,Payment,Approved,0,Online
TXN057877,C398,CRD0598,Clicks,2026-04-18,501.63,Purchase,Approved,0,POS
TXN057878,C339,CRD0508,Builders Warehouse,2026-04-12,8521.65,Payment,Pending,0,Online
TXN057879,C157,CRD0235,KFC,2026-05-08,120.95,Purchase,Approved,0,POS
TXN057880,C411,CRD0623,Google Play,2026-02-17,163.39,Purchase,Declined,0,Online
TXN057881,C483,CRD0731,Edgars,2026-01-29,1834.32,Purchase,Approved,0,ATM
TXN057882,C080,CRD0123,Google Play,2026-04-18,160.37,Withdrawal,Approved,0,Online
TXN057883,C212,CRD0312,Gold Reef City,2026-03-27,558.23,Purchase,Approved,0,POS
TXN057884,C112,CRD0171,Wimpy,2026-01-12,315.09,Purchase,Approved,0,POS
TXN057885,C266,CRD0384,Avis SA,2026-02-26,139.9,Refund,Approved,0,POS
TXN057886,C140,CRD0212,Truworths,2026-01-24,385.43,Purchase,Approved,0,POS
TXN057887,C132,CRD0198,Vida e Caffe,2026-01-26,177.09,Purchase,Approved,0,Online
TXN057888,C295,CRD0431,Uber Eats,2025-11-24,216.86,Purchase,Approved,0,Online
TXN057889,C548,CRD0802,Dis-Chem,2025-12-26,860.29,Purchase,Approved,0,POS
TXN057890,C425,CRD0645,Steers,2026-05-17,171.74,Purchase,Approved,0,POS
TXN057891,C462,CRD0704,Truworths,2025-11-28,534.85,Purchase,Approved,0,ATM
TXN057892,C401,CRD0605,Pep,2026-04-25,300.29,Purchase,Approved,0,POS
TXN057893,C483,CRD0731,Truworths,2025-11-24,665.88,Purchase,Approved,0,POS
TXN057894,C020,CRD0033,Google Play,2026-01-28,32.49,Withdrawal,Approved,0,Online
TXN057895,C070,CRD0110,McDonalds,2025-12-02,153.92,Purchase,Approved,0,Online
TXN057896,C274,CRD0397,DStv,2026-04-26,251.63,Purchase,Approved,0,POS
TXN057897,C450,CRD0683,Spotify,2026-05-27,54.01,Purchase,Approved,0,Online
TXN057898,C412,CRD0624,McDonalds,2026-01-25,122.51,Purchase,Pending,0,POS
TXN057899,C210,CRD0309,Clicks,2026-04-26,56.93,Payment,Approved,0,Online
TXN057900,C366,CRD0549,Edgars,2025-12-27,1172.12,Purchase,Approved,0,Online
TXN057901,C267,CRD0388,Nu Metro,2026-02-16,226.54,Purchase,Approved,0,POS
TXN057902,C018,CRD0027,Incredible Connect,2026-04-15,7255.84,Purchase,Approved,0,Online
TXN057903,C168,CRD0249,Pep,2025-12-26,291.07,Purchase,Declined,0,POS
TXN057904,C217,CRD0317,Pep,2026-05-15,344.44,Payment,Approved,0,Online
TXN057905,C075,CRD0118,Spotify,2026-02-05,66.58,Purchase,Approved,0,Online
TXN057906,C414,CRD0628,DStv,2026-04-25,459.62,Purchase,Approved,0,Online
TXN057907,C258,CRD0372,Steers,2026-05-13,56.75,Purchase,Approved,0,POS
TXN057908,C009,CRD0013,McDonalds,2026-04-16,47.14,Withdrawal,Approved,0,ATM
TXN057909,C172,CRD0254,Ster-Kinekor,2025-11-25,166.44,Purchase,Pending,0,ATM
TXN057910,C380,CRD0573,KFC,2026-01-28,94.94,Withdrawal,Approved,0,ATM
TXN057911,C411,CRD0623,Truworths,2026-02-20,129.82,Refund,Declined,0,POS
TXN057912,C425,CRD0644,Dis-Chem,2026-02-21,479.15,Purchase,Approved,0,POS
TXN057913,C466,CRD0709,Google Play,2026-04-27,119.49,Purchase,Approved,0,Online
TXN057914,C450,CRD0684,KFC,2026-02-03,97.24,Withdrawal,Approved,0,ATM
TXN057915,C138,CRD0209,Dis-Chem,2026-04-21,306.48,Purchase,Approved,0,ATM
TXN057916,C011,CRD0017,Debonairs,2026-02-11,193.01,Purchase,Approved,0,POS
TXN057917,C238,CRD0345,McDonalds,2026-04-13,137.8,Purchase,Approved,0,POS
TXN057918,C309,CRD0453,Faithful to Nature,2026-04-17,360.15,Refund,Declined,0,Online
TXN057919,C018,CRD0028,Bash.com,2025-11-27,115.68,Withdrawal,Declined,0,Online
TXN057920,C280,CRD0407,Checkers,2026-03-27,1455.94,Purchase,Approved,0,POS
TXN057921,C110,CRD0168,Uber Eats,2026-01-13,225.36,Withdrawal,Approved,0,Online
TXN057922,C258,CRD0373,Faithful to Nature,2025-12-15,114.47,Purchase,Approved,0,Online
TXN057923,C301,CRD0441,Makro,2025-12-28,1937.33,Refund,Approved,0,Online
TXN057924,C027,CRD0046,Totalsports,2026-02-18,1480.54,Purchase,Approved,0,Online
TXN057925,C004,CRD0004,Google Play,2026-04-26,101.43,Purchase,Approved,0,Online
TXN057926,C223,CRD0326,KFC,2026-03-28,38.11,Payment,Approved,0,Online
TXN057927,C214,CRD0314,BP,2025-12-27,1175.42,Purchase,Approved,0,POS
TXN057928,C385,CRD0581,Nu Metro,2026-03-05,123.75,Purchase,Approved,0,POS
TXN057929,C490,CRD0739,Wimpy,2025-11-25,134.88,Purchase,Approved,0,Online
TXN057930,C226,CRD0329,Nandos,2026-01-14,288.44,Purchase,Approved,0,POS
TXN057931,C158,CRD0236,Chicken Licken,2026-03-09,62.68,Withdrawal,Pending,0,ATM
TXN057932,C007,CRD0010,Netflix,2026-01-26,131.62,Withdrawal,Approved,0,Online
TXN057933,C129,CRD0194,KFC,2026-03-26,249.49,Withdrawal,Approved,1,ATM
TXN057934,C498,CRD0751,Vida e Caffe,2026-02-27,112.89,Purchase,Approved,0,Online
TXN057935,C398,CRD0600,Foschini,2025-12-26,695.38,Purchase,Approved,0,POS
TXN057936,C353,CRD0530,Spur,2026-01-28,257.32,Payment,Approved,0,Online
TXN057937,C300,CRD0440,Chicken Licken,2025-12-27,122.2,Purchase,Approved,0,Online
TXN057938,C370,CRD0556,Edgars,2025-12-28,234.54,Refund,Approved,0,Online
TXN057939,C238,CRD0344,KFC,2026-05-18,96.75,Payment,Approved,0,Online
TXN057940,C300,CRD0440,Google Play,2026-03-17,172.93,Payment,Approved,0,Online
TXN057941,C321,CRD0474,Steers,2026-05-03,180.32,Purchase,Approved,0,ATM
TXN057942,C048,CRD0075,Chicken Licken,2026-02-20,219.53,Purchase,Approved,0,POS
TXN057943,C245,CRD0354,Chicken Licken,2026-02-05,165.54,Purchase,Approved,0,ATM
TXN057944,C365,CRD0548,Google Play,2026-02-26,29.97,Purchase,Approved,0,Online
TXN057945,C317,CRD0468,Mugg and Bean,2026-01-29,238.12,Purchase,Approved,0,POS
TXN057946,C405,CRD0613,Apple iTunes,2026-02-03,48.8,Purchase,Declined,0,Online
TXN057947,C238,CRD0344,Romans Pizza,2025-12-09,204.77,Withdrawal,Approved,0,ATM
TXN057948,C059,CRD0092,McDonalds,2025-12-07,64.37,Purchase,Approved,0,Online
TXN057949,C027,CRD0045,Amazon.co.za,2026-02-27,4392.52,Purchase,Approved,0,Online
TXN057950,C261,CRD0378,Pick n Pay,2026-05-16,163.9,Withdrawal,Approved,0,ATM
TXN057951,C486,CRD0734,Checkers,2026-02-11,1778.77,Withdrawal,Approved,0,ATM
TXN057952,C394,CRD0594,Woolworths,2026-05-08,351.63,Purchase,Approved,0,POS
TXN057953,C459,CRD0699,Apple iTunes,2026-03-27,112.23,Purchase,Approved,0,Online
TXN057954,C520,CRD0774,Checkers,2026-04-22,560.73,Purchase,Declined,0,POS
TXN057955,C456,CRD0696,Google Play,2026-01-31,77.38,Purchase,Approved,0,Online
TXN057956,C088,CRD0133,Chicken Licken,2026-02-25,136.89,Purchase,Approved,0,POS
TXN057957,C441,CRD0672,Debonairs,2026-01-25,63.94,Purchase,Approved,0,POS
TXN057958,C438,CRD0667,FlySafair,2026-01-25,1150.01,Purchase,Approved,0,POS
TXN057959,C451,CRD0685,Nandos,2026-03-07,169.6,Purchase,Approved,0,Online
TXN057960,C076,CRD0119,Clicks,2026-04-17,260.52,Purchase,Approved,0,Online
TXN057961,C176,CRD0259,Apple iTunes,2026-01-28,103.62,Purchase,Approved,0,Online
TXN057962,C336,CRD0503,Chicken Licken,2026-04-22,87.18,Purchase,Approved,0,POS
TXN057963,C104,CRD0159,Google Play,2026-05-13,80.56,Withdrawal,Approved,0,Online
TXN057964,C298,CRD0436,Pep,2025-12-27,337.29,Withdrawal,Approved,0,ATM
TXN057965,C302,CRD0442,Pep,2026-05-16,531.03,Purchase,Approved,1,Online
TXN057966,C308,CRD0452,Dis-Chem,2026-04-12,435.72,Purchase,Approved,0,POS
TXN057967,C415,CRD0630,McDonalds,2026-02-17,54.51,Withdrawal,Approved,0,ATM
TXN057968,C265,CRD0383,Spotify,2026-03-25,56.02,Withdrawal,Declined,0,Online
TXN057969,C256,CRD0369,Totalsports,2025-11-24,142.5,Refund,Approved,0,Online
TXN057970,C294,CRD0430,Takealot,2026-03-21,271.43,Purchase,Approved,0,Online
TXN057971,C041,CRD0066,Amazon.co.za,2026-02-08,4047.08,Purchase,Approved,0,Online
TXN057972,C121,CRD0184,Checkers,2026-02-05,2549.45,Purchase,Declined,0,POS
TXN057973,C119,CRD0180,Woolworths,2026-03-23,1529.36,Purchase,Approved,0,POS
TXN057974,C193,CRD0284,Dis-Chem,2026-04-24,850.91,Payment,Approved,0,Online
TXN057975,C149,CRD0225,Netflix,2026-02-04,199.07,Purchase,Approved,0,Online
TXN057976,C192,CRD0282,Shell,2026-02-17,633.73,Purchase,Approved,0,POS
TXN057977,C020,CRD0033,Vida e Caffe,2025-12-26,104.39,Purchase,Approved,0,Online
TXN057978,C124,CRD0187,Woolworths,2026-03-26,1724.62,Purchase,Approved,0,POS
TXN057979,C321,CRD0475,Nandos,2026-04-18,132.84,Purchase,Declined,0,Online
TXN057980,C083,CRD0127,Debonairs,2026-04-30,54.55,Purchase,Declined,0,POS
TXN057981,C149,CRD0224,Apple iTunes,2026-02-14,190.39,Purchase,Declined,0,Online
TXN057982,C532,CRD0786,Debonairs,2026-01-27,108.39,Withdrawal,Approved,0,ATM
TXN057983,C534,CRD0788,Mugg and Bean,2026-01-26,314.53,Purchase,Approved,0,POS
TXN057984,C137,CRD0207,Mr Price,2026-02-08,403.65,Withdrawal,Approved,0,ATM
TXN057985,C231,CRD0337,Pick n Pay,2026-02-20,1681.54,Purchase,Approved,0,POS
TXN057986,C048,CRD0074,McDonalds,2026-03-30,107.12,Withdrawal,Approved,0,ATM
TXN057987,C384,CRD0580,Google Play,2026-05-26,139.69,Purchase,Approved,0,Online
TXN057988,C526,CRD0780,KFC,2026-04-02,27.54,Refund,Approved,0,POS
TXN057989,C452,CRD0689,Debonairs,2025-12-28,279.42,Purchase,Approved,0,POS
TXN057990,C078,CRD0121,Spotify,2026-05-10,67.3,Purchase,Declined,0,Online
TXN057991,C211,CRD0310,Google Play,2026-02-22,273.69,Purchase,Approved,0,Online
TXN057992,C371,CRD0559,Uber Eats,2026-01-13,277.14,Withdrawal,Approved,0,Online
TXN057993,C385,CRD0583,Pick n Pay,2026-03-08,1426.3,Purchase,Approved,0,ATM
TXN057994,C379,CRD0571,Spotify,2026-05-13,61.16,Purchase,Approved,0,Online
TXN057995,C396,CRD0596,Apple iTunes,2025-12-30,579.22,Purchase,Approved,1,Online
TXN057996,C137,CRD0208,Truworths,2026-04-03,1248.24,Payment,Declined,0,Online
TXN057997,C383,CRD0577,Google Play,2026-03-15,159.74,Payment,Approved,0,Online
TXN057998,C155,CRD0233,Pick n Pay,2025-12-14,537.15,Purchase,Declined,0,POS
TXN057999,C225,CRD0328,Sportsmans Whouse,2026-02-27,2787.43,Purchase,Approved,0,Online
TXN058000,C137,CRD0206,Pep,2026-04-05,139.89,Purchase,Declined,0,POS
TXN058001,C138,CRD0209,McDonalds,2025-12-18,46.55,Purchase,Approved,0,POS
TXN058002,C083,CRD0127,KFC,2026-02-27,60.3,Purchase,Approved,0,Online
TXN058003,C042,CRD0067,Bash.com,2026-01-13,2204.39,Withdrawal,Approved,0,Online
TXN058004,C005,CRD0007,Superbalist,2026-04-29,3209.49,Purchase,Approved,1,Online
TXN058005,C407,CRD0617,Debonairs,2026-05-27,201.86,Purchase,Approved,0,Online
TXN058006,C205,CRD0300,Checkers,2026-04-28,625.73,Purchase,Approved,0,Online
TXN058007,C066,CRD0102,Edgars,2026-04-08,1230.38,Purchase,Approved,0,POS
TXN058008,C508,CRD0762,Debonairs,2026-04-28,100.97,Purchase,Approved,0,POS
TXN058009,C320,CRD0472,Debonairs,2026-01-02,223.39,Purchase,Approved,0,ATM
TXN058010,C361,CRD0540,Nu Metro,2025-12-07,181.4,Withdrawal,Declined,0,ATM
TXN058011,C130,CRD0196,Engen,2026-04-15,440.89,Withdrawal,Approved,0,ATM
TXN058012,C488,CRD0736,Checkers,2026-04-08,2528.89,Purchase,Approved,0,POS
TXN058013,C107,CRD0164,Clicks,2025-11-25,122.85,Purchase,Approved,0,ATM
TXN058014,C215,CRD0315,Romans Pizza,2026-03-04,253.11,Purchase,Approved,0,POS
TXN058015,C355,CRD0533,Checkers,2026-04-23,1883.67,Purchase,Approved,0,POS
TXN058016,C078,CRD0121,Apple iTunes,2026-05-14,243.64,Withdrawal,Approved,0,Online
TXN058017,C468,CRD0712,Clicks,2026-04-17,378.6,Purchase,Approved,0,Online
TXN058018,C028,CRD0047,DStv,2025-12-23,155.63,Withdrawal,Approved,0,ATM
TXN058019,C411,CRD0623,Takealot,2026-05-14,1480.75,Purchase,Approved,0,Online
TXN058020,C020,CRD0033,Chicken Licken,2025-12-06,109.91,Purchase,Approved,0,POS
TXN058021,C021,CRD0036,Google Play,2025-12-28,192.24,Purchase,Approved,0,Online
TXN058022,C005,CRD0007,ShowMax,2026-05-09,107.88,Purchase,Approved,0,Online
TXN058023,C527,CRD0781,Chicken Licken,2026-01-31,75.37,Purchase,Approved,0,POS
TXN058024,C159,CRD0237,Nandos,2026-03-15,139.98,Withdrawal,Approved,0,ATM
TXN058025,C373,CRD0561,Romans Pizza,2026-01-21,105.44,Purchase,Pending,0,POS
TXN058026,C067,CRD0103,Google Play,2026-02-02,190.97,Purchase,Approved,0,Online
TXN058027,C176,CRD0259,Nandos,2026-02-21,233.08,Purchase,Approved,0,POS
TXN058028,C308,CRD0452,Gold Reef City,2026-02-28,432.95,Withdrawal,Approved,0,ATM
TXN058029,C289,CRD0422,KFC,2026-03-16,134.32,Purchase,Approved,0,ATM
TXN058030,C020,CRD0032,Romans Pizza,2026-02-16,203.59,Payment,Approved,0,Online
TXN058031,C460,CRD0700,Montecasino,2026-04-07,1330.71,Withdrawal,Approved,0,ATM
TXN058032,C312,CRD0460,Apple iTunes,2026-04-01,123.97,Purchase,Declined,0,Online
TXN058033,C419,CRD0636,Spur,2026-01-26,386.76,Purchase,Approved,0,Online
TXN058034,C505,CRD0759,Steers,2025-11-25,217.32,Purchase,Approved,1,POS
TXN058035,C031,CRD0051,Nu Metro,2026-05-05,68.36,Withdrawal,Approved,0,ATM
TXN058036,C024,CRD0040,KFC,2026-04-05,92.89,Purchase,Approved,0,POS
TXN058037,C385,CRD0583,Uber Eats,2026-05-04,107.33,Purchase,Approved,0,Online
TXN058038,C051,CRD0080,Mugg and Bean,2026-03-15,92.7,Purchase,Approved,0,POS
TXN058039,C180,CRD0265,Google Play,2025-12-28,66.99,Purchase,Approved,0,Online
TXN058040,C503,CRD0757,Dis-Chem,2025-12-28,382.75,Purchase,Approved,0,POS
TXN058041,C121,CRD0184,Checkers,2026-02-25,2686.02,Purchase,Approved,0,ATM
TXN058042,C440,CRD0670,Nandos,2026-01-28,80.98,Purchase,Approved,0,Online
TXN058043,C267,CRD0388,Amazon.co.za,2025-11-23,5260.5,Payment,Approved,0,Online
TXN058044,C330,CRD0491,Cape Union Mart,2026-04-27,692.12,Purchase,Approved,0,ATM
TXN058045,C364,CRD0543,Wimpy,2026-03-07,194.39,Purchase,Approved,0,Online
TXN058046,C050,CRD0079,Apple iTunes,2026-02-15,120.77,Purchase,Approved,0,Online
TXN058047,C400,CRD0603,McDonalds,2025-12-26,80.62,Withdrawal,Approved,0,ATM
TXN058048,C327,CRD0486,Google Play,2026-01-28,117.25,Purchase,Approved,0,Online
TXN058049,C201,CRD0296,Wimpy,2026-01-28,133.08,Purchase,Approved,0,POS
TXN058050,C196,CRD0288,Nandos,2026-05-25,142.89,Purchase,Declined,0,POS
TXN058051,C038,CRD0060,Chicken Licken,2026-04-26,74.29,Purchase,Approved,0,POS
TXN058052,C448,CRD0681,Checkers,2026-01-18,2653.03,Purchase,Approved,0,POS
TXN058053,C436,CRD0664,Loot.co.za,2026-03-30,1697.29,Purchase,Approved,0,Online
TXN058054,C323,CRD0479,Pick n Pay,2026-03-25,516.87,Refund,Approved,0,POS
TXN058055,C473,CRD0719,Romans Pizza,2026-03-19,270.64,Withdrawal,Approved,0,ATM
TXN058056,C425,CRD0644,Zando,2026-03-11,1795.55,Purchase,Approved,0,Online
TXN058057,C514,CRD0768,BP,2025-12-14,691.14,Payment,Approved,0,Online
TXN058058,C249,CRD0361,Apple iTunes,2026-04-11,406.04,Purchase,Approved,1,Online
TXN058059,C324,CRD0480,Apple iTunes,2026-02-10,424.85,Purchase,Approved,0,Online
TXN058060,C055,CRD0086,Wimpy,2026-05-16,66.26,Purchase,Approved,0,POS
TXN058061,C388,CRD0586,TicketPro,2025-11-30,287.24,Purchase,Approved,0,Online
TXN058062,C519,CRD0773,Pick n Pay,2026-04-22,1961.98,Withdrawal,Declined,0,ATM
TXN058063,C438,CRD0666,Pep,2026-04-27,35.31,Refund,Declined,0,POS
TXN058064,C256,CRD0369,Truworths,2026-03-02,214.34,Purchase,Declined,0,Online
TXN058065,C005,CRD0007,Dis-Chem,2026-01-21,1100.51,Purchase,Approved,0,POS
TXN058066,C482,CRD0730,Mr Price,2026-02-28,765.75,Purchase,Approved,0,POS
TXN058067,C072,CRD0113,Uber Eats,2026-02-28,526.61,Purchase,Approved,1,Online
TXN058068,C449,CRD0682,Pep,2026-04-25,249.92,Purchase,Approved,0,POS
TXN058069,C266,CRD0386,Steers,2026-04-17,98.89,Purchase,Declined,0,POS
TXN058070,C364,CRD0545,KFC,2026-04-08,131.3,Withdrawal,Declined,0,ATM
TXN058071,C394,CRD0594,Vida e Caffe,2026-01-28,137.92,Purchase,Approved,0,POS
TXN058072,C457,CRD0697,TicketPro,2026-03-28,325.19,Purchase,Approved,0,POS
TXN058073,C013,CRD0020,Bash.com,2026-01-07,220.55,Purchase,Approved,0,Online
TXN058074,C322,CRD0477,Europcar,2026-04-21,2252.07,Purchase,Approved,0,POS
TXN058075,C431,CRD0656,McDonalds,2025-12-20,132.01,Purchase,Approved,0,Online
TXN058076,C519,CRD0773,Pep,2025-12-06,338.36,Purchase,Approved,0,ATM
TXN058077,C017,CRD0026,Steers,2025-12-16,37.72,Refund,Approved,0,POS
TXN058078,C417,CRD0632,Steers,2026-02-17,162.17,Purchase,Approved,0,POS
TXN058079,C370,CRD0557,Google Play,2026-01-21,27.14,Purchase,Declined,0,Online
TXN058080,C267,CRD0388,Nandos,2026-02-14,238.41,Purchase,Approved,0,Online
TXN058081,C469,CRD0713,Google Play,2026-02-28,136.78,Payment,Approved,0,Online
TXN058082,C068,CRD0105,Chicken Licken,2026-03-27,31.0,Refund,Approved,0,POS
TXN058083,C175,CRD0258,Nandos,2026-03-08,351.37,Purchase,Approved,0,POS
TXN058084,C012,CRD0019,Engen,2026-04-03,567.36,Payment,Approved,0,Online
TXN058085,C129,CRD0194,Spotify,2026-03-27,66.35,Purchase,Approved,0,Online
TXN058086,C377,CRD0568,Faithful to Nature,2025-12-07,182.88,Purchase,Approved,0,Online
TXN058087,C147,CRD0222,Apple iTunes,2026-03-13,380.83,Purchase,Approved,0,Online
TXN058088,C054,CRD0084,Steers,2026-03-08,139.84,Purchase,Approved,0,POS
TXN058089,C287,CRD0417,Debonairs,2026-03-02,41.86,Refund,Approved,0,Online
TXN058090,C025,CRD0043,Google Play,2026-01-31,129.82,Purchase,Approved,0,Online
TXN058091,C404,CRD0610,Uber Eats,2026-02-27,106.45,Purchase,Approved,0,Online
TXN058092,C211,CRD0311,Checkers,2026-01-27,1771.07,Purchase,Declined,0,Online
TXN058093,C535,CRD0789,Mugg and Bean,2026-03-09,267.36,Purchase,Approved,0,Online
TXN058094,C090,CRD0140,Checkers,2025-12-25,1801.5,Purchase,Declined,0,POS
TXN058095,C007,CRD0010,Google Play,2026-04-27,104.85,Purchase,Approved,0,Online
TXN058096,C363,CRD0542,Edgars,2026-04-26,673.27,Withdrawal,Approved,0,ATM
TXN058097,C143,CRD0215,Wimpy,2025-12-04,138.97,Purchase,Approved,0,Online
TXN058098,C306,CRD0449,Apple iTunes,2026-04-05,48.12,Purchase,Approved,0,Online
TXN058099,C025,CRD0042,Debonairs,2026-03-29,87.54,Withdrawal,Declined,0,ATM
TXN058100,C322,CRD0478,Dis-Chem,2025-12-26,341.87,Purchase,Approved,0,POS
TXN058101,C143,CRD0215,Spur,2026-05-05,151.2,Purchase,Approved,0,POS
TXN058102,C260,CRD0377,Dis-Chem,2026-04-04,666.03,Withdrawal,Approved,0,ATM
TXN058103,C016,CRD0024,Google Play,2025-12-28,120.61,Purchase,Approved,0,Online
TXN058104,C089,CRD0136,Checkers,2026-02-13,731.4,Purchase,Approved,0,POS
TXN058105,C342,CRD0513,Clicks,2026-02-26,537.43,Payment,Approved,0,Online
TXN058106,C464,CRD0706,Mugg and Bean,2026-04-21,85.42,Purchase,Approved,0,Online
TXN058107,C229,CRD0333,Dis-Chem,2026-03-27,370.9,Purchase,Approved,0,POS
TXN058108,C380,CRD0573,Pep,2025-12-30,41.54,Purchase,Approved,0,POS
TXN058109,C406,CRD0614,Loot.co.za,2026-02-20,1412.45,Withdrawal,Approved,0,Online
TXN058110,C011,CRD0018,Clicks,2026-02-25,134.32,Purchase,Approved,0,Online
TXN058111,C123,CRD0186,Romans Pizza,2026-04-06,194.64,Purchase,Approved,0,POS
TXN058112,C383,CRD0578,iStore,2026-03-06,1575.0,Refund,Approved,0,POS
TXN058113,C282,CRD0409,Chicken Licken,2025-11-26,125.51,Purchase,Approved,0,POS
TXN058114,C443,CRD0674,Bash.com,2026-05-02,326.1,Refund,Approved,0,Online
TXN058115,C479,CRD0727,Checkers,2026-03-24,2870.98,Purchase,Approved,1,POS
TXN058116,C267,CRD0388,BP,2025-11-27,972.49,Purchase,Approved,0,POS
TXN058117,C455,CRD0694,Pep,2026-02-28,260.65,Purchase,Pending,0,Online
TXN058118,C347,CRD0519,Steers,2026-03-06,245.65,Purchase,Approved,0,POS
TXN058119,C199,CRD0292,TicketPro,2026-03-24,764.23,Purchase,Approved,0,Online
TXN058120,C260,CRD0377,Netflix,2026-05-11,159.0,Withdrawal,Approved,0,Online
TXN058121,C400,CRD0603,Uber Eats,2026-03-15,231.65,Purchase,Approved,0,Online
TXN058122,C032,CRD0053,Woolworths,2026-02-17,442.84,Purchase,Approved,0,POS
TXN058123,C155,CRD0233,Dis-Chem,2025-11-21,947.76,Purchase,Approved,0,Online
TXN058124,C198,CRD0291,Chicken Licken,2025-12-25,203.17,Purchase,Approved,0,POS
TXN058125,C486,CRD0734,Pep,2026-03-08,268.86,Purchase,Approved,0,POS
TXN058126,C064,CRD0098,Vida e Caffe,2026-01-15,69.18,Payment,Approved,0,Online
TXN058127,C244,CRD0353,Romans Pizza,2026-02-18,184.42,Withdrawal,Approved,0,ATM
TXN058128,C264,CRD0382,Mr Price,2026-01-05,101.96,Purchase,Approved,0,POS
TXN058129,C048,CRD0074,DStv,2026-01-01,178.89,Purchase,Approved,0,POS
TXN058130,C459,CRD0699,Makro,2025-12-26,8365.02,Payment,Declined,0,Online
TXN058131,C011,CRD0018,Takealot,2026-05-26,5361.74,Purchase,Approved,1,Online
TXN058132,C493,CRD0744,Foschini,2026-05-10,1324.15,Purchase,Approved,0,Online
TXN058133,C256,CRD0369,Pick n Pay,2026-03-30,58.29,Purchase,Approved,0,POS
TXN058134,C415,CRD0630,Takealot,2026-05-14,212.19,Purchase,Approved,0,Online
TXN058135,C075,CRD0117,TicketPro,2026-02-22,987.79,Purchase,Approved,0,POS
TXN058136,C395,CRD0595,Apple iTunes,2026-05-25,489.79,Purchase,Approved,0,Online
TXN058137,C167,CRD0248,Wimpy,2026-03-25,69.57,Purchase,Approved,0,POS
TXN058138,C375,CRD0565,Checkers,2026-04-29,2012.13,Withdrawal,Declined,0,ATM
TXN058139,C049,CRD0077,Spur,2026-02-11,147.33,Purchase,Approved,0,POS
TXN058140,C286,CRD0416,McDonalds,2025-12-26,162.28,Purchase,Approved,0,POS
TXN058141,C355,CRD0533,Ster-Kinekor,2025-12-06,184.68,Payment,Approved,0,Online
TXN058142,C173,CRD0256,Chicken Licken,2026-04-16,108.63,Purchase,Approved,0,POS
TXN058143,C090,CRD0138,Steers,2026-01-11,228.24,Purchase,Approved,0,Online
TXN058144,C075,CRD0118,Google Play,2026-03-03,113.7,Purchase,Approved,0,Online
TXN058145,C386,CRD0584,Nu Metro,2025-12-05,276.85,Purchase,Approved,0,Online
TXN058146,C233,CRD0339,Checkers,2026-01-05,857.33,Purchase,Approved,0,ATM
TXN058147,C019,CRD0030,Mugg and Bean,2025-12-26,369.16,Purchase,Approved,0,POS
TXN058148,C095,CRD0147,Apple iTunes,2026-01-13,203.21,Withdrawal,Approved,0,Online
TXN058149,C532,CRD0786,Steers,2026-02-20,134.13,Payment,Approved,0,Online
TXN058150,C072,CRD0113,Checkers,2025-12-13,2131.66,Purchase,Approved,0,Online
TXN058151,C543,CRD0797,Loot.co.za,2026-01-09,1213.57,Purchase,Approved,0,Online
TXN058152,C036,CRD0057,Clicks,2026-01-25,559.72,Purchase,Approved,0,POS
TXN058153,C364,CRD0543,Google Play,2026-02-25,196.24,Purchase,Approved,0,Online
TXN058154,C266,CRD0385,Chicken Licken,2026-01-16,93.54,Purchase,Approved,0,POS
TXN058155,C209,CRD0308,KFC,2026-01-17,37.56,Purchase,Approved,0,POS
TXN058156,C095,CRD0146,Builders Warehouse,2026-02-25,10265.71,Purchase,Approved,0,POS
TXN058157,C248,CRD0358,KFC,2026-02-14,129.35,Purchase,Pending,0,POS
TXN058158,C198,CRD0291,Google Play,2026-05-25,159.11,Purchase,Approved,0,Online
TXN058159,C248,CRD0358,Netflix,2026-02-27,151.27,Purchase,Approved,0,Online
TXN058160,C036,CRD0057,Wimpy,2025-11-26,192.97,Purchase,Declined,0,ATM
TXN058161,C303,CRD0443,City Lodge,2026-03-27,1012.28,Purchase,Approved,0,POS
TXN058162,C063,CRD0096,Faithful to Nature,2026-01-11,630.29,Purchase,Approved,0,Online
TXN058163,C018,CRD0028,Europcar,2026-02-28,229.12,Refund,Approved,0,POS
TXN058164,C342,CRD0513,KFC,2026-01-28,125.36,Withdrawal,Approved,0,ATM
TXN058165,C083,CRD0127,Cape Union Mart,2026-03-06,197.43,Refund,Approved,0,POS
TXN058166,C068,CRD0105,Spotify,2026-05-10,50.39,Purchase,Approved,0,Online
TXN058167,C380,CRD0572,Mugg and Bean,2026-04-02,286.0,Purchase,Approved,0,POS
TXN058168,C239,CRD0347,Debonairs,2025-12-02,53.64,Purchase,Approved,0,POS
TXN058169,C087,CRD0132,Nandos,2026-05-27,289.63,Purchase,Approved,0,Online
TXN058170,C464,CRD0707,Pick n Pay,2026-01-20,157.32,Purchase,Approved,0,Online
TXN058171,C385,CRD0583,Loot.co.za,2026-03-27,448.64,Purchase,Approved,0,Online
TXN058172,C399,CRD0602,Pep,2025-12-27,270.89,Purchase,Approved,0,POS
TXN058173,C041,CRD0064,Pep,2025-12-27,127.02,Purchase,Declined,0,POS
TXN058174,C268,CRD0389,Steers,2026-02-17,151.63,Withdrawal,Declined,0,ATM
TXN058175,C086,CRD0131,KFC,2026-03-17,130.41,Purchase,Approved,0,POS
TXN058176,C041,CRD0064,Pep,2026-01-02,342.94,Purchase,Approved,0,Online
TXN058177,C404,CRD0609,Apple iTunes,2026-03-05,201.63,Purchase,Pending,0,Online
TXN058178,C328,CRD0489,Spotify,2026-04-12,37.31,Purchase,Declined,0,Online
TXN058179,C533,CRD0787,Wimpy,2026-03-08,65.5,Purchase,Approved,0,POS
TXN058180,C258,CRD0373,Romans Pizza,2026-03-26,84.27,Withdrawal,Approved,0,ATM
TXN058181,C414,CRD0628,Google Play,2026-05-27,159.26,Withdrawal,Approved,0,Online
TXN058182,C009,CRD0013,Pep,2025-12-26,156.65,Purchase,Approved,0,POS
TXN058183,C260,CRD0377,Dis-Chem,2026-01-19,264.94,Purchase,Approved,0,Online
TXN058184,C425,CRD0646,Romans Pizza,2026-03-28,212.54,Purchase,Approved,0,POS
TXN058185,C341,CRD0511,McDonalds,2026-04-11,85.16,Purchase,Declined,0,POS
TXN058186,C509,CRD0763,Faithful to Nature,2026-03-01,508.41,Purchase,Approved,0,Online
TXN058187,C080,CRD0123,Checkers,2026-01-25,1355.77,Purchase,Approved,0,POS
TXN058188,C135,CRD0204,Google Play,2025-11-26,268.69,Withdrawal,Approved,0,Online
TXN058189,C366,CRD0550,Dis-Chem,2026-01-18,423.11,Purchase,Approved,0,ATM
TXN058190,C383,CRD0579,ShowMax,2026-05-01,99.1,Purchase,Approved,0,Online
TXN058191,C284,CRD0413,Bash.com,2025-11-23,2439.94,Purchase,Approved,0,Online
TXN058192,C321,CRD0476,Pick n Pay,2026-04-22,1965.49,Purchase,Approved,0,Online
TXN058193,C464,CRD0706,Apple iTunes,2026-04-27,116.46,Withdrawal,Approved,0,Online
TXN058194,C017,CRD0025,Netflix,2026-05-05,198.64,Purchase,Approved,0,Online
TXN058195,C464,CRD0707,Spotify,2026-01-17,30.37,Purchase,Approved,0,Online
TXN058196,C442,CRD0673,Pep,2026-04-23,184.21,Withdrawal,Pending,0,ATM
TXN058197,C116,CRD0177,Chicken Licken,2026-03-28,207.5,Payment,Approved,1,Online
TXN058198,C151,CRD0228,Faithful to Nature,2026-01-28,1341.97,Purchase,Approved,0,Online
TXN058199,C376,CRD0567,KFC,2025-12-14,42.04,Purchase,Approved,0,Online
TXN058200,C070,CRD0109,Apple iTunes,2026-02-09,305.33,Purchase,Approved,0,Online
TXN058201,C291,CRD0425,Chicken Licken,2026-01-25,99.87,Purchase,Approved,0,POS
TXN058202,C443,CRD0674,Spur,2026-03-25,831.97,Purchase,Approved,1,Online
TXN058203,C118,CRD0179,Apple iTunes,2026-03-24,76.19,Withdrawal,Approved,0,Online
TXN058204,C005,CRD0006,Spotify,2026-04-02,53.41,Withdrawal,Approved,0,Online
TXN058205,C315,CRD0465,Google Play,2025-12-04,194.93,Purchase,Approved,0,Online
TXN058206,C292,CRD0428,Loot.co.za,2026-02-14,937.11,Purchase,Pending,0,Online
TXN058207,C427,CRD0650,Dis-Chem,2026-01-11,743.48,Purchase,Approved,0,POS
TXN058208,C351,CRD0526,Steers,2026-02-12,144.38,Purchase,Approved,0,POS
TXN058209,C544,CRD0798,Ster-Kinekor,2026-03-03,390.53,Purchase,Declined,0,POS
TXN058210,C225,CRD0328,Woolworths,2026-02-28,1726.3,Purchase,Pending,0,POS
TXN058211,C023,CRD0039,Loot.co.za,2025-11-24,1655.21,Purchase,Approved,0,Online
TXN058212,C165,CRD0245,Pick n Pay,2026-05-03,1077.6,Purchase,Approved,0,Online
TXN058213,C259,CRD0374,Truworths,2025-12-19,118.43,Withdrawal,Pending,0,ATM
TXN058214,C389,CRD0587,Truworths,2026-02-06,1176.37,Purchase,Approved,0,POS
TXN058215,C207,CRD0305,Romans Pizza,2026-02-16,97.92,Purchase,Approved,0,Online
TXN058216,C330,CRD0491,Google Play,2025-12-26,62.91,Withdrawal,Approved,0,Online
TXN058217,C347,CRD0518,Cape Union Mart,2026-03-26,715.37,Purchase,Approved,0,Online
TXN058218,C133,CRD0200,Incredible Connect,2026-01-17,21477.15,Purchase,Approved,1,POS
TXN058219,C229,CRD0333,Google Play,2025-12-12,17.29,Purchase,Approved,0,Online
TXN058220,C182,CRD0269,Apple iTunes,2025-12-08,228.14,Purchase,Approved,0,Online
TXN058221,C404,CRD0609,Google Play,2025-12-03,138.62,Purchase,Approved,0,Online
TXN058222,C360,CRD0539,TicketPro,2026-03-02,1238.74,Purchase,Approved,1,POS
TXN058223,C170,CRD0251,Chicken Licken,2025-12-12,35.16,Refund,Approved,0,POS
TXN058224,C300,CRD0439,Nu Metro,2026-02-19,260.87,Purchase,Approved,0,Online
TXN058225,C133,CRD0200,Nu Metro,2025-11-25,61.48,Purchase,Approved,0,POS
TXN058226,C406,CRD0615,Nandos,2026-02-25,133.14,Purchase,Approved,0,POS
TXN058227,C441,CRD0672,Google Play,2026-01-25,70.99,Purchase,Pending,0,Online
TXN058228,C106,CRD0162,Uber Eats,2026-02-28,154.15,Purchase,Approved,0,Online
TXN058229,C418,CRD0635,Spur,2026-01-07,566.92,Purchase,Approved,0,ATM
TXN058230,C231,CRD0337,Apple iTunes,2026-03-28,81.93,Payment,Approved,0,Online
TXN058231,C399,CRD0601,Checkers,2026-04-13,74.42,Refund,Approved,0,POS
TXN058232,C271,CRD0393,Google Play,2026-02-04,290.75,Purchase,Approved,0,Online
TXN058233,C108,CRD0165,Mugg and Bean,2026-03-28,23.38,Refund,Approved,0,Online
TXN058234,C327,CRD0487,Chicken Licken,2026-02-28,41.05,Purchase,Declined,0,Online
TXN058235,C027,CRD0046,TicketPro,2025-12-27,538.86,Withdrawal,Pending,0,ATM
TXN058236,C173,CRD0256,Amazon.co.za,2026-03-13,2244.35,Purchase,Approved,0,Online
TXN058237,C514,CRD0768,Ster-Kinekor,2025-11-29,222.33,Purchase,Approved,0,POS
TXN058238,C092,CRD0143,Gold Reef City,2025-12-26,261.35,Purchase,Declined,0,Online
TXN058239,C017,CRD0025,Romans Pizza,2026-04-24,77.35,Purchase,Approved,0,Online
TXN058240,C416,CRD0631,Gold Reef City,2026-04-07,98.03,Refund,Approved,0,Online
TXN058241,C162,CRD0240,Pep,2025-12-27,82.3,Payment,Approved,0,Online
TXN058242,C418,CRD0635,Mr Price,2026-05-01,850.9,Payment,Approved,0,Online
TXN058243,C480,CRD0728,Uber Eats,2026-01-24,322.78,Purchase,Approved,0,Online
TXN058244,C023,CRD0039,Vida e Caffe,2026-05-11,63.48,Purchase,Approved,0,ATM
TXN058245,C195,CRD0287,Vida e Caffe,2025-12-26,112.91,Withdrawal,Approved,0,ATM
TXN058246,C479,CRD0727,Steers,2026-02-22,226.03,Purchase,Approved,0,Online
TXN058247,C367,CRD0551,Woolworths,2026-03-03,640.01,Purchase,Pending,0,ATM
TXN058248,C086,CRD0131,Google Play,2025-12-29,65.17,Purchase,Approved,0,Online
TXN058249,C040,CRD0063,Nu Metro,2025-12-04,100.71,Purchase,Approved,0,POS
TXN058250,C034,CRD0055,Amazon.co.za,2026-03-28,3379.92,Purchase,Approved,0,Online
TXN058251,C366,CRD0550,Incredible Connect,2026-03-17,291.89,Refund,Approved,0,Online
TXN058252,C298,CRD0436,Google Play,2026-02-12,36.08,Purchase,Approved,0,Online
TXN058253,C089,CRD0135,Google Play,2026-02-11,159.2,Payment,Approved,0,Online
TXN058254,C524,CRD0778,Chicken Licken,2025-12-31,138.39,Payment,Approved,0,Online
TXN058255,C049,CRD0076,Romans Pizza,2026-01-14,237.7,Purchase,Declined,0,Online
TXN058256,C360,CRD0539,Bash.com,2025-11-27,538.51,Purchase,Approved,0,Online
TXN058257,C082,CRD0126,Incredible Connect,2025-11-25,342.32,Purchase,Approved,0,POS
TXN058258,C180,CRD0265,ShowMax,2026-01-05,96.83,Payment,Approved,0,Online
TXN058259,C470,CRD0715,Mugg and Bean,2026-03-23,130.5,Purchase,Declined,0,POS
TXN058260,C285,CRD0415,Pep,2026-04-21,267.22,Withdrawal,Approved,0,ATM
TXN058261,C434,CRD0661,Vida e Caffe,2026-01-27,84.97,Purchase,Approved,0,POS
TXN058262,C363,CRD0542,Loot.co.za,2025-12-16,3417.17,Purchase,Declined,0,Online
TXN058263,C455,CRD0695,Faithful to Nature,2026-02-14,1331.96,Withdrawal,Approved,0,Online
TXN058264,C038,CRD0059,Spur,2026-04-11,215.8,Purchase,Approved,0,POS
TXN058265,C283,CRD0412,Dis-Chem,2026-04-18,1185.61,Withdrawal,Pending,0,ATM
TXN058266,C132,CRD0199,KFC,2026-01-17,100.59,Purchase,Approved,0,Online
TXN058267,C190,CRD0279,Clicks,2025-12-31,355.78,Purchase,Approved,0,POS
TXN058268,C200,CRD0294,Debonairs,2026-04-01,358.36,Withdrawal,Approved,1,ATM
TXN058269,C361,CRD0540,Debonairs,2026-05-05,176.28,Purchase,Approved,0,Online
TXN058270,C155,CRD0233,Clicks,2026-01-28,264.94,Purchase,Approved,0,Online
TXN058271,C039,CRD0062,Netflix,2025-12-25,162.03,Purchase,Approved,0,Online
TXN058272,C389,CRD0587,McDonalds,2026-03-07,156.59,Purchase,Approved,0,POS
TXN058273,C423,CRD0642,Bash.com,2026-02-19,2830.91,Purchase,Approved,0,Online
TXN058274,C508,CRD0762,Samsung Store,2025-12-31,7254.82,Purchase,Approved,0,POS
TXN058275,C026,CRD0044,Cape Union Mart,2026-01-02,2743.05,Purchase,Approved,0,ATM
TXN058276,C473,CRD0719,Protea Hotels,2026-01-27,1940.45,Purchase,Approved,0,POS
TXN058277,C084,CRD0128,Spotify,2026-01-04,72.02,Purchase,Approved,1,Online
TXN058278,C436,CRD0664,Pep,2026-03-04,314.33,Purchase,Approved,0,POS
TXN058279,C456,CRD0696,Apple iTunes,2026-05-11,305.74,Purchase,Declined,0,Online
TXN058280,C291,CRD0425,Takealot,2026-02-26,2953.18,Withdrawal,Approved,0,Online
TXN058281,C212,CRD0312,Mr Price,2026-03-12,214.26,Purchase,Approved,0,POS
TXN058282,C543,CRD0797,Google Play,2026-05-26,168.51,Payment,Approved,0,Online
TXN058283,C437,CRD0665,Apple iTunes,2025-12-28,352.67,Payment,Approved,0,Online
TXN058284,C490,CRD0739,TicketPro,2026-01-30,519.39,Purchase,Approved,0,ATM
TXN058285,C078,CRD0121,Makro,2026-03-19,6524.52,Purchase,Approved,0,ATM
TXN058286,C332,CRD0496,Uber Eats,2026-02-01,79.25,Payment,Approved,0,Online
TXN058287,C124,CRD0187,Uber Eats,2026-04-13,298.6,Purchase,Approved,0,Online
TXN058288,C538,CRD0792,Superbalist,2026-05-26,2899.74,Withdrawal,Approved,1,Online
TXN058289,C108,CRD0165,KFC,2025-12-05,53.44,Payment,Approved,0,Online
TXN058290,C099,CRD0153,Truworths,2025-12-26,714.86,Purchase,Approved,0,Online
TXN058291,C040,CRD0063,KFC,2026-02-13,48.24,Withdrawal,Approved,0,ATM
TXN058292,C438,CRD0667,Gold Reef City,2026-04-05,380.0,Purchase,Approved,0,POS
TXN058293,C260,CRD0377,Ocean Basket,2026-03-11,331.37,Purchase,Approved,0,POS
TXN058294,C077,CRD0120,Sportsmans Whouse,2026-01-25,1237.54,Purchase,Approved,0,POS
TXN058295,C218,CRD0320,Pep,2026-01-16,293.63,Purchase,Declined,0,Online
TXN058296,C530,CRD0784,Google Play,2025-12-19,73.59,Purchase,Approved,0,Online
TXN058297,C541,CRD0795,BP,2026-01-26,1300.47,Purchase,Approved,0,POS
TXN058298,C535,CRD0789,KFC,2026-05-13,76.28,Payment,Approved,0,Online
TXN058299,C139,CRD0211,Google Play,2026-05-01,46.91,Purchase,Approved,0,Online
TXN058300,C426,CRD0647,Truworths,2026-01-14,300.45,Purchase,Approved,0,POS
TXN058301,C268,CRD0389,Edgars,2025-12-21,393.23,Purchase,Declined,0,Online
TXN058302,C129,CRD0194,Clicks,2026-03-20,369.89,Purchase,Approved,0,POS
TXN058303,C137,CRD0207,TicketPro,2025-12-03,68.81,Refund,Approved,0,Online
TXN058304,C006,CRD0009,Mugg and Bean,2026-03-10,432.37,Withdrawal,Approved,0,ATM
TXN058305,C080,CRD0123,Dis-Chem,2026-03-25,145.01,Payment,Approved,0,Online
TXN058306,C529,CRD0783,McDonalds,2026-04-27,118.45,Withdrawal,Approved,0,ATM
TXN058307,C404,CRD0609,Pick n Pay,2026-04-07,197.27,Purchase,Approved,0,POS
TXN058308,C377,CRD0569,Loot.co.za,2025-12-12,609.67,Purchase,Approved,0,Online
TXN058309,C174,CRD0257,Vida e Caffe,2026-03-23,89.36,Purchase,Approved,0,POS
TXN058310,C103,CRD0158,Debonairs,2025-12-29,90.02,Purchase,Approved,0,POS
TXN058311,C547,CRD0801,KFC,2026-01-15,60.58,Purchase,Approved,0,ATM
TXN058312,C070,CRD0110,Takealot,2026-03-12,4349.28,Purchase,Approved,0,Online
TXN058313,C136,CRD0205,Spotify,2026-01-26,67.75,Purchase,Pending,0,Online
TXN058314,C235,CRD0341,Apple iTunes,2026-02-25,237.33,Purchase,Declined,0,Online
TXN058315,C278,CRD0402,KFC,2025-12-26,135.08,Purchase,Approved,0,Online
TXN058316,C450,CRD0683,Google Play,2026-01-26,22.03,Withdrawal,Approved,0,Online
TXN058317,C032,CRD0052,Vida e Caffe,2026-04-06,131.29,Purchase,Approved,0,POS
TXN058318,C490,CRD0740,Apple iTunes,2026-03-27,347.6,Purchase,Approved,0,Online
TXN058319,C485,CRD0733,Mugg and Bean,2026-05-07,304.67,Purchase,Declined,0,Online
TXN058320,C205,CRD0300,Pep,2026-02-13,227.4,Purchase,Approved,0,Online
TXN058321,C187,CRD0274,Totalsports,2026-04-10,486.33,Purchase,Approved,0,POS
TXN058322,C456,CRD0696,Builders Warehouse,2025-12-28,9715.91,Purchase,Approved,0,POS
TXN058323,C288,CRD0419,Loot.co.za,2025-12-25,675.54,Purchase,Approved,0,Online
TXN058324,C047,CRD0073,Nu Metro,2026-01-26,171.48,Payment,Approved,0,Online
TXN058325,C442,CRD0673,Mr Price,2026-01-28,598.12,Purchase,Approved,0,POS
TXN058326,C267,CRD0388,Bash.com,2026-04-13,1603.2,Purchase,Approved,0,Online
TXN058327,C175,CRD0258,Sportsmans Whouse,2026-03-26,302.09,Purchase,Approved,0,POS
TXN058328,C173,CRD0255,Mr Price,2026-01-20,611.78,Withdrawal,Declined,0,ATM
TXN058329,C333,CRD0497,Takealot,2026-04-24,602.13,Purchase,Approved,0,Online
TXN058330,C041,CRD0065,Pick n Pay,2026-04-04,1181.6,Payment,Declined,0,Online
TXN058331,C272,CRD0395,McDonalds,2025-12-26,53.56,Purchase,Approved,0,ATM
TXN058332,C481,CRD0729,Checkers,2026-02-26,322.64,Purchase,Approved,0,Online
TXN058333,C367,CRD0552,Cape Union Mart,2026-01-13,947.43,Withdrawal,Approved,0,ATM
TXN058334,C416,CRD0631,KFC,2026-05-08,62.83,Withdrawal,Approved,0,ATM
TXN058335,C104,CRD0159,Clicks,2026-01-25,212.33,Withdrawal,Approved,0,ATM
TXN058336,C150,CRD0226,KFC,2025-12-29,24.83,Refund,Approved,0,Online
TXN058337,C095,CRD0146,Uber Eats,2026-01-01,299.0,Withdrawal,Approved,0,Online
TXN058338,C232,CRD0338,Superbalist,2025-12-30,819.09,Purchase,Approved,0,Online
TXN058339,C154,CRD0232,KFC,2025-12-29,127.06,Purchase,Approved,0,POS
TXN058340,C149,CRD0225,Vida e Caffe,2026-05-28,47.58,Purchase,Approved,0,POS
TXN058341,C289,CRD0422,Vida e Caffe,2026-02-28,69.25,Purchase,Approved,0,POS
TXN058342,C244,CRD0353,Google Play,2025-12-31,27.22,Purchase,Pending,0,Online
TXN058343,C426,CRD0647,Amazon.co.za,2026-01-31,3087.57,Purchase,Approved,0,Online
TXN058344,C450,CRD0683,Pep,2026-01-25,295.81,Withdrawal,Approved,0,ATM
TXN058345,C316,CRD0467,Google Play,2026-03-12,106.59,Purchase,Approved,0,Online
TXN058346,C011,CRD0017,Clicks,2025-12-25,126.54,Purchase,Approved,0,POS
TXN058347,C537,CRD0791,KFC,2026-03-26,53.23,Purchase,Approved,0,POS
TXN058348,C034,CRD0055,Clicks,2025-12-24,460.18,Payment,Approved,0,Online
TXN058349,C218,CRD0319,Debonairs,2025-11-27,201.39,Purchase,Approved,0,POS
TXN058350,C413,CRD0625,Debonairs,2026-02-21,134.98,Withdrawal,Approved,0,ATM
TXN058351,C474,CRD0720,McDonalds,2025-12-28,250.36,Purchase,Declined,0,POS
TXN058352,C249,CRD0360,Pick n Pay,2026-04-28,358.08,Purchase,Approved,0,POS
TXN058353,C483,CRD0731,Faithful to Nature,2026-02-19,1383.17,Purchase,Approved,0,Online
TXN058354,C395,CRD0595,Faithful to Nature,2026-03-30,990.7,Purchase,Declined,0,Online
TXN058355,C163,CRD0242,Ster-Kinekor,2026-03-22,92.68,Purchase,Declined,0,Online
TXN058356,C412,CRD0624,KFC,2026-02-21,127.61,Withdrawal,Approved,0,ATM
TXN058357,C494,CRD0745,Wimpy,2026-02-27,164.18,Purchase,Approved,0,Online
TXN058358,C141,CRD0213,Google Play,2026-04-06,133.25,Withdrawal,Approved,0,Online
TXN058359,C055,CRD0086,Dis-Chem,2026-05-14,247.2,Purchase,Approved,0,POS
TXN058360,C268,CRD0389,KFC,2026-01-27,40.15,Withdrawal,Approved,0,ATM
TXN058361,C516,CRD0770,FlySafair,2025-12-28,1333.28,Purchase,Approved,0,POS
TXN058362,C054,CRD0084,Checkers,2025-12-31,1508.18,Withdrawal,Approved,0,ATM
TXN058363,C049,CRD0078,McDonalds,2025-11-26,97.02,Purchase,Approved,0,Online
TXN058364,C055,CRD0086,Steers,2026-01-25,75.59,Purchase,Approved,0,ATM
TXN058365,C516,CRD0770,Takealot,2026-04-28,321.05,Purchase,Approved,0,Online
TXN058366,C087,CRD0132,Google Play,2026-04-08,208.77,Withdrawal,Approved,0,Online
TXN058367,C165,CRD0244,Debonairs,2025-11-28,153.01,Purchase,Declined,0,Online
TXN058368,C353,CRD0530,Ocean Basket,2026-01-28,389.52,Purchase,Approved,0,POS
TXN058369,C331,CRD0494,Pep,2026-04-29,287.4,Purchase,Declined,0,POS
TXN058370,C324,CRD0480,Romans Pizza,2026-04-27,183.94,Purchase,Approved,0,Online
TXN058371,C433,CRD0659,Romans Pizza,2026-02-05,98.87,Purchase,Approved,0,POS
TXN058372,C207,CRD0305,Shell,2026-03-04,1681.18,Purchase,Approved,0,POS
TXN058373,C002,CRD0002,Spotify,2026-03-17,23.81,Purchase,Declined,0,Online
TXN058374,C045,CRD0070,DStv,2026-02-25,660.26,Purchase,Declined,0,Online
TXN058375,C282,CRD0409,Debonairs,2026-04-22,297.29,Purchase,Approved,1,Online
TXN058376,C481,CRD0729,Apple iTunes,2025-12-09,58.12,Withdrawal,Approved,0,Online
TXN058377,C292,CRD0428,ShowMax,2026-02-18,86.94,Purchase,Approved,1,Online
TXN058378,C038,CRD0059,Google Play,2026-04-29,427.17,Purchase,Approved,1,Online
TXN058379,C365,CRD0548,Romans Pizza,2026-04-29,201.88,Withdrawal,Approved,0,ATM
TXN058380,C380,CRD0573,Takealot,2026-01-21,3618.34,Payment,Approved,0,Online
TXN058381,C089,CRD0135,Apple iTunes,2025-12-27,69.91,Refund,Approved,0,Online
TXN058382,C161,CRD0239,Ocean Basket,2025-12-18,623.62,Purchase,Approved,0,Online
TXN058383,C189,CRD0277,Incredible Connect,2026-05-28,5519.91,Refund,Approved,1,POS
TXN058384,C528,CRD0782,Faithful to Nature,2025-11-26,369.66,Refund,Approved,0,Online
TXN058385,C130,CRD0195,Loot.co.za,2026-05-10,2510.76,Withdrawal,Approved,1,Online
TXN058386,C278,CRD0402,Steers,2026-03-27,51.32,Purchase,Approved,0,POS
TXN058387,C261,CRD0378,Pep,2025-12-28,191.4,Purchase,Approved,0,POS
TXN058388,C474,CRD0720,Pep,2026-04-27,307.49,Purchase,Declined,0,POS
TXN058389,C253,CRD0366,Incredible Connect,2025-12-28,7325.76,Withdrawal,Approved,0,ATM
TXN058390,C023,CRD0039,Pep,2025-11-21,373.32,Purchase,Approved,0,POS
TXN058391,C264,CRD0382,Clicks,2025-12-31,101.85,Purchase,Approved,0,POS
TXN058392,C088,CRD0133,Mr Price,2026-05-16,214.03,Purchase,Approved,0,Online
TXN058393,C219,CRD0321,Chicken Licken,2025-12-26,74.43,Purchase,Approved,0,Online
TXN058394,C446,CRD0679,Spur,2026-03-25,237.32,Purchase,Approved,0,Online
TXN058395,C469,CRD0713,Nandos,2026-04-13,237.81,Withdrawal,Approved,0,ATM
TXN058396,C384,CRD0580,Amazon.co.za,2025-12-21,243.69,Purchase,Approved,0,Online
TXN058397,C450,CRD0683,Bash.com,2026-04-26,2137.48,Purchase,Approved,0,Online
TXN058398,C075,CRD0118,Nu Metro,2026-04-04,134.69,Purchase,Approved,0,POS
TXN058399,C494,CRD0745,Cape Union Mart,2026-02-25,2254.24,Purchase,Approved,0,POS
TXN058400,C488,CRD0736,Chicken Licken,2026-01-29,186.84,Purchase,Approved,0,POS
TXN058401,C056,CRD0087,City Lodge,2026-01-18,2986.13,Payment,Approved,0,Online
TXN058402,C325,CRD0483,McDonalds,2025-11-27,214.33,Purchase,Approved,0,POS
TXN058403,C049,CRD0076,Steers,2026-02-28,138.92,Purchase,Approved,0,POS
TXN058404,C369,CRD0555,Dis-Chem,2026-03-30,827.7,Purchase,Declined,0,Online
TXN058405,C472,CRD0717,Google Play,2026-03-08,124.48,Purchase,Declined,0,Online
TXN058406,C522,CRD0776,Zando,2026-03-31,1687.41,Purchase,Declined,0,Online
TXN058407,C282,CRD0410,Takealot,2026-03-27,1221.58,Purchase,Approved,0,Online
TXN058408,C248,CRD0358,Chicken Licken,2026-03-25,77.51,Withdrawal,Approved,0,ATM
TXN058409,C379,CRD0571,Pep,2026-01-26,81.29,Withdrawal,Approved,0,ATM
TXN058410,C062,CRD0095,Nu Metro,2025-11-27,145.97,Purchase,Approved,0,ATM
TXN058411,C023,CRD0038,McDonalds,2026-02-10,86.96,Purchase,Declined,0,POS
TXN058412,C027,CRD0045,Google Play,2026-01-08,37.74,Payment,Approved,0,Online
TXN058413,C403,CRD0607,Checkers,2026-03-27,1712.65,Withdrawal,Approved,0,ATM
TXN058414,C028,CRD0047,Ster-Kinekor,2026-02-02,349.28,Purchase,Approved,1,POS
TXN058415,C179,CRD0263,Apple iTunes,2026-04-10,349.44,Purchase,Approved,0,Online
TXN058416,C180,CRD0264,Google Play,2026-02-25,277.14,Purchase,Approved,0,Online
TXN058417,C130,CRD0196,Apple iTunes,2026-02-26,134.45,Purchase,Approved,0,Online
TXN058418,C351,CRD0526,Debonairs,2026-04-17,214.02,Purchase,Approved,0,POS
TXN058419,C492,CRD0742,Uber Eats,2026-03-04,177.41,Purchase,Approved,0,Online
TXN058420,C542,CRD0796,Steers,2026-03-22,76.94,Purchase,Approved,0,POS
TXN058421,C418,CRD0635,Chicken Licken,2026-01-04,54.17,Purchase,Approved,0,POS
TXN058422,C537,CRD0791,Edgars,2026-04-12,798.51,Purchase,Pending,0,POS
TXN058423,C011,CRD0018,Wimpy,2026-03-01,90.22,Payment,Approved,0,Online
TXN058424,C289,CRD0422,Checkers,2026-02-27,786.23,Withdrawal,Approved,0,ATM
TXN058425,C161,CRD0239,Google Play,2026-02-27,59.31,Purchase,Declined,0,Online
TXN058426,C335,CRD0502,Netflix,2026-03-07,151.02,Purchase,Approved,0,Online
TXN058427,C470,CRD0715,Kulula,2026-04-25,927.2,Purchase,Declined,0,POS
TXN058428,C022,CRD0037,Cape Union Mart,2025-12-06,1072.33,Purchase,Approved,0,POS
TXN058429,C518,CRD0772,Clicks,2026-05-08,343.42,Purchase,Approved,0,POS
TXN058430,C218,CRD0320,Edgars,2026-03-01,1970.04,Withdrawal,Approved,0,ATM
TXN058431,C381,CRD0574,KFC,2025-12-27,111.68,Purchase,Approved,0,POS
TXN058432,C366,CRD0549,Totalsports,2026-02-10,1153.72,Purchase,Approved,0,Online
TXN058433,C335,CRD0502,Superbalist,2026-02-27,307.73,Purchase,Approved,0,Online
TXN058434,C110,CRD0168,Google Play,2026-03-25,79.65,Purchase,Approved,0,Online
TXN058435,C347,CRD0519,Google Play,2025-12-26,140.01,Purchase,Approved,0,Online
TXN058436,C474,CRD0720,Pick n Pay,2026-01-26,2556.69,Purchase,Approved,1,Online
TXN058437,C186,CRD0273,KFC,2026-04-27,90.96,Purchase,Approved,0,Online
TXN058438,C533,CRD0787,Gold Reef City,2025-11-25,240.16,Purchase,Approved,0,POS
TXN058439,C540,CRD0794,Pep,2026-02-25,179.61,Purchase,Approved,0,POS
TXN058440,C313,CRD0463,Apple iTunes,2025-12-28,122.98,Purchase,Approved,0,Online
TXN058441,C119,CRD0180,Pep,2026-02-20,263.51,Purchase,Approved,0,Online
TXN058442,C279,CRD0406,Steers,2026-03-25,209.16,Purchase,Approved,0,POS
TXN058443,C081,CRD0124,Gold Reef City,2025-12-17,562.68,Purchase,Approved,0,POS
TXN058444,C486,CRD0734,FlySafair,2026-05-15,3234.59,Purchase,Approved,0,ATM
TXN058445,C089,CRD0135,Chicken Licken,2026-05-03,74.38,Purchase,Approved,0,Online
TXN058446,C110,CRD0167,Spotify,2025-12-11,68.34,Purchase,Declined,0,Online
TXN058447,C375,CRD0565,Truworths,2026-03-01,324.25,Purchase,Approved,0,Online
TXN058448,C099,CRD0153,Steers,2026-03-28,155.66,Purchase,Approved,0,Online
TXN058449,C075,CRD0118,Chicken Licken,2026-02-27,188.68,Purchase,Declined,0,POS
TXN058450,C543,CRD0797,Pep,2026-04-26,369.42,Purchase,Approved,0,POS
TXN058451,C046,CRD0071,Checkers,2025-12-30,559.43,Purchase,Approved,0,Online
TXN058452,C261,CRD0378,Amazon.co.za,2025-12-26,1705.76,Purchase,Approved,0,Online
TXN058453,C394,CRD0594,Google Play,2026-04-30,95.81,Purchase,Approved,0,Online
TXN058454,C398,CRD0598,Vida e Caffe,2026-01-01,97.87,Withdrawal,Approved,0,ATM
TXN058455,C534,CRD0788,Debonairs,2026-04-28,386.63,Withdrawal,Approved,1,ATM
TXN058456,C505,CRD0759,Ster-Kinekor,2026-03-04,87.96,Withdrawal,Approved,0,ATM
TXN058457,C543,CRD0797,Gold Reef City,2025-12-03,230.28,Purchase,Approved,0,POS
TXN058458,C198,CRD0291,Dis-Chem,2026-02-01,412.61,Purchase,Approved,0,POS
TXN058459,C444,CRD0675,Superbalist,2026-04-19,424.65,Purchase,Approved,0,Online
TXN058460,C532,CRD0786,Dis-Chem,2025-11-21,816.14,Purchase,Approved,0,Online
TXN058461,C230,CRD0335,Dis-Chem,2026-04-19,274.19,Purchase,Approved,0,POS
TXN058462,C520,CRD0774,Romans Pizza,2026-04-28,172.37,Purchase,Declined,0,Online
TXN058463,C211,CRD0311,Dis-Chem,2025-12-26,156.39,Purchase,Approved,0,POS
TXN058464,C446,CRD0677,Google Play,2026-03-08,101.31,Purchase,Approved,0,Online
TXN058465,C332,CRD0495,Pick n Pay,2026-02-13,668.14,Purchase,Declined,0,POS
TXN058466,C382,CRD0576,Cape Union Mart,2026-01-15,1403.53,Purchase,Approved,0,Online
TXN058467,C451,CRD0686,Gold Reef City,2026-05-11,534.14,Purchase,Approved,0,POS
TXN058468,C493,CRD0743,Makro,2026-01-14,8262.25,Withdrawal,Approved,0,ATM
TXN058469,C475,CRD0721,Avis SA,2026-02-09,589.8,Purchase,Approved,0,POS
TXN058470,C533,CRD0787,Clicks,2026-02-12,317.74,Purchase,Approved,0,Online
TXN058471,C361,CRD0540,Debonairs,2025-12-28,184.94,Purchase,Declined,0,POS
TXN058472,C154,CRD0232,Ster-Kinekor,2026-03-02,137.25,Withdrawal,Approved,0,ATM
TXN058473,C201,CRD0296,Pick n Pay,2026-01-25,1443.67,Purchase,Approved,0,POS
TXN058474,C318,CRD0469,Makro,2026-01-24,873.8,Purchase,Approved,0,POS
TXN058475,C488,CRD0737,Romans Pizza,2026-05-04,102.39,Payment,Declined,0,Online
TXN058476,C445,CRD0676,Foschini,2026-04-28,1736.67,Purchase,Approved,0,Online
TXN058477,C470,CRD0715,Takealot,2026-02-27,1148.78,Purchase,Approved,0,Online
TXN058478,C182,CRD0268,Vida e Caffe,2025-11-26,146.78,Purchase,Approved,0,ATM
TXN058479,C189,CRD0277,Loot.co.za,2026-04-03,322.49,Purchase,Approved,0,Online
TXN058480,C427,CRD0650,Amazon.co.za,2025-11-23,2390.46,Purchase,Declined,0,Online
TXN058481,C414,CRD0628,Romans Pizza,2026-05-05,231.47,Purchase,Approved,0,POS
TXN058482,C245,CRD0354,Pep,2026-04-30,489.58,Purchase,Approved,0,ATM
TXN058483,C090,CRD0140,Nandos,2026-01-13,120.73,Purchase,Approved,0,ATM
TXN058484,C377,CRD0568,Spotify,2026-01-01,47.82,Purchase,Approved,0,Online
TXN058485,C385,CRD0583,Vida e Caffe,2026-03-09,53.49,Purchase,Approved,0,Online
TXN058486,C349,CRD0524,Checkers,2025-12-26,109.06,Purchase,Approved,0,Online
TXN058487,C134,CRD0202,Nu Metro,2026-05-25,114.67,Purchase,Declined,0,POS
TXN058488,C383,CRD0577,Takealot,2026-04-23,917.68,Purchase,Approved,0,Online
TXN058489,C247,CRD0356,Checkers,2026-01-04,1229.98,Purchase,Approved,0,POS
TXN058490,C020,CRD0032,Vida e Caffe,2026-02-25,73.78,Purchase,Approved,0,POS
TXN058491,C440,CRD0670,Sportsmans Whouse,2025-12-06,559.65,Payment,Approved,0,Online
TXN058492,C036,CRD0057,Foschini,2025-12-23,1316.74,Purchase,Approved,0,Online
TXN058493,C426,CRD0649,Chicken Licken,2026-03-15,79.98,Payment,Approved,0,Online
TXN058494,C335,CRD0501,Chicken Licken,2026-01-28,198.43,Purchase,Approved,0,POS
TXN058495,C112,CRD0170,Apple iTunes,2026-05-06,127.13,Purchase,Approved,0,Online
TXN058496,C266,CRD0386,Mr Price,2026-01-09,1095.88,Purchase,Approved,0,POS
TXN058497,C193,CRD0283,Checkers,2026-04-04,1506.43,Payment,Approved,0,Online
TXN058498,C177,CRD0260,Foschini,2026-04-08,478.09,Purchase,Approved,0,POS
TXN058499,C018,CRD0027,Google Play,2026-03-23,114.93,Purchase,Approved,0,Online
TXN058500,C351,CRD0526,Chicken Licken,2025-12-21,104.75,Purchase,Declined,0,POS
TXN058501,C090,CRD0139,Steers,2025-12-27,173.14,Purchase,Approved,0,POS
TXN058502,C384,CRD0580,Pep,2026-02-25,13.21,Refund,Approved,0,POS
TXN058503,C082,CRD0126,Zando,2026-03-19,1847.44,Withdrawal,Approved,0,Online
TXN058504,C377,CRD0568,Woolworths,2026-01-28,474.01,Purchase,Approved,0,POS
TXN058505,C383,CRD0579,Ster-Kinekor,2025-12-24,46.35,Refund,Approved,0,POS
TXN058506,C527,CRD0781,Nu Metro,2026-03-25,151.52,Purchase,Approved,0,POS
TXN058507,C083,CRD0127,Google Play,2026-02-05,36.26,Payment,Approved,0,Online
TXN058508,C373,CRD0561,Woolworths,2026-03-19,884.87,Withdrawal,Approved,0,ATM
TXN058509,C406,CRD0614,Dis-Chem,2025-11-22,163.51,Refund,Approved,0,POS
TXN058510,C164,CRD0243,Clicks,2025-12-28,244.99,Payment,Approved,0,Online
TXN058511,C250,CRD0362,Checkers,2026-03-25,146.32,Withdrawal,Approved,0,ATM
TXN058512,C306,CRD0448,Protea Hotels,2026-01-27,2149.62,Purchase,Approved,0,POS
TXN058513,C462,CRD0704,Spotify,2025-12-25,59.88,Purchase,Approved,0,Online
TXN058514,C444,CRD0675,Vida e Caffe,2026-03-08,73.77,Purchase,Approved,0,POS
TXN058515,C149,CRD0224,TicketPro,2026-03-25,398.49,Purchase,Declined,0,POS
TXN058516,C476,CRD0724,Google Play,2026-04-27,246.34,Purchase,Approved,1,Online
TXN058517,C225,CRD0328,TicketPro,2026-02-27,562.83,Purchase,Approved,0,POS
TXN058518,C023,CRD0039,Loot.co.za,2026-02-20,1489.5,Purchase,Approved,0,Online
TXN058519,C152,CRD0230,Samsung Store,2025-12-26,6146.16,Purchase,Approved,0,POS
TXN058520,C089,CRD0135,Nu Metro,2026-02-27,260.15,Withdrawal,Approved,1,ATM
TXN058521,C433,CRD0660,TicketPro,2026-01-18,136.38,Purchase,Approved,0,POS
TXN058522,C083,CRD0127,Checkers,2026-01-03,648.68,Purchase,Approved,0,POS
TXN058523,C061,CRD0094,Checkers,2026-04-07,1009.61,Purchase,Approved,0,Online
TXN058524,C285,CRD0415,Chicken Licken,2025-12-04,111.04,Purchase,Approved,0,Online
TXN058525,C371,CRD0558,McDonalds,2026-02-12,163.1,Purchase,Approved,0,POS
TXN058526,C483,CRD0731,Faithful to Nature,2026-05-05,1329.26,Purchase,Approved,0,Online
TXN058527,C474,CRD0720,Google Play,2026-02-26,60.58,Purchase,Declined,0,Online
TXN058528,C034,CRD0055,TicketPro,2026-04-18,740.44,Purchase,Approved,0,POS
TXN058529,C232,CRD0338,Chicken Licken,2026-04-27,114.75,Purchase,Approved,0,POS
TXN058530,C244,CRD0353,Woolworths,2026-04-10,829.42,Purchase,Pending,0,POS
TXN058531,C414,CRD0627,DStv,2026-05-08,297.01,Withdrawal,Declined,0,ATM
TXN058532,C304,CRD0446,Nu Metro,2026-02-03,68.9,Payment,Approved,0,Online
TXN058533,C304,CRD0446,Vida e Caffe,2026-04-18,96.04,Withdrawal,Approved,0,ATM
TXN058534,C055,CRD0086,Nandos,2025-12-28,84.99,Purchase,Declined,0,POS
TXN058535,C271,CRD0394,Spur,2025-12-26,351.7,Purchase,Approved,0,POS
TXN058536,C289,CRD0421,Truworths,2025-12-27,2551.82,Purchase,Approved,1,POS
TXN058537,C197,CRD0289,Spotify,2026-04-27,57.73,Purchase,Approved,0,Online
TXN058538,C027,CRD0046,Kulula,2026-04-26,3074.75,Payment,Approved,0,Online
TXN058539,C149,CRD0224,Apple iTunes,2026-02-13,137.23,Purchase,Approved,0,Online
TXN058540,C237,CRD0343,Sportsmans Whouse,2026-04-04,4479.61,Purchase,Approved,0,Online
TXN058541,C124,CRD0187,Apple iTunes,2026-05-07,289.78,Purchase,Approved,0,Online
TXN058542,C350,CRD0525,Clicks,2026-03-26,790.15,Withdrawal,Approved,0,ATM
TXN058543,C289,CRD0422,Mugg and Bean,2026-03-25,164.63,Purchase,Approved,0,POS
TXN058544,C311,CRD0458,Mr Price,2026-04-26,305.08,Purchase,Approved,0,POS
TXN058545,C334,CRD0498,Google Play,2026-04-25,145.07,Purchase,Approved,0,Online
TXN058546,C258,CRD0372,Ster-Kinekor,2025-12-17,122.74,Purchase,Approved,0,Online
TXN058547,C400,CRD0603,Pep,2026-02-09,314.85,Purchase,Approved,0,POS
TXN058548,C018,CRD0028,Google Play,2026-01-31,47.74,Purchase,Approved,0,Online
TXN058549,C355,CRD0534,Clicks,2026-04-21,75.65,Purchase,Approved,0,POS
TXN058550,C092,CRD0143,Shell,2026-03-29,421.9,Purchase,Approved,0,POS
TXN058551,C412,CRD0624,Debonairs,2026-04-01,207.02,Payment,Approved,0,Online
TXN058552,C164,CRD0243,Superbalist,2026-02-24,1935.47,Withdrawal,Approved,0,Online
TXN058553,C453,CRD0690,Pick n Pay,2026-04-09,2225.79,Purchase,Approved,0,POS
TXN058554,C433,CRD0659,Romans Pizza,2025-12-21,93.03,Purchase,Declined,0,POS
TXN058555,C264,CRD0382,Zando,2025-12-14,630.06,Purchase,Approved,0,Online
TXN058556,C483,CRD0731,McDonalds,2026-03-10,96.04,Payment,Approved,0,Online
TXN058557,C256,CRD0369,Ster-Kinekor,2026-01-10,333.56,Purchase,Approved,1,POS
TXN058558,C144,CRD0217,Checkers,2026-03-16,351.76,Purchase,Approved,0,Online
TXN058559,C322,CRD0477,Wimpy,2026-02-02,92.82,Withdrawal,Pending,0,ATM
TXN058560,C219,CRD0321,Truworths,2026-01-13,579.41,Withdrawal,Approved,0,ATM
TXN058561,C204,CRD0299,Vida e Caffe,2026-03-22,56.51,Purchase,Approved,0,Online
TXN058562,C531,CRD0785,Dis-Chem,2026-03-27,74.48,Purchase,Approved,0,POS
TXN058563,C400,CRD0603,Steers,2026-05-08,95.69,Purchase,Pending,0,POS
TXN058564,C227,CRD0330,Apple iTunes,2026-02-09,171.41,Payment,Approved,0,Online
TXN058565,C094,CRD0145,Pick n Pay,2025-12-24,1666.39,Payment,Declined,0,Online
TXN058566,C065,CRD0099,Cape Union Mart,2026-02-14,2128.68,Purchase,Approved,0,POS
TXN058567,C351,CRD0526,Google Play,2026-04-03,209.94,Purchase,Approved,0,Online
TXN058568,C370,CRD0557,Debonairs,2026-04-22,223.94,Purchase,Approved,0,POS
TXN058569,C371,CRD0559,Clicks,2026-02-14,388.1,Purchase,Approved,0,POS
TXN058570,C199,CRD0292,Ster-Kinekor,2026-03-02,160.95,Purchase,Approved,0,Online
TXN058571,C226,CRD0329,Mugg and Bean,2026-04-26,395.15,Withdrawal,Approved,0,ATM
TXN058572,C300,CRD0439,Apple iTunes,2025-11-29,431.61,Purchase,Approved,0,Online
TXN058573,C310,CRD0455,Foschini,2025-12-30,1800.03,Withdrawal,Declined,0,ATM
TXN058574,C420,CRD0638,Google Play,2026-05-09,280.41,Purchase,Declined,0,Online
TXN058575,C529,CRD0783,KFC,2026-05-03,63.54,Purchase,Approved,0,POS
TXN058576,C283,CRD0412,Uber Eats,2026-04-29,386.59,Purchase,Approved,0,Online
TXN058577,C434,CRD0661,Apple iTunes,2026-04-05,165.34,Purchase,Approved,0,Online
TXN058578,C027,CRD0046,Apple iTunes,2026-04-26,178.24,Purchase,Approved,0,Online
TXN058579,C421,CRD0640,Foschini,2026-02-25,1552.44,Purchase,Approved,0,Online
TXN058580,C480,CRD0728,TicketPro,2026-04-05,364.98,Purchase,Approved,0,POS
TXN058581,C206,CRD0302,Uber Eats,2026-02-10,322.58,Purchase,Approved,0,Online
TXN058582,C382,CRD0576,Pep,2026-01-16,329.91,Purchase,Declined,0,POS
TXN058583,C285,CRD0414,Nu Metro,2025-11-27,105.72,Purchase,Approved,0,POS
TXN058584,C550,CRD0804,Engen,2026-01-18,982.71,Purchase,Approved,0,POS
TXN058585,C032,CRD0052,Loot.co.za,2026-04-17,273.96,Purchase,Declined,0,Online
TXN058586,C107,CRD0163,Amazon.co.za,2026-02-27,2507.57,Purchase,Approved,0,Online
TXN058587,C447,CRD0680,Clicks,2025-12-20,456.79,Withdrawal,Approved,0,ATM
TXN058588,C347,CRD0519,Netflix,2026-03-19,191.12,Purchase,Declined,0,Online
TXN058589,C426,CRD0647,Romans Pizza,2026-02-27,165.96,Withdrawal,Approved,0,ATM
TXN058590,C436,CRD0664,Google Play,2026-04-28,199.07,Purchase,Approved,0,Online
TXN058591,C124,CRD0188,Google Play,2026-01-21,283.14,Purchase,Approved,0,Online
TXN058592,C243,CRD0351,Checkers,2025-12-17,349.62,Purchase,Approved,0,POS
TXN058593,C032,CRD0053,Spur,2025-11-26,208.52,Purchase,Approved,0,POS
TXN058594,C061,CRD0094,Steers,2026-03-22,105.52,Withdrawal,Approved,0,ATM
TXN058595,C384,CRD0580,Apple iTunes,2026-02-01,108.3,Payment,Approved,0,Online
TXN058596,C254,CRD0367,Pick n Pay,2026-04-27,505.59,Refund,Approved,0,ATM
TXN058597,C337,CRD0504,Woolworths,2026-01-22,239.49,Payment,Approved,0,Online
TXN058598,C219,CRD0321,Cape Union Mart,2026-04-08,720.47,Withdrawal,Approved,0,ATM
TXN058599,C077,CRD0120,Google Play,2025-12-19,168.89,Purchase,Approved,0,Online
TXN058600,C451,CRD0685,Takealot,2026-05-13,2383.76,Purchase,Pending,0,Online
TXN058601,C282,CRD0410,Superbalist,2026-04-25,1650.76,Purchase,Approved,0,Online
TXN058602,C230,CRD0336,Ster-Kinekor,2025-12-20,81.83,Purchase,Declined,0,ATM
TXN058603,C271,CRD0394,Apple iTunes,2025-12-17,233.24,Purchase,Approved,0,Online
TXN058604,C519,CRD0773,Montecasino,2026-05-08,1336.26,Withdrawal,Declined,0,ATM
TXN058605,C547,CRD0801,Samsung Store,2026-01-28,13808.36,Purchase,Approved,0,Online
TXN058606,C291,CRD0424,Vida e Caffe,2025-12-28,47.42,Purchase,Approved,0,POS
TXN058607,C141,CRD0213,Google Play,2026-04-19,219.47,Purchase,Approved,0,Online
TXN058608,C469,CRD0713,Apple iTunes,2026-03-27,121.44,Purchase,Approved,0,Online
TXN058609,C087,CRD0132,Zando,2026-02-06,3556.59,Purchase,Approved,1,Online
TXN058610,C061,CRD0094,Takealot,2026-03-25,2333.84,Purchase,Approved,0,Online
TXN058611,C144,CRD0216,SAA,2026-02-02,1873.94,Purchase,Approved,0,POS
TXN058612,C476,CRD0723,Dis-Chem,2026-05-27,811.44,Purchase,Approved,0,POS
TXN058613,C407,CRD0617,Pep,2026-01-25,171.1,Purchase,Approved,0,POS
TXN058614,C301,CRD0441,Spur,2025-11-24,134.29,Payment,Approved,0,Online
TXN058615,C212,CRD0312,Pep,2025-12-27,67.25,Purchase,Approved,0,Online
TXN058616,C152,CRD0230,Ster-Kinekor,2026-02-08,205.66,Purchase,Approved,0,Online
TXN058617,C196,CRD0288,Engen,2025-12-28,390.59,Purchase,Pending,0,POS
TXN058618,C436,CRD0664,Uber Eats,2025-11-26,248.47,Purchase,Approved,0,Online
TXN058619,C178,CRD0261,Chicken Licken,2025-12-16,50.26,Purchase,Approved,0,ATM
TXN058620,C545,CRD0799,Clicks,2026-03-14,497.11,Purchase,Pending,0,Online
TXN058621,C383,CRD0579,Mugg and Bean,2026-04-22,105.78,Purchase,Approved,0,Online
TXN058622,C496,CRD0748,Edgars,2026-04-18,1528.75,Purchase,Approved,0,POS
TXN058623,C328,CRD0489,DStv,2026-01-10,264.05,Purchase,Approved,0,POS
TXN058624,C109,CRD0166,Uber Eats,2026-02-20,378.68,Purchase,Pending,0,Online
TXN058625,C174,CRD0257,Debonairs,2026-02-11,196.75,Purchase,Approved,0,ATM
TXN058626,C273,CRD0396,Romans Pizza,2026-03-26,238.5,Payment,Approved,0,Online
TXN058627,C311,CRD0459,Google Play,2025-12-25,32.02,Purchase,Approved,0,Online
TXN058628,C530,CRD0784,Vida e Caffe,2025-11-30,46.64,Purchase,Declined,0,ATM
TXN058629,C114,CRD0174,Google Play,2026-04-26,138.72,Purchase,Approved,0,Online
TXN058630,C087,CRD0132,Sportsmans Whouse,2025-12-22,3152.61,Purchase,Approved,0,POS
TXN058631,C434,CRD0661,iStore,2025-12-15,15914.81,Payment,Declined,0,Online
TXN058632,C006,CRD0008,Apple iTunes,2026-02-23,144.33,Purchase,Declined,0,Online
TXN058633,C381,CRD0574,Mr Price,2025-11-26,275.9,Purchase,Approved,0,POS
TXN058634,C018,CRD0029,Vida e Caffe,2026-01-26,46.9,Purchase,Approved,0,POS
TXN058635,C047,CRD0073,Google Play,2026-04-28,114.44,Purchase,Approved,0,Online
TXN058636,C345,CRD0516,Wimpy,2025-11-28,202.49,Purchase,Approved,0,POS
TXN058637,C055,CRD0085,McDonalds,2026-04-27,88.93,Withdrawal,Approved,0,ATM
TXN058638,C460,CRD0701,Pep,2025-11-30,356.31,Purchase,Approved,0,POS
TXN058639,C421,CRD0640,Faithful to Nature,2026-01-26,1896.32,Purchase,Approved,1,Online
TXN058640,C391,CRD0590,Romans Pizza,2025-11-21,287.77,Payment,Approved,0,Online
TXN058641,C067,CRD0104,Pep,2026-03-05,297.55,Payment,Approved,0,Online
TXN058642,C054,CRD0084,Vida e Caffe,2026-02-19,50.55,Purchase,Approved,0,Online
TXN058643,C252,CRD0364,Game,2025-12-27,5828.96,Purchase,Approved,0,POS
TXN058644,C524,CRD0778,ShowMax,2026-03-10,90.88,Purchase,Approved,0,Online
TXN058645,C422,CRD0641,Checkers,2026-05-11,776.51,Payment,Approved,0,Online
TXN058646,C484,CRD0732,Vida e Caffe,2026-02-08,123.94,Purchase,Approved,0,POS
TXN058647,C315,CRD0465,KFC,2026-05-25,48.48,Purchase,Declined,0,POS
TXN058648,C159,CRD0237,Ster-Kinekor,2026-03-04,87.3,Purchase,Approved,0,Online
TXN058649,C138,CRD0209,Checkers,2026-02-27,1248.64,Purchase,Approved,0,Online
TXN058650,C473,CRD0719,Uber Eats,2026-04-06,205.38,Purchase,Approved,0,Online
TXN058651,C498,CRD0751,Debonairs,2026-02-26,131.96,Purchase,Approved,0,POS
TXN058652,C159,CRD0237,Ster-Kinekor,2025-12-21,96.9,Purchase,Approved,0,POS
TXN058653,C322,CRD0478,Bash.com,2026-03-13,513.24,Purchase,Approved,0,Online
TXN058654,C156,CRD0234,Vida e Caffe,2026-03-26,40.96,Purchase,Approved,0,POS
TXN058655,C016,CRD0024,Checkers,2026-03-20,1009.26,Purchase,Approved,0,POS
TXN058656,C084,CRD0128,Woolworths,2026-03-26,593.18,Purchase,Approved,0,POS
TXN058657,C330,CRD0492,Pep,2026-04-03,170.78,Payment,Approved,0,Online
TXN058658,C328,CRD0489,Nandos,2026-01-31,138.44,Purchase,Approved,0,POS
TXN058659,C160,CRD0238,Debonairs,2026-02-25,219.88,Purchase,Approved,0,Online
TXN058660,C310,CRD0454,Spotify,2026-03-08,50.52,Purchase,Approved,0,Online
TXN058661,C349,CRD0523,KFC,2026-03-18,138.0,Purchase,Approved,0,Online
TXN058662,C445,CRD0676,Romans Pizza,2025-12-12,160.57,Payment,Approved,0,Online
TXN058663,C488,CRD0736,Netflix,2025-12-28,200.0,Purchase,Approved,0,Online
TXN058664,C157,CRD0235,Bash.com,2026-03-05,1915.32,Payment,Approved,0,Online
TXN058665,C056,CRD0087,Vida e Caffe,2026-02-27,140.16,Purchase,Declined,0,POS
TXN058666,C344,CRD0515,Nandos,2026-02-16,67.76,Purchase,Approved,0,POS
TXN058667,C387,CRD0585,Spotify,2026-04-26,14.12,Refund,Approved,0,Online
TXN058668,C247,CRD0357,Clicks,2026-04-02,470.71,Purchase,Approved,0,POS
TXN058669,C011,CRD0017,Google Play,2025-12-26,46.77,Purchase,Approved,0,Online
TXN058670,C439,CRD0669,Checkers,2026-02-03,2390.01,Purchase,Approved,0,POS
TXN058671,C059,CRD0092,Romans Pizza,2025-12-12,118.03,Refund,Approved,1,Online
TXN058672,C121,CRD0184,Debonairs,2026-01-22,224.91,Withdrawal,Declined,0,ATM
TXN058673,C478,CRD0726,Apple iTunes,2026-03-26,64.68,Purchase,Approved,0,Online
TXN058674,C333,CRD0497,Nu Metro,2026-04-15,151.33,Payment,Approved,0,Online
TXN058675,C195,CRD0286,Google Play,2026-03-23,26.47,Purchase,Approved,0,Online
TXN058676,C546,CRD0800,Chicken Licken,2026-04-26,140.83,Purchase,Approved,0,POS
TXN058677,C063,CRD0097,Debonairs,2026-01-13,374.13,Purchase,Approved,1,ATM
TXN058678,C178,CRD0262,Clicks,2026-05-16,230.26,Withdrawal,Approved,0,ATM
TXN058679,C185,CRD0272,Pep,2026-04-21,97.21,Purchase,Approved,0,POS
TXN058680,C135,CRD0203,Loot.co.za,2025-12-03,387.56,Purchase,Declined,0,Online
TXN058681,C067,CRD0104,Faithful to Nature,2026-01-11,1670.83,Purchase,Approved,0,Online
TXN058682,C098,CRD0152,Debonairs,2025-12-20,209.77,Purchase,Approved,0,Online
TXN058683,C035,CRD0056,Romans Pizza,2026-03-27,188.81,Purchase,Approved,0,POS
TXN058684,C080,CRD0123,Nandos,2026-01-01,177.31,Purchase,Approved,0,Online
TXN058685,C460,CRD0701,KFC,2025-12-26,100.99,Withdrawal,Approved,0,ATM
TXN058686,C476,CRD0724,Ocean Basket,2025-12-02,745.97,Purchase,Approved,0,POS
TXN058687,C090,CRD0140,Google Play,2026-04-15,20.16,Purchase,Approved,0,Online
TXN058688,C064,CRD0098,Apple iTunes,2026-02-24,151.69,Purchase,Approved,0,Online
TXN058689,C194,CRD0285,Pep,2025-12-19,33.3,Refund,Declined,0,ATM
TXN058690,C213,CRD0313,Vida e Caffe,2026-04-15,36.35,Purchase,Approved,0,Online
TXN058691,C384,CRD0580,Mugg and Bean,2026-05-16,259.0,Payment,Declined,0,Online
TXN058692,C425,CRD0645,Sportsmans Whouse,2026-01-07,3584.55,Purchase,Approved,0,POS
TXN058693,C469,CRD0713,Truworths,2026-01-26,1037.3,Purchase,Pending,0,Online
TXN058694,C428,CRD0652,KFC,2026-02-20,187.62,Purchase,Approved,0,POS
TXN058695,C337,CRD0504,DStv,2026-03-27,58.37,Refund,Approved,0,POS
TXN058696,C451,CRD0687,Amazon.co.za,2025-11-25,390.05,Purchase,Approved,0,Online
TXN058697,C374,CRD0562,Pep,2026-02-08,70.05,Purchase,Approved,0,POS
TXN058698,C449,CRD0682,Wimpy,2026-02-24,155.02,Purchase,Approved,0,POS
TXN058699,C047,CRD0072,Clicks,2026-01-06,310.37,Purchase,Approved,0,POS
TXN058700,C088,CRD0134,Truworths,2026-02-04,107.39,Purchase,Approved,0,POS
TXN058701,C346,CRD0517,Bash.com,2026-02-03,492.82,Payment,Approved,0,Online
TXN058702,C182,CRD0269,Clicks,2025-12-25,596.17,Withdrawal,Declined,0,ATM
TXN058703,C548,CRD0802,Ster-Kinekor,2025-12-18,219.18,Purchase,Approved,0,POS
TXN058704,C169,CRD0250,Vida e Caffe,2026-04-24,117.4,Purchase,Approved,0,POS
TXN058705,C063,CRD0097,DStv,2025-12-25,232.5,Purchase,Approved,0,Online
TXN058706,C310,CRD0454,Ocean Basket,2026-04-20,545.94,Purchase,Approved,0,POS
TXN058707,C165,CRD0244,Loot.co.za,2026-01-26,656.75,Purchase,Approved,0,Online
TXN058708,C038,CRD0061,Mugg and Bean,2025-11-25,94.16,Purchase,Approved,0,POS
TXN058709,C323,CRD0479,Checkers,2026-03-27,2626.3,Payment,Approved,0,Online
TXN058710,C169,CRD0250,Pep,2026-01-15,137.14,Purchase,Approved,0,POS
TXN058711,C169,CRD0250,City Lodge,2025-12-28,3494.98,Purchase,Approved,0,POS
TXN058712,C432,CRD0658,Pick n Pay,2025-12-25,2788.19,Withdrawal,Approved,0,ATM
TXN058713,C511,CRD0765,Nu Metro,2026-05-25,108.41,Purchase,Approved,0,POS
TXN058714,C247,CRD0357,McDonalds,2026-02-27,161.09,Withdrawal,Approved,0,ATM
TXN058715,C292,CRD0428,Takealot,2026-01-28,688.08,Purchase,Approved,0,Online
TXN058716,C327,CRD0487,Dis-Chem,2026-04-05,846.84,Purchase,Approved,0,Online
TXN058717,C052,CRD0081,Builders Warehouse,2026-05-07,4828.25,Refund,Approved,1,POS
TXN058718,C137,CRD0206,Takealot,2026-04-30,929.15,Payment,Approved,0,Online
TXN058719,C201,CRD0296,Nu Metro,2025-12-16,115.81,Payment,Approved,0,Online
TXN058720,C165,CRD0245,KFC,2026-04-14,142.86,Purchase,Pending,0,Online
TXN058721,C455,CRD0694,Wimpy,2026-03-05,157.43,Purchase,Approved,0,POS
TXN058722,C338,CRD0506,Woolworths,2026-03-18,619.5,Purchase,Approved,0,Online
TXN058723,C454,CRD0693,Nu Metro,2026-01-03,82.52,Purchase,Approved,0,Online
TXN058724,C279,CRD0404,ShowMax,2026-04-25,84.96,Purchase,Declined,0,Online
TXN058725,C066,CRD0101,Google Play,2025-12-25,50.16,Purchase,Declined,0,Online
TXN058726,C091,CRD0141,McDonalds,2026-04-28,46.7,Purchase,Approved,0,POS
TXN058727,C116,CRD0177,Mugg and Bean,2026-04-22,247.66,Withdrawal,Approved,0,ATM
TXN058728,C202,CRD0297,KFC,2026-01-23,138.56,Purchase,Approved,0,Online
TXN058729,C453,CRD0691,Uber Eats,2026-04-17,172.95,Purchase,Approved,0,Online
TXN058730,C328,CRD0489,Google Play,2025-12-26,83.35,Purchase,Approved,0,Online
TXN058731,C405,CRD0613,Chicken Licken,2025-11-27,56.07,Withdrawal,Approved,0,ATM
TXN058732,C184,CRD0271,Apple iTunes,2026-01-26,237.17,Purchase,Declined,0,Online
TXN058733,C396,CRD0596,ShowMax,2026-04-03,118.65,Withdrawal,Declined,0,Online
TXN058734,C479,CRD0727,Vida e Caffe,2026-01-25,169.12,Purchase,Approved,0,ATM
TXN058735,C060,CRD0093,Amazon.co.za,2025-12-12,2897.63,Purchase,Approved,0,Online
TXN058736,C127,CRD0191,Dis-Chem,2026-04-01,426.29,Purchase,Approved,0,Online
TXN058737,C120,CRD0182,Chicken Licken,2026-01-28,158.16,Purchase,Approved,0,Online
TXN058738,C327,CRD0486,Google Play,2026-02-01,40.77,Withdrawal,Approved,0,Online
TXN058739,C016,CRD0023,Game,2025-12-23,3206.25,Payment,Approved,0,Online
TXN058740,C374,CRD0563,Romans Pizza,2026-03-18,109.41,Purchase,Approved,0,POS
TXN058741,C022,CRD0037,ShowMax,2026-02-25,91.54,Purchase,Approved,0,Online
TXN058742,C107,CRD0163,Checkers,2026-02-13,1368.57,Purchase,Approved,0,POS
TXN058743,C363,CRD0542,Loot.co.za,2026-01-11,1643.82,Purchase,Approved,0,Online
TXN058744,C476,CRD0724,Dis-Chem,2026-01-25,151.68,Purchase,Approved,0,Online
TXN058745,C504,CRD0758,Game,2026-04-01,5736.62,Purchase,Approved,0,POS
TXN058746,C381,CRD0574,BP,2026-03-20,1224.15,Purchase,Approved,0,Online
TXN058747,C217,CRD0318,Uber Eats,2026-01-28,260.28,Purchase,Approved,0,Online
TXN058748,C460,CRD0701,Debonairs,2026-03-15,217.55,Purchase,Approved,0,Online
TXN058749,C267,CRD0387,Google Play,2026-04-04,142.65,Purchase,Approved,0,Online
TXN058750,C321,CRD0474,Sportsmans Whouse,2026-05-07,1264.07,Purchase,Approved,0,POS
TXN058751,C499,CRD0753,Google Play,2025-12-08,163.97,Purchase,Approved,0,Online
TXN058752,C019,CRD0030,Woolworths,2026-05-13,1079.28,Withdrawal,Approved,0,ATM
TXN058753,C512,CRD0766,Spotify,2026-01-28,56.16,Purchase,Declined,0,Online
TXN058754,C402,CRD0606,Google Play,2026-05-10,11.89,Refund,Approved,0,Online
TXN058755,C463,CRD0705,Takealot,2026-01-25,1360.75,Purchase,Approved,0,Online
TXN058756,C075,CRD0117,Dis-Chem,2026-01-28,338.44,Purchase,Approved,0,POS
TXN058757,C453,CRD0692,Incredible Connect,2026-01-30,5838.11,Purchase,Declined,0,POS
TXN058758,C328,CRD0488,Pep,2026-03-28,202.26,Payment,Approved,0,Online
TXN058759,C451,CRD0685,Apple iTunes,2026-05-10,344.73,Purchase,Declined,0,Online
TXN058760,C305,CRD0447,KFC,2026-03-27,76.45,Purchase,Approved,0,Online
TXN058761,C182,CRD0268,Google Play,2025-12-27,139.04,Withdrawal,Approved,0,Online
TXN058762,C149,CRD0224,Nu Metro,2026-04-16,178.11,Purchase,Approved,0,POS
TXN058763,C280,CRD0407,Spur,2026-03-10,134.39,Purchase,Approved,0,POS
TXN058764,C033,CRD0054,Amazon.co.za,2026-02-26,5702.16,Purchase,Approved,1,Online
TXN058765,C212,CRD0312,KFC,2026-04-12,125.75,Withdrawal,Approved,0,ATM
TXN058766,C438,CRD0666,Nu Metro,2025-12-13,144.09,Purchase,Approved,0,POS
TXN058767,C012,CRD0019,Apple iTunes,2025-12-17,164.63,Purchase,Approved,0,Online
TXN058768,C217,CRD0318,Truworths,2025-12-25,1188.37,Withdrawal,Approved,0,ATM
TXN058769,C483,CRD0731,McDonalds,2025-12-26,102.34,Purchase,Approved,0,ATM
TXN058770,C323,CRD0479,Steers,2026-04-25,67.33,Purchase,Approved,0,POS
TXN058771,C085,CRD0129,iStore,2026-03-20,1914.73,Purchase,Approved,0,POS
TXN058772,C324,CRD0481,Nu Metro,2026-03-12,134.59,Purchase,Approved,0,POS
TXN058773,C143,CRD0215,Superbalist,2026-02-20,2068.92,Purchase,Approved,0,Online
TXN058774,C055,CRD0086,Checkers,2025-11-26,845.11,Purchase,Pending,0,POS
TXN058775,C211,CRD0311,Pep,2026-03-11,290.76,Payment,Approved,0,Online
TXN058776,C355,CRD0533,Uber Eats,2026-02-28,18.85,Refund,Approved,0,Online
TXN058777,C146,CRD0221,Debonairs,2025-12-25,81.45,Purchase,Approved,0,Online
TXN058778,C140,CRD0212,ShowMax,2026-04-02,94.74,Purchase,Pending,0,Online
TXN058779,C417,CRD0632,Nandos,2026-01-25,199.32,Purchase,Declined,0,POS
TXN058780,C510,CRD0764,Apple iTunes,2026-03-21,54.3,Withdrawal,Approved,0,Online
TXN058781,C458,CRD0698,Debonairs,2026-01-06,312.5,Withdrawal,Approved,1,ATM
TXN058782,C257,CRD0370,City Lodge,2026-05-03,1621.95,Purchase,Approved,0,Online
TXN058783,C082,CRD0125,DStv,2025-12-11,249.64,Withdrawal,Approved,0,ATM
TXN058784,C325,CRD0482,Kulula,2026-01-28,1857.71,Purchase,Approved,0,Online
TXN058785,C018,CRD0029,Google Play,2026-04-06,102.14,Purchase,Approved,0,Online
TXN058786,C062,CRD0095,Checkers,2025-12-31,122.05,Purchase,Approved,0,ATM
TXN058787,C032,CRD0053,Pep,2026-01-10,121.89,Purchase,Approved,0,Online
TXN058788,C097,CRD0150,Mugg and Bean,2026-02-10,336.1,Purchase,Approved,0,POS
TXN058789,C291,CRD0424,Dis-Chem,2026-02-18,182.25,Purchase,Approved,0,POS
TXN058790,C224,CRD0327,Romans Pizza,2026-03-23,62.16,Purchase,Pending,0,POS
TXN058791,C513,CRD0767,Checkers,2025-11-27,1364.77,Purchase,Approved,0,POS
TXN058792,C446,CRD0679,Spotify,2025-12-12,68.57,Purchase,Approved,0,Online
TXN058793,C293,CRD0429,Nu Metro,2025-12-25,64.09,Refund,Approved,0,POS
TXN058794,C182,CRD0269,Mr Price,2026-05-03,789.71,Purchase,Approved,0,Online
TXN058795,C365,CRD0546,Bash.com,2026-03-25,395.64,Purchase,Approved,0,Online
TXN058796,C182,CRD0267,Sportsmans Whouse,2026-01-03,1134.77,Purchase,Approved,0,Online
TXN058797,C383,CRD0579,Romans Pizza,2026-03-29,157.46,Payment,Approved,0,Online
TXN058798,C367,CRD0551,Sportsmans Whouse,2026-04-26,1216.96,Withdrawal,Approved,0,ATM
TXN058799,C163,CRD0242,Checkers,2026-02-27,379.25,Refund,Declined,0,POS
TXN058800,C180,CRD0265,Vida e Caffe,2026-02-05,112.8,Purchase,Approved,0,ATM
TXN058801,C156,CRD0234,KFC,2025-12-28,56.85,Purchase,Approved,0,Online
TXN058802,C308,CRD0451,Google Play,2026-01-08,124.61,Purchase,Approved,0,Online
TXN058803,C063,CRD0096,Clicks,2026-03-23,151.51,Purchase,Approved,0,ATM
TXN058804,C135,CRD0203,Ster-Kinekor,2026-03-10,211.54,Purchase,Approved,0,POS
TXN058805,C051,CRD0080,BP,2026-05-14,493.54,Purchase,Approved,0,POS
TXN058806,C066,CRD0101,ShowMax,2026-05-28,78.96,Withdrawal,Approved,0,Online
TXN058807,C393,CRD0592,Zando,2026-03-17,348.91,Purchase,Approved,0,Online
TXN058808,C399,CRD0601,Nu Metro,2026-03-08,177.62,Purchase,Approved,0,POS
TXN058809,C124,CRD0188,Pep,2026-02-25,213.18,Purchase,Pending,0,Online
TXN058810,C376,CRD0566,Google Play,2026-05-27,99.59,Purchase,Declined,0,Online
TXN058811,C023,CRD0038,Nandos,2026-01-31,112.08,Payment,Approved,0,Online
TXN058812,C270,CRD0391,KFC,2025-12-26,80.48,Withdrawal,Approved,0,ATM
TXN058813,C182,CRD0269,KFC,2026-04-14,113.65,Purchase,Approved,0,POS
TXN058814,C070,CRD0109,Foschini,2026-02-27,1748.75,Purchase,Approved,0,ATM
TXN058815,C338,CRD0506,Google Play,2026-05-14,101.74,Purchase,Declined,0,Online
TXN058816,C162,CRD0240,Nandos,2025-12-28,28.96,Refund,Approved,0,Online
TXN058817,C329,CRD0490,Netflix,2026-03-05,181.64,Purchase,Approved,0,Online
TXN058818,C243,CRD0352,Pep,2025-12-03,255.73,Purchase,Approved,0,POS
TXN058819,C081,CRD0124,Takealot,2026-05-01,4334.48,Payment,Pending,0,Online
TXN058820,C451,CRD0685,Checkers,2025-12-28,947.5,Withdrawal,Approved,0,ATM
TXN058821,C414,CRD0628,ShowMax,2026-01-28,84.47,Withdrawal,Approved,0,Online
TXN058822,C179,CRD0263,BP,2026-04-21,631.6,Refund,Approved,1,Online
TXN058823,C289,CRD0422,Debonairs,2025-12-16,211.82,Purchase,Approved,0,POS
TXN058824,C088,CRD0134,Steers,2026-01-28,110.92,Purchase,Approved,0,POS
TXN058825,C025,CRD0042,Engen,2026-03-12,295.97,Purchase,Declined,0,Online
TXN058826,C199,CRD0292,Amazon.co.za,2025-12-10,5929.85,Purchase,Approved,0,Online
TXN058827,C274,CRD0398,Superbalist,2026-05-05,4497.31,Purchase,Approved,1,Online
TXN058828,C385,CRD0583,Ocean Basket,2026-02-21,586.73,Purchase,Approved,0,Online
TXN058829,C320,CRD0472,Google Play,2026-05-26,145.09,Purchase,Approved,0,Online
TXN058830,C499,CRD0753,Google Play,2026-04-07,52.61,Purchase,Declined,0,Online
TXN058831,C270,CRD0392,Steers,2026-05-14,114.61,Purchase,Approved,0,POS
TXN058832,C217,CRD0317,Google Play,2025-11-24,224.89,Purchase,Approved,0,Online
TXN058833,C146,CRD0220,Sportsmans Whouse,2026-04-19,1530.24,Purchase,Approved,0,POS
TXN058834,C451,CRD0686,Romans Pizza,2026-02-09,83.06,Purchase,Approved,0,POS
TXN058835,C490,CRD0740,Spur,2025-12-12,408.18,Purchase,Approved,0,POS
TXN058836,C503,CRD0757,Uber Eats,2026-03-27,280.45,Payment,Approved,0,Online
TXN058837,C046,CRD0071,McDonalds,2026-05-11,62.48,Payment,Approved,0,Online
TXN058838,C537,CRD0791,Spur,2026-01-25,335.34,Purchase,Approved,0,POS
TXN058839,C318,CRD0469,Totalsports,2026-02-17,2113.62,Purchase,Approved,1,POS
TXN058840,C518,CRD0772,Google Play,2026-02-20,166.14,Purchase,Approved,0,Online
TXN058841,C113,CRD0173,Google Play,2025-12-28,35.11,Refund,Approved,0,Online
TXN058842,C011,CRD0017,Chicken Licken,2026-02-11,185.16,Purchase,Approved,0,Online
TXN058843,C017,CRD0026,Debonairs,2026-05-17,215.32,Purchase,Declined,0,POS
TXN058844,C359,CRD0538,Spotify,2026-01-07,14.42,Refund,Approved,0,Online
TXN058845,C356,CRD0535,Clicks,2026-01-11,92.74,Refund,Approved,0,Online
TXN058846,C434,CRD0661,KFC,2026-03-09,127.29,Purchase,Approved,0,POS
TXN058847,C129,CRD0193,Nandos,2026-03-07,352.53,Purchase,Approved,1,Online
TXN058848,C417,CRD0633,Edgars,2025-11-28,884.53,Purchase,Declined,0,POS
TXN058849,C538,CRD0792,Incredible Connect,2025-12-21,19201.42,Purchase,Approved,1,POS
TXN058850,C021,CRD0035,Steers,2026-02-18,205.11,Purchase,Approved,0,POS
TXN058851,C380,CRD0573,Faithful to Nature,2026-03-21,1318.34,Purchase,Approved,0,Online
TXN058852,C198,CRD0291,Edgars,2026-04-26,780.48,Withdrawal,Approved,0,ATM
TXN058853,C161,CRD0239,Clicks,2026-01-28,315.26,Payment,Approved,0,Online
TXN058854,C291,CRD0424,Clicks,2025-11-25,189.94,Purchase,Approved,0,POS
TXN058855,C441,CRD0672,ShowMax,2025-11-27,101.95,Purchase,Approved,0,Online
TXN058856,C417,CRD0633,Clicks,2025-12-02,385.88,Purchase,Approved,0,Online
TXN058857,C110,CRD0167,BP,2025-12-25,1473.67,Purchase,Approved,0,Online
TXN058858,C149,CRD0224,Chicken Licken,2025-12-10,40.23,Refund,Declined,0,POS
TXN058859,C390,CRD0588,Takealot,2026-03-17,819.94,Purchase,Declined,0,Online
TXN058860,C143,CRD0215,McDonalds,2026-01-07,61.25,Payment,Approved,0,Online
TXN058861,C198,CRD0291,Dis-Chem,2025-12-27,135.5,Purchase,Approved,0,POS
TXN058862,C270,CRD0392,Spotify,2026-03-31,52.96,Purchase,Declined,0,Online
TXN058863,C075,CRD0117,Totalsports,2025-12-06,2063.81,Purchase,Approved,0,POS
TXN058864,C089,CRD0136,Dis-Chem,2026-05-01,99.29,Purchase,Approved,0,Online
TXN058865,C220,CRD0323,Ster-Kinekor,2026-04-26,108.0,Purchase,Approved,0,Online
TXN058866,C249,CRD0359,KFC,2026-02-12,90.87,Withdrawal,Approved,0,ATM
TXN058867,C067,CRD0104,Uber Eats,2026-04-14,110.71,Purchase,Approved,0,Online
TXN058868,C379,CRD0571,Nandos,2026-03-26,147.66,Purchase,Approved,0,ATM
TXN058869,C102,CRD0156,City Lodge,2026-03-25,3019.01,Purchase,Approved,0,POS
TXN058870,C203,CRD0298,Chicken Licken,2026-01-05,25.05,Refund,Approved,0,POS
TXN058871,C334,CRD0500,Google Play,2026-03-27,129.32,Purchase,Approved,0,Online
TXN058872,C391,CRD0590,Ster-Kinekor,2026-02-01,111.14,Purchase,Approved,0,POS
TXN058873,C174,CRD0257,Debonairs,2026-04-14,66.98,Purchase,Approved,0,Online
TXN058874,C197,CRD0289,Engen,2026-04-16,520.78,Payment,Approved,0,Online
TXN058875,C021,CRD0036,Google Play,2025-12-13,195.32,Purchase,Approved,0,Online
TXN058876,C049,CRD0076,KFC,2025-12-30,103.64,Purchase,Approved,0,POS
TXN058877,C332,CRD0496,Google Play,2026-01-17,55.07,Purchase,Approved,0,Online
TXN058878,C063,CRD0097,Sportsmans Whouse,2026-04-21,228.62,Purchase,Declined,0,POS
TXN058879,C010,CRD0014,Nandos,2026-02-07,223.89,Purchase,Approved,0,Online
TXN058880,C406,CRD0614,Spur,2026-02-03,360.97,Withdrawal,Pending,0,ATM
TXN058881,C539,CRD0793,McDonalds,2026-03-14,41.11,Purchase,Approved,0,Online
TXN058882,C080,CRD0123,Apple iTunes,2026-02-18,248.32,Purchase,Approved,0,Online
TXN058883,C311,CRD0457,Ocean Basket,2026-03-14,763.0,Purchase,Approved,1,Online
TXN058884,C021,CRD0034,Google Play,2026-05-14,210.86,Purchase,Approved,0,Online
TXN058885,C496,CRD0749,DStv,2026-04-20,427.55,Purchase,Approved,0,POS
TXN058886,C197,CRD0290,Steers,2026-03-06,205.09,Withdrawal,Declined,0,ATM
TXN058887,C282,CRD0410,Nandos,2026-02-15,135.52,Purchase,Approved,0,POS
TXN058888,C415,CRD0630,Dis-Chem,2026-04-05,320.81,Purchase,Pending,0,Online
TXN058889,C086,CRD0130,Nandos,2026-01-15,142.18,Purchase,Approved,0,POS
TXN058890,C046,CRD0071,Zando,2026-02-25,461.6,Payment,Approved,0,Online
TXN058891,C461,CRD0702,Romans Pizza,2026-03-28,221.81,Purchase,Approved,0,Online
TXN058892,C033,CRD0054,Incredible Connect,2026-05-05,1001.72,Purchase,Declined,0,POS
TXN058893,C115,CRD0175,Faithful to Nature,2026-05-08,557.12,Purchase,Declined,0,Online
TXN058894,C390,CRD0588,Dis-Chem,2025-12-18,296.3,Purchase,Approved,0,Online
TXN058895,C496,CRD0748,Vida e Caffe,2026-01-21,43.57,Payment,Approved,0,Online
TXN058896,C364,CRD0543,Takealot,2026-01-30,2465.85,Purchase,Approved,0,Online
TXN058897,C437,CRD0665,Amazon.co.za,2026-01-31,2735.23,Purchase,Declined,0,Online
TXN058898,C374,CRD0563,Vida e Caffe,2026-03-07,53.48,Payment,Approved,0,Online
TXN058899,C513,CRD0767,Pick n Pay,2026-03-27,1036.08,Purchase,Approved,0,POS
TXN058900,C206,CRD0303,Apple iTunes,2025-12-25,495.12,Purchase,Approved,0,Online
TXN058901,C044,CRD0069,Clicks,2025-12-16,498.29,Payment,Declined,0,Online
TXN058902,C083,CRD0127,Wimpy,2026-02-17,108.54,Withdrawal,Approved,0,ATM
TXN058903,C435,CRD0662,Clicks,2026-03-31,430.97,Payment,Approved,0,Online
TXN058904,C075,CRD0117,Incredible Connect,2026-02-18,5079.88,Purchase,Approved,0,POS
TXN058905,C210,CRD0309,Nu Metro,2026-01-06,65.95,Purchase,Approved,0,POS
TXN058906,C357,CRD0536,Totalsports,2025-12-09,395.09,Payment,Declined,0,Online
TXN058907,C425,CRD0646,Chicken Licken,2026-01-23,178.26,Purchase,Approved,0,Online
TXN058908,C092,CRD0143,Pick n Pay,2026-05-16,2474.13,Purchase,Approved,0,POS
TXN058909,C217,CRD0318,Vida e Caffe,2025-12-25,131.55,Withdrawal,Approved,0,ATM
TXN058910,C448,CRD0681,McDonalds,2025-12-28,200.69,Withdrawal,Approved,0,ATM
TXN058911,C472,CRD0717,Truworths,2025-12-08,255.44,Purchase,Approved,0,Online
TXN058912,C107,CRD0163,KFC,2026-01-12,121.16,Purchase,Approved,0,Online
TXN058913,C417,CRD0632,Apple iTunes,2026-04-03,72.91,Purchase,Approved,0,Online
TXN058914,C021,CRD0034,Faithful to Nature,2026-03-30,306.81,Refund,Pending,0,Online
TXN058915,C031,CRD0051,Google Play,2025-12-01,72.06,Purchase,Approved,0,Online
TXN058916,C017,CRD0026,TicketPro,2026-04-13,616.51,Withdrawal,Approved,0,ATM
TXN058917,C143,CRD0215,Clicks,2026-01-28,65.55,Purchase,Approved,0,Online
TXN058918,C063,CRD0096,Apple iTunes,2026-05-10,100.97,Purchase,Declined,0,Online
TXN058919,C389,CRD0587,Google Play,2026-03-10,127.08,Purchase,Approved,0,Online
TXN058920,C047,CRD0073,Wimpy,2026-01-28,76.9,Withdrawal,Approved,0,ATM
TXN058921,C298,CRD0436,Takealot,2026-04-12,2257.54,Purchase,Approved,0,Online
TXN058922,C018,CRD0027,Nandos,2026-04-01,69.71,Purchase,Approved,0,POS
TXN058923,C033,CRD0054,McDonalds,2026-01-10,49.42,Purchase,Approved,0,POS
TXN058924,C425,CRD0645,Bash.com,2026-01-16,273.97,Withdrawal,Approved,0,Online
TXN058925,C442,CRD0673,Europcar,2026-05-26,2705.04,Purchase,Approved,0,POS
TXN058926,C348,CRD0521,Loot.co.za,2026-03-25,322.01,Purchase,Approved,0,Online
TXN058927,C254,CRD0367,Loot.co.za,2026-04-05,423.38,Withdrawal,Approved,0,Online
TXN058928,C500,CRD0754,Google Play,2026-02-08,241.09,Withdrawal,Approved,0,Online
TXN058929,C166,CRD0247,Vida e Caffe,2026-05-03,122.29,Purchase,Declined,0,Online
TXN058930,C381,CRD0574,Loot.co.za,2026-01-24,173.29,Purchase,Approved,0,Online
TXN058931,C004,CRD0004,Dis-Chem,2026-02-25,191.81,Withdrawal,Declined,0,ATM
TXN058932,C143,CRD0215,Cape Union Mart,2025-12-10,1514.27,Withdrawal,Approved,0,ATM
TXN058933,C311,CRD0458,Apple iTunes,2026-02-12,253.08,Purchase,Approved,0,Online
TXN058934,C364,CRD0545,Vida e Caffe,2025-11-23,46.73,Withdrawal,Approved,0,ATM
TXN058935,C453,CRD0690,Checkers,2025-11-30,1085.11,Purchase,Approved,0,Online
TXN058936,C368,CRD0554,Edgars,2026-01-20,525.05,Purchase,Approved,0,POS
TXN058937,C257,CRD0371,Spur,2025-12-27,214.42,Purchase,Approved,0,POS
TXN058938,C250,CRD0362,Woolworths,2026-04-26,1357.2,Purchase,Approved,0,POS
TXN058939,C265,CRD0383,Mugg and Bean,2026-04-04,90.21,Withdrawal,Approved,0,ATM
TXN058940,C020,CRD0033,Steers,2026-01-08,66.04,Purchase,Approved,0,POS
TXN058941,C074,CRD0116,Clicks,2026-01-19,413.65,Withdrawal,Approved,0,ATM
TXN058942,C107,CRD0164,Apple iTunes,2026-01-28,46.16,Purchase,Approved,0,Online
TXN058943,C316,CRD0467,Pick n Pay,2025-12-25,1674.48,Withdrawal,Approved,0,ATM
TXN058944,C291,CRD0424,Apple iTunes,2026-05-18,140.93,Purchase,Declined,0,Online
TXN058945,C127,CRD0191,Loot.co.za,2026-05-26,222.71,Purchase,Approved,0,Online
TXN058946,C407,CRD0617,Google Play,2026-05-17,341.08,Purchase,Approved,1,Online
TXN058947,C270,CRD0392,McDonalds,2026-04-28,155.68,Withdrawal,Approved,0,ATM
TXN058948,C463,CRD0705,Google Play,2025-12-24,112.5,Payment,Approved,0,Online
TXN058949,C289,CRD0420,Uber Eats,2026-04-10,507.33,Withdrawal,Approved,1,Online
TXN058950,C045,CRD0070,Google Play,2025-12-27,13.52,Refund,Approved,0,Online
TXN058951,C124,CRD0188,Clicks,2026-02-27,174.0,Purchase,Approved,0,Online
TXN058952,C398,CRD0600,Mr Price,2025-12-05,391.83,Purchase,Approved,0,Online
TXN058953,C535,CRD0789,Nu Metro,2026-01-25,208.72,Purchase,Approved,0,POS
TXN058954,C491,CRD0741,Takealot,2026-03-26,1674.43,Purchase,Approved,0,Online
TXN058955,C344,CRD0515,Mr Price,2026-04-13,473.87,Purchase,Approved,0,POS
TXN058956,C407,CRD0617,Foschini,2026-05-27,662.98,Purchase,Approved,0,POS
TXN058957,C149,CRD0224,Apple iTunes,2026-03-28,229.03,Purchase,Approved,0,Online
TXN058958,C402,CRD0606,KFC,2025-12-31,125.4,Purchase,Approved,0,POS
TXN058959,C516,CRD0770,Woolworths,2026-04-18,474.56,Purchase,Approved,0,POS
TXN058960,C159,CRD0237,Steers,2026-03-26,82.91,Purchase,Approved,0,POS
TXN058961,C359,CRD0538,Debonairs,2026-05-08,68.12,Purchase,Approved,0,Online
TXN058962,C400,CRD0604,Mr Price,2026-03-30,580.44,Payment,Approved,0,Online
TXN058963,C011,CRD0018,Bash.com,2026-03-13,1606.56,Payment,Approved,0,Online
TXN058964,C019,CRD0031,Vida e Caffe,2026-05-05,145.95,Purchase,Approved,0,ATM
TXN058965,C303,CRD0444,KFC,2026-03-26,40.17,Purchase,Approved,0,ATM
TXN058966,C051,CRD0080,Mugg and Bean,2026-02-07,108.76,Purchase,Approved,0,POS
TXN058967,C425,CRD0646,Pep,2026-05-27,395.62,Withdrawal,Approved,0,ATM
TXN058968,C133,CRD0200,Vida e Caffe,2026-01-11,125.74,Purchase,Approved,0,ATM
TXN058969,C133,CRD0201,Nu Metro,2026-01-02,202.39,Payment,Approved,0,Online
TXN058970,C023,CRD0038,Woolworths,2025-12-26,1628.04,Purchase,Approved,0,ATM
TXN058971,C231,CRD0337,Clicks,2025-11-21,74.39,Withdrawal,Declined,0,ATM
TXN058972,C113,CRD0173,Google Play,2026-02-15,166.02,Purchase,Approved,0,Online
TXN058973,C499,CRD0753,Google Play,2026-05-02,164.49,Purchase,Approved,0,Online
TXN058974,C379,CRD0571,Ster-Kinekor,2026-01-27,134.61,Purchase,Approved,0,POS
TXN058975,C114,CRD0174,Google Play,2026-04-26,193.25,Purchase,Approved,0,Online
TXN058976,C321,CRD0474,Truworths,2025-12-09,1213.97,Purchase,Pending,0,ATM
TXN058977,C150,CRD0227,Game,2026-03-31,3178.49,Withdrawal,Approved,0,ATM
TXN058978,C464,CRD0706,Google Play,2026-04-26,316.06,Withdrawal,Pending,1,Online
TXN058979,C325,CRD0482,Dis-Chem,2025-12-15,797.82,Purchase,Approved,0,POS
TXN058980,C390,CRD0588,Nu Metro,2025-12-29,92.67,Purchase,Declined,0,POS
TXN058981,C149,CRD0224,TicketPro,2026-02-07,696.35,Withdrawal,Declined,0,ATM
TXN058982,C299,CRD0438,Edgars,2026-05-01,902.77,Purchase,Approved,0,POS
TXN058983,C123,CRD0186,Pick n Pay,2026-01-09,1497.25,Purchase,Approved,0,ATM
TXN058984,C279,CRD0406,Bash.com,2025-11-23,1829.96,Purchase,Approved,0,Online
TXN058985,C043,CRD0068,Steers,2026-02-27,61.07,Purchase,Approved,0,Online
TXN058986,C165,CRD0245,Google Play,2026-02-28,260.16,Purchase,Approved,1,Online
TXN058987,C215,CRD0315,Montecasino,2026-03-23,1156.49,Purchase,Approved,0,POS
TXN058988,C433,CRD0659,Foschini,2026-05-15,554.41,Withdrawal,Approved,0,ATM
TXN058989,C320,CRD0473,Netflix,2026-04-22,191.63,Purchase,Approved,0,Online
TXN058990,C041,CRD0064,Romans Pizza,2026-02-13,177.06,Purchase,Approved,0,Online
TXN058991,C342,CRD0512,Chicken Licken,2026-03-08,132.94,Purchase,Approved,0,POS
TXN058992,C120,CRD0181,Nandos,2026-02-20,219.51,Withdrawal,Approved,0,ATM
TXN058993,C377,CRD0568,Clicks,2026-01-24,183.83,Purchase,Declined,0,POS
TXN058994,C380,CRD0572,Edgars,2026-03-25,232.03,Purchase,Approved,0,POS
TXN058995,C102,CRD0156,Edgars,2026-03-01,1131.74,Purchase,Approved,0,POS
TXN058996,C378,CRD0570,Apple iTunes,2026-01-13,122.96,Withdrawal,Approved,0,Online
TXN058997,C289,CRD0421,McDonalds,2026-02-05,201.32,Withdrawal,Approved,0,ATM
TXN058998,C550,CRD0804,Apple iTunes,2026-05-07,199.0,Withdrawal,Approved,0,Online
TXN058999,C267,CRD0388,Clicks,2026-04-25,310.19,Purchase,Approved,0,ATM
TXN059000,C463,CRD0705,Foschini,2026-03-20,1375.54,Purchase,Approved,0,POS
TXN059001,C210,CRD0309,Pick n Pay,2026-02-26,574.21,Purchase,Declined,0,POS
TXN059002,C308,CRD0452,Vida e Caffe,2025-12-27,124.54,Purchase,Approved,0,POS
TXN059003,C425,CRD0645,Dis-Chem,2026-02-25,338.41,Purchase,Approved,0,POS
TXN059004,C420,CRD0638,Pep,2026-01-24,140.59,Purchase,Approved,0,POS
TXN059005,C077,CRD0120,Netflix,2026-01-28,138.34,Purchase,Approved,0,Online
TXN059006,C095,CRD0147,Takealot,2025-11-22,3504.03,Purchase,Declined,0,Online
TXN059007,C204,CRD0299,Nandos,2026-01-20,86.69,Purchase,Approved,0,POS
TXN059008,C296,CRD0433,Google Play,2025-12-06,162.52,Payment,Approved,0,Online
TXN059009,C300,CRD0440,Spotify,2026-04-25,51.11,Purchase,Approved,0,Online
TXN059010,C015,CRD0022,Checkers,2025-11-29,2515.46,Purchase,Approved,0,ATM
TXN059011,C439,CRD0669,Debonairs,2026-03-08,267.74,Purchase,Approved,0,POS
TXN059012,C041,CRD0064,Truworths,2026-02-06,1416.01,Purchase,Declined,0,POS
TXN059013,C032,CRD0052,Faithful to Nature,2026-03-09,674.24,Purchase,Approved,0,Online
TXN059014,C311,CRD0459,Google Play,2026-03-11,83.48,Withdrawal,Approved,0,Online
TXN059015,C348,CRD0520,Loot.co.za,2026-04-27,651.85,Withdrawal,Approved,0,Online
TXN059016,C279,CRD0406,Netflix,2025-12-15,188.54,Purchase,Approved,0,Online
TXN059017,C024,CRD0040,McDonalds,2025-12-16,147.85,Purchase,Approved,0,POS
TXN059018,C085,CRD0129,Checkers,2025-12-28,436.84,Purchase,Declined,0,POS
TXN059019,C260,CRD0377,Debonairs,2026-02-25,167.47,Purchase,Approved,0,POS
TXN059020,C514,CRD0768,Pep,2025-11-24,345.34,Purchase,Approved,0,Online
TXN059021,C364,CRD0545,Nandos,2025-11-25,394.17,Purchase,Approved,0,Online
TXN059022,C178,CRD0261,Spotify,2026-04-08,48.16,Purchase,Approved,0,Online
TXN059023,C188,CRD0275,Ster-Kinekor,2025-12-08,98.54,Purchase,Approved,0,Online
TXN059024,C289,CRD0422,McDonalds,2026-01-28,59.38,Purchase,Pending,0,POS
TXN059025,C466,CRD0710,Pep,2026-02-27,303.02,Withdrawal,Approved,0,ATM
TXN059026,C120,CRD0183,Zando,2026-05-14,1699.85,Purchase,Declined,0,Online
TXN059027,C182,CRD0267,Romans Pizza,2026-05-26,126.66,Purchase,Approved,0,Online
TXN059028,C028,CRD0047,Foschini,2026-03-20,1042.55,Purchase,Approved,0,POS
TXN059029,C463,CRD0705,Loot.co.za,2026-04-19,1535.99,Purchase,Approved,0,Online
TXN059030,C521,CRD0775,Sportsmans Whouse,2025-12-27,2213.78,Withdrawal,Declined,0,ATM
TXN059031,C203,CRD0298,Clicks,2025-12-14,137.27,Purchase,Approved,0,Online
TXN059032,C433,CRD0660,Foschini,2026-05-18,328.62,Purchase,Approved,0,POS
TXN059033,C473,CRD0719,Google Play,2025-12-14,46.91,Purchase,Approved,0,Online
TXN059034,C373,CRD0561,Chicken Licken,2026-01-16,110.58,Payment,Approved,0,Online
TXN059035,C352,CRD0529,Ster-Kinekor,2026-04-25,67.67,Purchase,Approved,0,POS
TXN059036,C466,CRD0710,Checkers,2026-04-23,1310.94,Purchase,Declined,0,POS
TXN059037,C252,CRD0365,Takealot,2026-04-02,3081.0,Purchase,Approved,0,Online
TXN059038,C339,CRD0509,Engen,2026-04-16,1427.96,Purchase,Approved,0,Online
TXN059039,C082,CRD0125,KFC,2026-02-02,258.63,Purchase,Approved,1,POS
TXN059040,C285,CRD0414,Vida e Caffe,2026-05-16,91.08,Purchase,Approved,0,Online
TXN059041,C118,CRD0179,Cape Union Mart,2026-04-20,1641.09,Purchase,Approved,0,Online
TXN059042,C539,CRD0793,Pep,2026-02-28,77.05,Purchase,Approved,0,POS
TXN059043,C050,CRD0079,BP,2026-03-08,1721.0,Purchase,Declined,0,Online
TXN059044,C336,CRD0503,Pep,2026-01-31,305.32,Purchase,Approved,0,Online
TXN059045,C091,CRD0141,Pep,2026-03-19,52.45,Purchase,Approved,0,Online
TXN059046,C207,CRD0304,Debonairs,2026-04-03,70.65,Purchase,Approved,0,POS
TXN059047,C489,CRD0738,Google Play,2026-03-08,251.23,Purchase,Approved,0,Online
TXN059048,C384,CRD0580,Wimpy,2026-03-28,63.1,Purchase,Approved,0,ATM
TXN059049,C425,CRD0644,Steers,2025-12-28,83.66,Purchase,Approved,0,Online
TXN059050,C007,CRD0011,Nu Metro,2025-12-29,90.29,Purchase,Approved,0,POS
TXN059051,C270,CRD0392,Edgars,2026-05-27,885.57,Purchase,Approved,0,POS
TXN059052,C266,CRD0386,Spotify,2026-02-11,68.16,Purchase,Approved,0,Online
TXN059053,C438,CRD0667,McDonalds,2026-02-07,150.26,Purchase,Approved,0,POS
TXN059054,C250,CRD0362,Cape Union Mart,2025-12-03,493.24,Purchase,Approved,0,ATM
TXN059055,C350,CRD0525,iStore,2026-03-25,3801.07,Withdrawal,Declined,0,ATM
TXN059056,C388,CRD0586,Totalsports,2026-04-17,446.74,Purchase,Approved,0,POS
TXN059057,C129,CRD0193,Apple iTunes,2026-01-06,453.03,Purchase,Approved,0,Online
TXN059058,C171,CRD0253,BP,2026-04-15,1164.5,Purchase,Declined,0,POS
TXN059059,C086,CRD0131,Chicken Licken,2025-12-17,159.63,Purchase,Approved,0,Online
TXN059060,C030,CRD0050,Pick n Pay,2026-03-17,314.07,Purchase,Approved,0,POS
TXN059061,C200,CRD0294,Google Play,2026-03-06,90.74,Purchase,Approved,0,Online
TXN059062,C430,CRD0655,Dis-Chem,2026-03-26,569.07,Purchase,Pending,0,POS
TXN059063,C299,CRD0438,Bash.com,2025-12-05,281.04,Refund,Approved,0,Online
TXN059064,C235,CRD0341,Apple iTunes,2025-12-05,316.12,Purchase,Approved,0,Online
TXN059065,C070,CRD0110,BP,2026-01-27,1673.51,Purchase,Approved,0,Online
TXN059066,C038,CRD0061,Pep,2025-12-25,171.45,Withdrawal,Approved,0,ATM
TXN059067,C242,CRD0350,Edgars,2026-02-10,1304.66,Purchase,Approved,0,POS
TXN059068,C252,CRD0365,Takealot,2026-03-27,3163.27,Withdrawal,Approved,0,Online
TXN059069,C488,CRD0737,Checkers,2026-02-25,1008.34,Withdrawal,Approved,0,ATM
TXN059070,C472,CRD0718,Pep,2026-03-03,371.46,Payment,Approved,0,Online
TXN059071,C470,CRD0715,BP,2026-01-26,1100.66,Purchase,Declined,0,POS
TXN059072,C162,CRD0240,Google Play,2026-02-01,150.78,Payment,Approved,0,Online
TXN059073,C211,CRD0310,Google Play,2025-12-26,219.45,Payment,Approved,0,Online
TXN059074,C358,CRD0537,Google Play,2026-02-08,58.09,Payment,Declined,0,Online
TXN059075,C381,CRD0574,Nandos,2026-04-23,241.61,Payment,Approved,0,Online
TXN059076,C002,CRD0002,Checkers,2026-03-02,122.86,Purchase,Approved,0,Online
TXN059077,C221,CRD0324,BP,2026-03-10,440.44,Purchase,Approved,0,Online
TXN059078,C491,CRD0741,Google Play,2026-01-10,65.04,Purchase,Approved,0,Online
TXN059079,C213,CRD0313,Vida e Caffe,2026-03-27,46.14,Withdrawal,Approved,0,ATM
TXN059080,C493,CRD0744,Wimpy,2026-01-28,143.19,Payment,Declined,0,Online
TXN059081,C034,CRD0055,Steers,2026-01-22,149.8,Purchase,Approved,0,Online
TXN059082,C166,CRD0247,Google Play,2026-01-28,224.77,Purchase,Approved,0,Online
TXN059083,C021,CRD0034,Wimpy,2026-05-25,238.99,Purchase,Approved,0,POS
TXN059084,C429,CRD0653,Nandos,2025-12-24,546.64,Purchase,Approved,1,Online
TXN059085,C276,CRD0400,Woolworths,2026-02-26,1869.85,Purchase,Approved,0,POS
TXN059086,C200,CRD0295,Chicken Licken,2026-02-25,75.47,Purchase,Approved,0,POS
TXN059087,C158,CRD0236,Google Play,2026-01-27,165.2,Purchase,Approved,0,Online
TXN059088,C126,CRD0190,Google Play,2026-02-17,282.21,Purchase,Approved,0,Online
TXN059089,C322,CRD0477,DStv,2026-01-18,112.36,Purchase,Declined,0,POS
TXN059090,C271,CRD0394,Bash.com,2025-12-19,2691.15,Purchase,Declined,0,Online
TXN059091,C415,CRD0630,Ster-Kinekor,2025-12-14,78.25,Withdrawal,Approved,0,ATM
TXN059092,C087,CRD0132,ShowMax,2026-02-26,104.65,Payment,Approved,0,Online
TXN059093,C147,CRD0222,Google Play,2026-05-27,33.45,Purchase,Approved,0,Online
TXN059094,C374,CRD0563,Vida e Caffe,2025-12-30,12.53,Refund,Approved,0,ATM
TXN059095,C203,CRD0298,DStv,2026-03-20,258.06,Purchase,Approved,0,POS
TXN059096,C124,CRD0188,Checkers,2026-04-05,1265.23,Purchase,Approved,0,POS
TXN059097,C376,CRD0567,Nu Metro,2026-02-17,75.53,Purchase,Approved,0,ATM
TXN059098,C334,CRD0498,DStv,2025-12-08,273.59,Purchase,Approved,0,POS
TXN059099,C032,CRD0052,Google Play,2026-03-27,138.64,Purchase,Approved,0,Online
TXN059100,C018,CRD0029,Steers,2025-11-25,87.08,Payment,Approved,0,Online
TXN059101,C488,CRD0737,Truworths,2026-02-07,1619.5,Purchase,Approved,0,POS
TXN059102,C374,CRD0563,Romans Pizza,2025-12-11,375.9,Purchase,Approved,1,ATM
TXN059103,C247,CRD0356,Bash.com,2026-01-24,4185.02,Purchase,Approved,1,Online
TXN059104,C282,CRD0410,Spotify,2026-04-27,12.12,Refund,Approved,0,Online
TXN059105,C426,CRD0649,Romans Pizza,2025-12-29,236.57,Purchase,Approved,0,Online
TXN059106,C453,CRD0692,Dis-Chem,2026-03-09,743.47,Purchase,Approved,0,Online
TXN059107,C352,CRD0529,Debonairs,2026-04-04,94.96,Purchase,Approved,0,ATM
TXN059108,C371,CRD0558,Ocean Basket,2026-03-25,438.41,Payment,Approved,0,Online
TXN059109,C514,CRD0768,Clicks,2026-05-08,269.79,Withdrawal,Approved,0,ATM
TXN059110,C125,CRD0189,Clicks,2026-04-26,380.8,Purchase,Approved,0,POS
TXN059111,C311,CRD0459,Pick n Pay,2025-12-25,139.84,Purchase,Declined,0,Online
TXN059112,C194,CRD0285,ShowMax,2026-02-09,110.76,Purchase,Approved,0,Online
TXN059113,C006,CRD0008,Faithful to Nature,2026-04-27,1717.9,Purchase,Approved,1,Online
TXN059114,C257,CRD0370,Chicken Licken,2026-01-31,58.73,Refund,Approved,1,ATM
TXN059115,C089,CRD0136,Checkers,2026-03-31,3829.06,Purchase,Approved,1,Online
TXN059116,C037,CRD0058,TicketPro,2026-04-17,152.69,Refund,Approved,0,POS
TXN059117,C028,CRD0047,Steers,2026-03-24,210.21,Purchase,Approved,0,Online
TXN059118,C070,CRD0110,KFC,2025-11-24,220.46,Withdrawal,Approved,1,ATM
TXN059119,C338,CRD0505,Loot.co.za,2026-03-10,238.12,Withdrawal,Approved,0,Online
TXN059120,C156,CRD0234,Spotify,2025-12-25,50.98,Withdrawal,Approved,0,Online
TXN059121,C495,CRD0747,Game,2025-11-25,1749.35,Purchase,Approved,0,Online
TXN059122,C417,CRD0633,Truworths,2025-12-25,1462.99,Withdrawal,Approved,0,ATM
TXN059123,C362,CRD0541,Spotify,2026-05-28,68.44,Purchase,Pending,0,Online
TXN059124,C418,CRD0635,Uber Eats,2026-04-09,28.97,Refund,Approved,0,Online
TXN059125,C239,CRD0346,Romans Pizza,2026-02-27,335.98,Purchase,Pending,0,Online
TXN059126,C325,CRD0483,Apple iTunes,2025-12-08,443.01,Purchase,Approved,0,Online
TXN059127,C093,CRD0144,Mr Price,2026-01-27,191.18,Purchase,Declined,0,POS
TXN059128,C362,CRD0541,Amazon.co.za,2025-11-30,1514.8,Withdrawal,Declined,0,Online
TXN059129,C424,CRD0643,Google Play,2026-02-26,313.51,Purchase,Approved,1,Online
TXN059130,C146,CRD0219,Debonairs,2026-04-25,46.63,Refund,Approved,0,POS
TXN059131,C112,CRD0172,Debonairs,2026-02-04,50.79,Purchase,Approved,0,Online
TXN059132,C252,CRD0364,Pep,2025-12-18,299.63,Withdrawal,Approved,0,ATM
TXN059133,C365,CRD0547,Apple iTunes,2025-12-28,293.59,Purchase,Approved,0,Online
TXN059134,C341,CRD0511,Dis-Chem,2025-12-16,168.23,Purchase,Approved,0,POS
TXN059135,C395,CRD0595,Romans Pizza,2026-01-24,151.53,Purchase,Declined,0,POS
TXN059136,C089,CRD0137,Steers,2025-12-06,93.22,Purchase,Approved,0,POS
TXN059137,C360,CRD0539,Takealot,2025-12-11,223.31,Purchase,Approved,0,Online
TXN059138,C446,CRD0677,Checkers,2026-01-19,1710.23,Purchase,Approved,0,ATM
TXN059139,C102,CRD0157,McDonalds,2026-04-30,158.19,Purchase,Approved,0,POS
TXN059140,C547,CRD0801,iStore,2026-01-18,9607.65,Withdrawal,Approved,0,ATM
TXN059141,C213,CRD0313,Loot.co.za,2026-04-02,759.8,Purchase,Declined,0,Online
TXN059142,C401,CRD0605,Google Play,2026-01-28,79.62,Purchase,Approved,0,Online
TXN059143,C057,CRD0089,Chicken Licken,2026-04-18,40.26,Payment,Approved,0,Online
TXN059144,C287,CRD0418,Google Play,2026-03-03,127.12,Purchase,Approved,0,Online
TXN059145,C229,CRD0333,Vida e Caffe,2025-11-22,39.41,Purchase,Approved,0,POS
TXN059146,C038,CRD0060,Romans Pizza,2025-11-28,25.7,Refund,Approved,0,POS
TXN059147,C441,CRD0672,Checkers,2026-02-10,1697.91,Purchase,Approved,0,POS
TXN059148,C289,CRD0420,Takealot,2026-02-18,484.57,Purchase,Declined,0,Online
TXN059149,C089,CRD0137,Dis-Chem,2026-01-14,684.57,Purchase,Approved,0,POS
TXN059150,C026,CRD0044,Checkers,2026-01-27,2204.16,Purchase,Approved,0,POS
TXN059151,C220,CRD0323,Clicks,2026-01-30,556.21,Purchase,Approved,0,POS
TXN059152,C496,CRD0749,Netflix,2026-04-23,166.16,Purchase,Approved,0,Online
TXN059153,C148,CRD0223,McDonalds,2026-02-05,40.99,Refund,Approved,0,POS
TXN059154,C446,CRD0678,Chicken Licken,2026-04-10,49.38,Purchase,Approved,0,Online
TXN059155,C312,CRD0461,Clicks,2025-12-24,456.05,Purchase,Approved,0,Online
TXN059156,C337,CRD0504,Game,2026-01-03,3765.61,Purchase,Approved,0,POS
TXN059157,C143,CRD0215,Vida e Caffe,2026-05-26,46.09,Purchase,Approved,0,POS
TXN059158,C079,CRD0122,Spur,2026-01-15,348.01,Withdrawal,Approved,0,ATM
TXN059159,C361,CRD0540,Vida e Caffe,2026-04-21,68.19,Purchase,Approved,0,POS
TXN059160,C418,CRD0634,Ster-Kinekor,2026-02-27,60.09,Purchase,Declined,0,POS
TXN059161,C201,CRD0296,Chicken Licken,2025-12-25,150.28,Purchase,Approved,0,Online
TXN059162,C345,CRD0516,Sportsmans Whouse,2026-02-07,1401.51,Purchase,Declined,0,POS
TXN059163,C371,CRD0559,Nu Metro,2025-12-27,40.83,Refund,Approved,0,Online
TXN059164,C233,CRD0339,Nu Metro,2026-04-04,109.85,Purchase,Approved,0,Online
TXN059165,C387,CRD0585,Apple iTunes,2026-02-10,13.51,Refund,Approved,0,Online
TXN059166,C451,CRD0685,Pep,2026-04-19,226.33,Purchase,Approved,0,POS
TXN059167,C130,CRD0195,Spotify,2026-05-02,48.85,Purchase,Declined,0,Online
TXN059168,C381,CRD0574,Edgars,2026-03-28,1028.48,Payment,Approved,0,Online
TXN059169,C270,CRD0392,Chicken Licken,2025-11-24,102.48,Purchase,Approved,0,Online
TXN059170,C226,CRD0329,Uber Eats,2026-04-08,80.6,Withdrawal,Approved,0,Online
TXN059171,C463,CRD0705,McDonalds,2026-01-10,48.74,Payment,Approved,0,Online
TXN059172,C401,CRD0605,Debonairs,2026-01-29,100.47,Payment,Approved,0,Online
TXN059173,C195,CRD0287,Google Play,2026-03-28,69.9,Purchase,Approved,0,Online
TXN059174,C132,CRD0199,Apple iTunes,2026-01-26,222.21,Payment,Declined,0,Online
TXN059175,C135,CRD0204,Kulula,2025-12-19,768.81,Payment,Declined,0,Online
TXN059176,C252,CRD0364,McDonalds,2025-11-27,189.68,Purchase,Approved,0,POS
TXN059177,C021,CRD0034,Apple iTunes,2026-03-21,142.07,Purchase,Approved,0,Online
TXN059178,C207,CRD0304,McDonalds,2026-01-23,131.08,Purchase,Approved,0,Online
TXN059179,C451,CRD0685,Uber Eats,2026-05-06,180.59,Purchase,Approved,0,Online
TXN059180,C432,CRD0657,Clicks,2025-11-29,367.8,Purchase,Approved,0,POS
TXN059181,C126,CRD0190,Google Play,2026-03-05,125.95,Withdrawal,Declined,0,Online
TXN059182,C173,CRD0255,Faithful to Nature,2026-03-16,257.66,Payment,Approved,0,Online
TXN059183,C083,CRD0127,KFC,2026-02-28,37.81,Purchase,Approved,0,POS
TXN059184,C406,CRD0614,KFC,2025-11-25,59.61,Purchase,Approved,0,Online
TXN059185,C074,CRD0115,Nu Metro,2026-03-22,265.61,Purchase,Approved,0,Online
TXN059186,C085,CRD0129,Truworths,2026-04-29,914.75,Purchase,Approved,0,POS
TXN059187,C270,CRD0392,Montecasino,2026-04-14,823.88,Withdrawal,Approved,0,ATM
TXN059188,C005,CRD0005,Mr Price,2025-12-07,322.93,Purchase,Approved,0,Online
TXN059189,C497,CRD0750,Ster-Kinekor,2026-03-26,282.52,Purchase,Approved,0,ATM
TXN059190,C271,CRD0394,Pep,2026-05-01,427.98,Payment,Approved,0,Online
TXN059191,C010,CRD0015,Checkers,2025-12-25,1012.46,Purchase,Approved,0,POS
TXN059192,C385,CRD0582,Clicks,2026-03-28,139.48,Purchase,Approved,0,POS
TXN059193,C041,CRD0064,Spur,2025-11-25,357.77,Purchase,Approved,0,Online
TXN059194,C411,CRD0623,Sportsmans Whouse,2026-05-10,563.25,Purchase,Approved,0,POS
TXN059195,C055,CRD0086,Chicken Licken,2025-11-27,49.82,Purchase,Approved,0,ATM
TXN059196,C248,CRD0358,Clicks,2026-04-26,212.89,Purchase,Approved,0,ATM
TXN059197,C334,CRD0500,Ster-Kinekor,2026-03-27,23.42,Refund,Approved,0,POS
TXN059198,C178,CRD0261,Debonairs,2026-02-01,63.73,Withdrawal,Approved,0,ATM
TXN059199,C075,CRD0117,KFC,2026-03-12,166.92,Purchase,Approved,0,POS
TXN059200,C307,CRD0450,Avis SA,2026-01-29,1020.5,Withdrawal,Approved,0,ATM
TXN059201,C509,CRD0763,Checkers,2025-12-19,584.18,Purchase,Approved,0,POS
TXN059202,C365,CRD0546,Checkers,2026-03-28,2621.5,Withdrawal,Approved,0,ATM
TXN059203,C386,CRD0584,Nandos,2026-01-23,188.72,Purchase,Approved,0,POS
TXN059204,C517,CRD0771,Spotify,2025-11-23,48.29,Purchase,Approved,0,Online
TXN059205,C072,CRD0113,Clicks,2026-02-27,373.34,Payment,Approved,0,Online
TXN059206,C005,CRD0007,Google Play,2026-02-26,282.97,Withdrawal,Approved,0,Online
TXN059207,C167,CRD0248,Wimpy,2025-12-25,99.62,Purchase,Approved,0,POS
TXN059208,C221,CRD0324,Edgars,2025-12-13,645.21,Purchase,Declined,0,POS
TXN059209,C417,CRD0632,Gold Reef City,2026-01-02,243.8,Purchase,Approved,0,POS
TXN059210,C003,CRD0003,Faithful to Nature,2026-03-29,2061.05,Purchase,Approved,1,Online
TXN059211,C090,CRD0140,Google Play,2026-05-05,105.41,Purchase,Approved,0,Online
TXN059212,C335,CRD0501,Makro,2026-02-08,7775.73,Purchase,Approved,0,POS
TXN059213,C406,CRD0614,Bash.com,2026-01-28,691.33,Purchase,Approved,0,Online
TXN059214,C065,CRD0100,Google Play,2026-05-28,440.53,Purchase,Approved,1,Online
TXN059215,C373,CRD0561,Apple iTunes,2025-12-26,88.87,Purchase,Approved,0,Online
TXN059216,C382,CRD0575,Clicks,2026-02-27,382.95,Purchase,Approved,0,Online
TXN059217,C271,CRD0394,Zando,2026-04-28,704.06,Purchase,Approved,0,Online
TXN059218,C095,CRD0147,Builders Warehouse,2026-03-27,11341.09,Purchase,Approved,0,Online
TXN059219,C278,CRD0403,Loot.co.za,2026-04-09,731.42,Purchase,Approved,0,Online
TXN059220,C248,CRD0358,Pick n Pay,2026-04-27,1565.06,Payment,Approved,0,Online
TXN059221,C442,CRD0673,TicketPro,2026-02-27,107.73,Purchase,Pending,0,POS
TXN059222,C327,CRD0486,Google Play,2026-05-09,116.13,Payment,Approved,0,Online
TXN059223,C400,CRD0604,Nandos,2026-01-13,171.13,Purchase,Approved,0,POS
TXN059224,C441,CRD0672,Google Play,2026-04-17,204.78,Withdrawal,Approved,0,Online
TXN059225,C462,CRD0703,Checkers,2026-03-10,624.3,Purchase,Approved,0,POS
TXN059226,C116,CRD0177,DStv,2026-01-18,340.52,Payment,Approved,0,Online
TXN059227,C163,CRD0242,Europcar,2026-01-26,352.64,Refund,Approved,0,POS
TXN059228,C386,CRD0584,Vida e Caffe,2026-02-09,13.54,Refund,Approved,0,POS
TXN059229,C197,CRD0290,Game,2026-05-28,1653.09,Purchase,Approved,0,POS
TXN059230,C393,CRD0592,Loot.co.za,2026-03-23,1702.47,Purchase,Declined,0,Online
TXN059231,C447,CRD0680,Vida e Caffe,2025-12-16,74.4,Purchase,Approved,0,POS
TXN059232,C479,CRD0727,Dis-Chem,2025-11-21,989.56,Purchase,Approved,0,POS
TXN059233,C433,CRD0660,Mr Price,2025-12-21,211.25,Purchase,Approved,0,POS
TXN059234,C265,CRD0383,Chicken Licken,2026-01-07,43.47,Purchase,Approved,0,Online
TXN059235,C005,CRD0005,Romans Pizza,2026-04-13,62.31,Refund,Approved,0,Online
TXN059236,C197,CRD0290,Faithful to Nature,2025-12-03,823.41,Purchase,Approved,0,Online
TXN059237,C315,CRD0465,Uber Eats,2026-03-20,94.71,Purchase,Approved,0,Online
TXN059238,C225,CRD0328,Nandos,2026-04-26,349.35,Purchase,Approved,0,POS
TXN059239,C105,CRD0160,Uber Eats,2025-12-20,206.31,Purchase,Approved,0,Online
TXN059240,C302,CRD0442,Checkers,2025-12-26,952.56,Purchase,Approved,0,POS
TXN059241,C056,CRD0087,Apple iTunes,2026-05-10,61.66,Purchase,Pending,0,Online
TXN059242,C054,CRD0084,Google Play,2026-04-08,42.02,Purchase,Approved,0,Online
TXN059243,C498,CRD0751,Spotify,2026-05-07,66.3,Withdrawal,Approved,0,Online
TXN059244,C289,CRD0420,Checkers,2026-03-23,172.66,Refund,Approved,0,Online
TXN059245,C438,CRD0667,Nu Metro,2026-02-26,128.26,Payment,Approved,0,Online
TXN059246,C238,CRD0345,Checkers,2026-03-28,476.03,Purchase,Approved,0,ATM
TXN059247,C404,CRD0610,KFC,2026-01-08,192.97,Withdrawal,Approved,0,ATM
TXN059248,C320,CRD0473,Checkers,2026-02-22,605.89,Purchase,Declined,0,POS
TXN059249,C413,CRD0626,Wimpy,2025-12-22,202.86,Purchase,Approved,0,POS
TXN059250,C430,CRD0654,Chicken Licken,2026-03-07,78.02,Purchase,Approved,0,POS
TXN059251,C305,CRD0447,Gold Reef City,2026-03-26,423.78,Purchase,Approved,0,POS
TXN059252,C130,CRD0196,Dis-Chem,2025-12-31,247.09,Purchase,Approved,0,POS
TXN059253,C538,CRD0792,KFC,2026-01-26,58.72,Purchase,Approved,0,POS
TXN059254,C492,CRD0742,Uber Eats,2025-12-01,285.29,Purchase,Approved,0,Online
TXN059255,C500,CRD0754,Google Play,2026-01-27,85.71,Purchase,Approved,0,Online
TXN059256,C471,CRD0716,Engen,2025-12-26,372.53,Purchase,Approved,0,POS
TXN059257,C265,CRD0383,Chicken Licken,2025-11-29,64.92,Payment,Approved,0,Online
TXN059258,C398,CRD0598,Amazon.co.za,2025-12-27,114.42,Purchase,Approved,0,Online
TXN059259,C450,CRD0683,Uber Eats,2026-02-07,240.96,Purchase,Declined,0,Online
TXN059260,C177,CRD0260,Truworths,2026-02-23,127.64,Purchase,Approved,0,Online
TXN059261,C249,CRD0359,Zando,2026-01-23,3448.34,Purchase,Approved,1,Online
TXN059262,C155,CRD0233,Clicks,2026-03-31,116.06,Withdrawal,Approved,0,ATM
TXN059263,C358,CRD0537,Debonairs,2025-12-21,50.52,Purchase,Approved,0,POS
TXN059264,C502,CRD0756,Mugg and Bean,2026-04-19,242.4,Withdrawal,Approved,0,ATM
TXN059265,C351,CRD0526,Spur,2025-12-26,33.43,Refund,Approved,0,ATM
TXN059266,C335,CRD0502,Vida e Caffe,2026-04-26,70.27,Purchase,Declined,0,POS
TXN059267,C269,CRD0390,McDonalds,2025-12-16,82.46,Purchase,Approved,0,POS
TXN059268,C371,CRD0558,Pep,2026-04-08,372.71,Purchase,Approved,0,Online
TXN059269,C500,CRD0754,Google Play,2025-12-27,73.89,Refund,Approved,0,Online
TXN059270,C376,CRD0567,Takealot,2026-03-02,1707.1,Purchase,Approved,0,Online
TXN059271,C430,CRD0655,Chicken Licken,2026-02-02,81.08,Withdrawal,Approved,0,ATM
TXN059272,C195,CRD0287,Zando,2026-04-17,2410.53,Withdrawal,Approved,0,Online
TXN059273,C219,CRD0321,Avis SA,2026-04-08,552.83,Purchase,Approved,0,POS
TXN059274,C095,CRD0147,Ster-Kinekor,2025-11-28,275.48,Payment,Approved,0,Online
TXN059275,C363,CRD0542,Mr Price,2026-04-25,650.86,Payment,Approved,0,Online
TXN059276,C024,CRD0041,Nandos,2025-12-23,225.81,Purchase,Approved,0,POS
TXN059277,C102,CRD0156,Netflix,2026-04-27,183.96,Purchase,Approved,0,Online
TXN059278,C362,CRD0541,DStv,2026-03-06,536.93,Purchase,Approved,0,POS
TXN059279,C460,CRD0700,Romans Pizza,2026-01-30,63.46,Withdrawal,Approved,0,ATM
TXN059280,C269,CRD0390,Romans Pizza,2026-02-11,189.92,Purchase,Pending,0,POS
TXN059281,C281,CRD0408,Romans Pizza,2025-12-20,168.26,Purchase,Approved,0,Online
TXN059282,C166,CRD0247,Nandos,2025-12-28,211.03,Purchase,Approved,0,POS
TXN059283,C472,CRD0717,Pep,2026-01-30,137.9,Purchase,Approved,0,POS
TXN059284,C525,CRD0779,Makro,2025-12-16,1117.15,Purchase,Approved,0,POS
TXN059285,C332,CRD0495,Clicks,2026-02-06,574.49,Purchase,Approved,0,POS
TXN059286,C351,CRD0527,Google Play,2026-02-04,41.93,Payment,Approved,0,Online
TXN059287,C305,CRD0447,Netflix,2026-05-26,145.83,Purchase,Approved,0,Online
TXN059288,C148,CRD0223,Apple iTunes,2026-02-26,131.59,Purchase,Approved,0,Online
TXN059289,C323,CRD0479,Netflix,2026-01-28,173.6,Purchase,Approved,0,Online
TXN059290,C326,CRD0485,Netflix,2025-12-26,129.32,Purchase,Approved,0,Online
TXN059291,C074,CRD0115,DStv,2026-05-15,606.8,Purchase,Approved,0,POS
TXN059292,C171,CRD0253,Google Play,2026-03-25,192.95,Withdrawal,Approved,0,Online
TXN059293,C488,CRD0736,Apple iTunes,2026-01-31,45.01,Purchase,Approved,0,Online
TXN059294,C107,CRD0164,Ocean Basket,2025-12-30,412.09,Purchase,Declined,0,POS
TXN059295,C320,CRD0472,Incredible Connect,2026-01-04,915.5,Payment,Declined,0,Online
TXN059296,C537,CRD0791,Vida e Caffe,2025-12-28,105.54,Purchase,Approved,0,Online
TXN059297,C013,CRD0020,Mugg and Bean,2026-04-20,257.71,Purchase,Approved,0,POS
TXN059298,C066,CRD0101,Ster-Kinekor,2026-02-24,92.82,Purchase,Approved,0,POS
TXN059299,C341,CRD0511,Engen,2025-12-01,1366.69,Purchase,Declined,0,POS
TXN059300,C438,CRD0666,Uber Eats,2026-04-10,101.82,Payment,Approved,0,Online
TXN059301,C150,CRD0226,Superbalist,2026-02-18,1711.84,Purchase,Declined,0,Online
TXN059302,C352,CRD0529,Takealot,2025-12-26,115.78,Payment,Approved,0,Online
TXN059303,C321,CRD0476,Ster-Kinekor,2026-05-03,285.63,Payment,Approved,1,Online
TXN059304,C179,CRD0263,Pick n Pay,2025-12-20,997.76,Withdrawal,Approved,0,ATM
TXN059305,C120,CRD0183,Nu Metro,2026-05-27,154.3,Payment,Approved,0,Online
TXN059306,C197,CRD0290,DStv,2026-03-30,302.21,Purchase,Approved,0,ATM
TXN059307,C483,CRD0731,McDonalds,2025-12-18,166.73,Purchase,Approved,0,POS
TXN059308,C524,CRD0778,Woolworths,2026-04-09,566.97,Payment,Approved,0,Online
TXN059309,C144,CRD0217,Pick n Pay,2025-12-27,1271.37,Purchase,Declined,0,Online
TXN059310,C521,CRD0775,Shell,2026-05-03,108.06,Refund,Approved,0,Online
TXN059311,C137,CRD0206,Faithful to Nature,2026-04-01,268.83,Purchase,Declined,0,Online
TXN059312,C200,CRD0295,Amazon.co.za,2026-04-21,806.55,Purchase,Approved,0,Online
TXN059313,C323,CRD0479,Spur,2026-04-14,450.4,Purchase,Approved,0,POS
TXN059314,C364,CRD0545,McDonalds,2026-04-05,94.76,Payment,Approved,0,Online
TXN059315,C190,CRD0278,Ocean Basket,2026-02-25,572.93,Purchase,Approved,0,POS
TXN059316,C127,CRD0191,ShowMax,2026-03-02,76.24,Purchase,Approved,0,Online
TXN059317,C366,CRD0549,Gold Reef City,2026-03-10,267.3,Withdrawal,Approved,0,ATM
TXN059318,C476,CRD0723,Vida e Caffe,2026-03-25,77.13,Purchase,Approved,0,POS
TXN059319,C438,CRD0667,Vida e Caffe,2026-04-02,13.12,Refund,Approved,0,POS
TXN059320,C432,CRD0658,Cape Union Mart,2026-01-28,1543.01,Purchase,Approved,0,POS
TXN059321,C177,CRD0260,KFC,2025-11-22,46.31,Purchase,Pending,0,POS
TXN059322,C292,CRD0426,Google Play,2026-03-25,157.27,Payment,Approved,0,Online
TXN059323,C535,CRD0789,Woolworths,2026-01-04,1259.63,Purchase,Approved,0,POS
TXN059324,C146,CRD0220,Bash.com,2026-02-28,149.22,Purchase,Approved,0,Online
TXN059325,C124,CRD0188,Mugg and Bean,2026-02-17,85.83,Refund,Approved,0,POS
TXN059326,C175,CRD0258,Vida e Caffe,2026-03-21,59.22,Purchase,Approved,0,POS
TXN059327,C416,CRD0631,Dis-Chem,2026-02-23,1389.85,Withdrawal,Approved,1,ATM
TXN059328,C091,CRD0141,Dis-Chem,2026-01-25,95.13,Refund,Approved,0,POS
TXN059329,C527,CRD0781,Spotify,2026-03-18,52.86,Purchase,Approved,0,Online
TXN059330,C432,CRD0658,Woolworths,2026-01-26,651.94,Payment,Approved,0,Online
TXN059331,C498,CRD0751,Nu Metro,2026-02-01,177.46,Purchase,Approved,0,POS
TXN059332,C420,CRD0638,Uber Eats,2026-02-05,150.39,Purchase,Approved,0,Online
TXN059333,C230,CRD0336,Google Play,2026-01-28,248.7,Withdrawal,Approved,0,Online
TXN059334,C080,CRD0123,Chicken Licken,2026-03-26,40.36,Purchase,Approved,0,POS
TXN059335,C227,CRD0330,KFC,2026-02-08,90.62,Purchase,Approved,0,POS
TXN059336,C210,CRD0309,Gold Reef City,2026-04-06,243.58,Purchase,Declined,0,POS
TXN059337,C311,CRD0457,Samsung Store,2026-02-25,3180.78,Withdrawal,Approved,0,ATM
TXN059338,C177,CRD0260,Nandos,2026-02-19,117.76,Purchase,Approved,0,POS
TXN059339,C415,CRD0630,Pick n Pay,2026-04-24,903.37,Purchase,Approved,0,POS
TXN059340,C184,CRD0271,Loot.co.za,2026-05-27,1200.61,Withdrawal,Approved,0,Online
TXN059341,C180,CRD0265,Gold Reef City,2026-03-18,400.23,Purchase,Approved,0,Online
TXN059342,C291,CRD0425,Spotify,2026-01-28,50.93,Purchase,Approved,0,Online
TXN059343,C220,CRD0322,Google Play,2026-05-14,274.12,Purchase,Approved,0,Online
TXN059344,C252,CRD0364,Game,2026-03-04,743.88,Purchase,Approved,0,Online
TXN059345,C177,CRD0260,Ster-Kinekor,2026-03-04,71.92,Purchase,Pending,0,ATM
TXN059346,C451,CRD0687,Google Play,2026-01-05,141.07,Purchase,Approved,0,Online
TXN059347,C257,CRD0371,BP,2026-01-08,914.62,Purchase,Approved,0,Online
TXN059348,C146,CRD0220,Pep,2026-03-27,143.08,Purchase,Approved,0,POS
TXN059349,C387,CRD0585,Pick n Pay,2026-03-17,1665.02,Purchase,Approved,0,POS
TXN059350,C045,CRD0070,Clicks,2026-01-13,290.82,Withdrawal,Approved,0,ATM
TXN059351,C385,CRD0583,Google Play,2025-11-30,55.97,Withdrawal,Approved,0,Online
TXN059352,C028,CRD0047,Mr Price,2026-02-04,1116.07,Purchase,Approved,0,POS
TXN059353,C464,CRD0706,Nandos,2025-12-02,86.61,Purchase,Approved,0,POS
TXN059354,C244,CRD0353,Pep,2025-12-31,256.27,Purchase,Approved,0,POS
TXN059355,C010,CRD0014,KFC,2026-01-03,55.13,Purchase,Approved,0,POS
TXN059356,C417,CRD0633,McDonalds,2026-01-11,88.26,Purchase,Approved,0,POS
TXN059357,C056,CRD0087,Engen,2026-01-01,1658.43,Withdrawal,Declined,0,ATM
TXN059358,C260,CRD0377,Amazon.co.za,2026-01-02,7779.54,Purchase,Approved,1,Online
TXN059359,C315,CRD0465,Uber Eats,2026-01-31,74.6,Purchase,Approved,0,Online
TXN059360,C052,CRD0081,BP,2026-04-23,1200.79,Purchase,Declined,0,ATM
TXN059361,C444,CRD0675,Amazon.co.za,2025-11-25,647.24,Purchase,Declined,0,Online
TXN059362,C539,CRD0793,Clicks,2025-12-23,526.11,Withdrawal,Approved,0,ATM
TXN059363,C024,CRD0041,Google Play,2026-03-15,180.04,Purchase,Approved,0,Online
TXN059364,C044,CRD0069,Apple iTunes,2026-03-27,146.68,Purchase,Approved,0,Online
TXN059365,C469,CRD0713,Mr Price,2026-03-24,443.7,Withdrawal,Approved,0,ATM
TXN059366,C306,CRD0449,Ocean Basket,2025-12-24,493.06,Purchase,Approved,0,ATM
TXN059367,C081,CRD0124,Apple iTunes,2026-04-08,122.77,Refund,Approved,0,Online
TXN059368,C135,CRD0203,Bash.com,2026-03-12,1811.61,Purchase,Approved,0,Online
TXN059369,C451,CRD0686,Superbalist,2026-01-13,1704.49,Payment,Approved,0,Online
TXN059370,C336,CRD0503,Steers,2026-02-26,156.83,Purchase,Approved,0,POS
TXN059371,C471,CRD0716,Faithful to Nature,2026-02-08,268.05,Purchase,Approved,0,Online
TXN059372,C303,CRD0443,Takealot,2026-01-05,886.09,Purchase,Pending,0,Online
TXN059373,C206,CRD0302,Loot.co.za,2025-11-26,1164.42,Purchase,Declined,0,Online
TXN059374,C289,CRD0420,Apple iTunes,2026-02-28,132.16,Payment,Approved,0,Online
TXN059375,C436,CRD0663,Google Play,2026-02-03,201.28,Purchase,Approved,0,Online
TXN059376,C172,CRD0254,Google Play,2026-03-27,123.89,Purchase,Approved,0,Online
TXN059377,C479,CRD0727,Ster-Kinekor,2026-05-28,244.11,Withdrawal,Approved,0,ATM
TXN059378,C105,CRD0161,McDonalds,2026-04-28,124.05,Purchase,Approved,0,POS
TXN059379,C136,CRD0205,BP,2025-12-25,1206.11,Purchase,Approved,0,Online
TXN059380,C120,CRD0181,Dis-Chem,2025-12-20,920.9,Purchase,Approved,0,POS
TXN059381,C508,CRD0762,Chicken Licken,2025-12-25,64.69,Purchase,Approved,0,POS
TXN059382,C008,CRD0012,Checkers,2026-03-01,406.33,Purchase,Approved,0,POS
TXN059383,C090,CRD0140,Netflix,2026-02-27,199.04,Purchase,Approved,0,Online
TXN059384,C405,CRD0613,McDonalds,2026-01-28,43.88,Purchase,Approved,0,POS
TXN059385,C377,CRD0569,McDonalds,2026-01-27,44.15,Payment,Declined,0,Online
TXN059386,C394,CRD0594,Chicken Licken,2026-02-18,47.62,Refund,Approved,0,POS
TXN059387,C338,CRD0505,Chicken Licken,2026-04-26,145.84,Purchase,Approved,0,Online
TXN059388,C050,CRD0079,Engen,2026-02-11,555.67,Withdrawal,Approved,0,ATM
TXN059389,C331,CRD0494,Totalsports,2025-12-07,923.94,Purchase,Approved,0,POS
TXN059390,C298,CRD0436,Loot.co.za,2026-03-21,542.26,Withdrawal,Approved,0,Online
TXN059391,C426,CRD0647,Nandos,2026-05-16,18.9,Refund,Approved,0,POS
TXN059392,C238,CRD0345,McDonalds,2026-01-15,132.69,Purchase,Approved,0,POS
TXN059393,C430,CRD0654,Google Play,2026-05-26,22.45,Purchase,Approved,0,Online
TXN059394,C270,CRD0391,Foschini,2026-01-20,1505.01,Purchase,Approved,0,POS
TXN059395,C505,CRD0759,Cape Union Mart,2025-12-27,171.9,Payment,Approved,0,Online
TXN059396,C467,CRD0711,Mugg and Bean,2025-12-04,402.49,Purchase,Approved,0,ATM
TXN059397,C444,CRD0675,Pep,2026-01-17,337.06,Purchase,Approved,0,POS
TXN059398,C416,CRD0631,Pick n Pay,2026-05-12,2682.99,Purchase,Approved,0,POS
TXN059399,C147,CRD0222,Amazon.co.za,2026-03-17,810.0,Purchase,Approved,0,Online
TXN059400,C526,CRD0780,Pick n Pay,2025-12-25,1004.94,Withdrawal,Approved,0,ATM
TXN059401,C086,CRD0131,Pep,2026-02-28,32.31,Purchase,Approved,0,Online
TXN059402,C203,CRD0298,McDonalds,2026-01-05,161.39,Purchase,Approved,0,POS
TXN059403,C338,CRD0506,Google Play,2026-04-27,187.85,Purchase,Approved,0,Online
TXN059404,C370,CRD0556,Chicken Licken,2026-01-11,101.56,Purchase,Approved,0,POS
TXN059405,C200,CRD0294,Mugg and Bean,2026-01-07,219.99,Purchase,Approved,0,Online
TXN059406,C036,CRD0057,Uber Eats,2026-01-12,260.92,Payment,Approved,0,Online
TXN059407,C161,CRD0239,Pick n Pay,2026-02-25,459.18,Purchase,Approved,0,ATM
TXN059408,C103,CRD0158,Pep,2026-01-30,97.59,Purchase,Approved,0,POS
TXN059409,C107,CRD0163,Pep,2025-12-09,283.84,Purchase,Approved,0,POS
TXN059410,C409,CRD0620,Steers,2025-12-16,130.02,Purchase,Declined,0,POS
TXN059411,C432,CRD0657,Chicken Licken,2026-02-28,22.17,Refund,Approved,0,POS
TXN059412,C484,CRD0732,Google Play,2026-02-04,154.84,Payment,Approved,0,Online
TXN059413,C083,CRD0127,KFC,2026-01-07,62.46,Withdrawal,Approved,0,ATM
TXN059414,C084,CRD0128,Uber Eats,2026-04-26,560.1,Purchase,Approved,1,Online
TXN059415,C276,CRD0400,KFC,2025-12-29,109.49,Payment,Approved,0,Online
TXN059416,C089,CRD0136,Clicks,2025-11-27,203.21,Payment,Approved,0,Online
TXN059417,C210,CRD0309,Steers,2025-12-09,182.9,Purchase,Approved,0,POS
TXN059418,C415,CRD0629,Game,2025-12-15,1398.01,Withdrawal,Approved,0,ATM
TXN059419,C206,CRD0302,Wimpy,2026-04-27,150.5,Purchase,Approved,0,POS
TXN059420,C162,CRD0240,Chicken Licken,2026-02-20,123.49,Purchase,Approved,0,Online
TXN059421,C091,CRD0142,Wimpy,2025-12-03,111.45,Withdrawal,Approved,0,ATM
TXN059422,C027,CRD0046,Sportsmans Whouse,2026-03-24,390.59,Purchase,Approved,0,Online
TXN059423,C365,CRD0547,Debonairs,2026-04-12,288.77,Purchase,Approved,0,Online
TXN059424,C390,CRD0588,Nandos,2025-12-08,599.96,Purchase,Approved,1,Online
TXN059425,C315,CRD0466,Steers,2026-01-05,161.57,Payment,Approved,0,Online
TXN059426,C437,CRD0665,Spotify,2026-03-26,59.38,Payment,Approved,0,Online
TXN059427,C205,CRD0300,Vida e Caffe,2026-03-10,71.75,Purchase,Approved,0,POS
TXN059428,C204,CRD0299,Pep,2025-12-28,362.15,Purchase,Approved,0,Online
TXN059429,C326,CRD0484,iStore,2026-02-20,3463.7,Purchase,Approved,0,Online
TXN059430,C245,CRD0354,Vida e Caffe,2026-02-21,74.15,Purchase,Approved,0,POS
TXN059431,C006,CRD0008,iStore,2026-02-16,6217.23,Purchase,Approved,0,POS
TXN059432,C478,CRD0726,Mr Price,2026-04-25,215.31,Withdrawal,Approved,0,ATM
TXN059433,C067,CRD0103,Woolworths,2026-01-27,662.26,Payment,Approved,0,Online
TXN059434,C517,CRD0771,Romans Pizza,2026-01-14,246.6,Purchase,Approved,0,Online
TXN059435,C030,CRD0050,Apple iTunes,2026-03-22,185.68,Purchase,Approved,0,Online
TXN059436,C451,CRD0686,Mr Price,2026-03-02,1145.8,Purchase,Declined,0,Online
TXN059437,C240,CRD0348,Dis-Chem,2026-01-18,450.33,Purchase,Approved,0,POS
TXN059438,C458,CRD0698,Truworths,2026-03-05,1898.4,Purchase,Approved,0,Online
TXN059439,C508,CRD0762,Amazon.co.za,2026-02-12,121.55,Purchase,Approved,0,Online
TXN059440,C178,CRD0261,Builders Warehouse,2026-04-03,4530.61,Payment,Approved,0,Online
TXN059441,C218,CRD0320,Dis-Chem,2025-11-30,1157.88,Payment,Approved,0,Online
TXN059442,C074,CRD0115,Google Play,2026-03-11,181.36,Purchase,Approved,0,Online
TXN059443,C429,CRD0653,Wimpy,2026-03-14,273.45,Purchase,Approved,0,POS
TXN059444,C065,CRD0099,Netflix,2026-03-19,145.12,Purchase,Approved,0,Online
TXN059445,C108,CRD0165,SAA,2025-12-26,718.14,Withdrawal,Approved,0,ATM
TXN059446,C505,CRD0759,Debonairs,2026-02-25,90.99,Purchase,Approved,0,POS
TXN059447,C417,CRD0633,Nandos,2026-01-25,232.04,Payment,Approved,0,Online
TXN059448,C317,CRD0468,Spur,2026-03-27,474.86,Purchase,Approved,0,Online
TXN059449,C452,CRD0688,Pick n Pay,2026-01-10,1046.25,Withdrawal,Approved,0,ATM
TXN059450,C224,CRD0327,Truworths,2026-05-25,196.15,Purchase,Approved,0,ATM
TXN059451,C197,CRD0289,Dis-Chem,2026-05-17,329.09,Purchase,Declined,0,Online
TXN059452,C384,CRD0580,Builders Warehouse,2026-03-06,1947.66,Purchase,Approved,0,POS
TXN059453,C268,CRD0389,Google Play,2026-01-13,302.22,Purchase,Approved,1,Online
TXN059454,C199,CRD0293,Steers,2026-03-13,223.01,Withdrawal,Approved,0,ATM
TXN059455,C194,CRD0285,McDonalds,2025-12-23,119.94,Payment,Approved,0,Online
TXN059456,C036,CRD0057,Cape Union Mart,2026-01-04,1041.23,Purchase,Approved,0,POS
TXN059457,C257,CRD0370,Apple iTunes,2026-04-21,145.66,Purchase,Declined,0,Online
TXN059458,C315,CRD0465,Edgars,2026-03-02,1100.73,Purchase,Approved,0,ATM
TXN059459,C362,CRD0541,Loot.co.za,2025-11-26,769.31,Payment,Declined,0,Online
TXN059460,C254,CRD0367,Shell,2026-04-12,1730.1,Purchase,Approved,0,Online
TXN059461,C193,CRD0283,Takealot,2026-01-31,2500.69,Withdrawal,Pending,0,Online
TXN059462,C314,CRD0464,Takealot,2026-03-20,2119.99,Purchase,Approved,0,Online
TXN059463,C380,CRD0573,McDonalds,2026-03-12,255.18,Purchase,Approved,1,POS
TXN059464,C023,CRD0038,Google Play,2026-04-28,120.75,Purchase,Approved,0,Online
TXN059465,C310,CRD0456,Steers,2026-04-27,78.57,Purchase,Approved,0,Online
TXN059466,C152,CRD0230,Uber Eats,2026-01-20,326.35,Withdrawal,Approved,1,Online
TXN059467,C183,CRD0270,Ster-Kinekor,2026-03-17,18.04,Refund,Approved,0,Online
TXN059468,C474,CRD0720,ShowMax,2025-12-26,140.27,Payment,Approved,1,Online
TXN059469,C014,CRD0021,Nu Metro,2025-12-26,183.11,Purchase,Approved,0,POS
TXN059470,C272,CRD0395,Cape Union Mart,2025-12-15,407.65,Payment,Declined,0,Online
TXN059471,C549,CRD0803,Vida e Caffe,2026-04-28,127.02,Purchase,Approved,0,POS
TXN059472,C377,CRD0569,Chicken Licken,2025-12-09,15.14,Refund,Approved,0,Online
TXN059473,C058,CRD0091,Mr Price,2026-04-26,102.6,Purchase,Approved,0,Online
TXN059474,C138,CRD0209,Zando,2026-03-23,1642.59,Purchase,Approved,0,Online
TXN059475,C513,CRD0767,Wimpy,2025-12-18,228.14,Withdrawal,Pending,0,ATM
TXN059476,C238,CRD0344,Nandos,2026-03-25,299.36,Purchase,Approved,0,Online
TXN059477,C365,CRD0548,Mr Price,2026-01-25,418.82,Purchase,Approved,0,Online
TXN059478,C239,CRD0347,Sportsmans Whouse,2026-04-19,2299.43,Purchase,Approved,0,POS
TXN059479,C464,CRD0706,Truworths,2026-01-16,148.55,Purchase,Approved,0,Online
TXN059480,C188,CRD0276,Google Play,2026-04-13,215.22,Purchase,Declined,0,Online
TXN059481,C174,CRD0257,Spotify,2026-03-17,49.31,Payment,Approved,0,Online
TXN059482,C334,CRD0499,Google Play,2026-05-17,238.0,Withdrawal,Approved,0,Online
TXN059483,C097,CRD0150,Pick n Pay,2026-04-27,177.13,Refund,Approved,0,ATM
TXN059484,C362,CRD0541,Vida e Caffe,2026-03-03,117.27,Purchase,Approved,0,Online
TXN059485,C105,CRD0160,DStv,2026-01-06,505.48,Purchase,Approved,0,POS
TXN059486,C128,CRD0192,Takealot,2026-04-15,480.56,Withdrawal,Approved,0,Online
TXN059487,C310,CRD0455,Apple iTunes,2026-04-26,356.31,Purchase,Declined,0,Online
TXN059488,C159,CRD0237,Clicks,2026-02-19,227.01,Purchase,Declined,0,ATM
TXN059489,C544,CRD0798,Vida e Caffe,2026-02-10,72.59,Purchase,Approved,0,Online
TXN059490,C129,CRD0194,Nu Metro,2026-05-01,285.0,Withdrawal,Approved,1,ATM
TXN059491,C291,CRD0424,Clicks,2026-01-06,107.8,Purchase,Approved,0,ATM
TXN059492,C099,CRD0153,Debonairs,2026-04-17,169.24,Purchase,Approved,0,Online
TXN059493,C441,CRD0672,Apple iTunes,2025-11-24,202.02,Purchase,Approved,0,Online
TXN059494,C198,CRD0291,Google Play,2026-01-25,116.52,Withdrawal,Declined,0,Online
TXN059495,C328,CRD0489,Loot.co.za,2026-01-18,224.86,Purchase,Approved,0,Online
TXN059496,C259,CRD0374,Nandos,2026-01-01,515.23,Purchase,Approved,1,POS
TXN059497,C108,CRD0165,Amazon.co.za,2026-01-31,1790.4,Purchase,Approved,0,Online
TXN059498,C286,CRD0416,Debonairs,2025-11-27,192.46,Payment,Pending,0,Online
TXN059499,C510,CRD0764,Checkers,2026-04-04,1508.33,Purchase,Approved,0,Online
TXN059500,C311,CRD0458,Pep,2026-05-26,161.29,Purchase,Approved,0,ATM
TXN059501,C336,CRD0503,Mr Price,2026-03-27,853.14,Withdrawal,Approved,0,ATM
TXN059502,C032,CRD0052,Samsung Store,2026-02-04,18278.08,Withdrawal,Approved,1,ATM
TXN059503,C549,CRD0803,Kulula,2025-12-26,1440.31,Purchase,Approved,0,POS
TXN059504,C171,CRD0252,Incredible Connect,2025-12-23,13249.48,Purchase,Approved,1,POS
TXN059505,C350,CRD0525,Spur,2025-11-26,142.49,Purchase,Approved,0,POS
TXN059506,C060,CRD0093,Spur,2026-04-11,397.24,Payment,Declined,0,Online
TXN059507,C146,CRD0221,Mr Price,2025-11-24,178.42,Purchase,Approved,0,POS
TXN059508,C019,CRD0030,Checkers,2026-01-20,2561.11,Purchase,Approved,0,POS
TXN059509,C440,CRD0670,Apple iTunes,2026-01-14,110.0,Purchase,Declined,0,Online
TXN059510,C056,CRD0087,Google Play,2026-05-25,91.97,Purchase,Approved,0,Online
TXN059511,C439,CRD0669,Takealot,2026-01-17,1742.53,Purchase,Declined,0,Online
TXN059512,C281,CRD0408,Uber Eats,2025-12-27,284.82,Purchase,Approved,0,Online
TXN059513,C009,CRD0013,DStv,2026-01-27,155.95,Withdrawal,Approved,0,ATM
TXN059514,C230,CRD0335,Clicks,2025-11-22,157.41,Purchase,Pending,0,ATM
TXN059515,C417,CRD0633,Mr Price,2026-01-20,836.94,Purchase,Approved,0,ATM
TXN059516,C267,CRD0387,Builders Warehouse,2026-03-04,9882.13,Purchase,Approved,0,POS
TXN059517,C243,CRD0352,Vida e Caffe,2026-03-31,152.85,Purchase,Approved,0,ATM
TXN059518,C423,CRD0642,Samsung Store,2026-04-26,8984.7,Purchase,Approved,0,Online
TXN059519,C120,CRD0182,Steers,2025-12-21,236.11,Purchase,Approved,0,POS
TXN059520,C279,CRD0406,Google Play,2026-04-25,232.37,Purchase,Approved,0,Online
TXN059521,C403,CRD0608,Nandos,2026-03-07,20.73,Refund,Approved,0,POS
TXN059522,C544,CRD0798,Spur,2025-12-06,125.37,Purchase,Approved,0,POS
TXN059523,C252,CRD0365,Google Play,2026-03-01,80.85,Purchase,Approved,0,Online
TXN059524,C366,CRD0550,Apple iTunes,2026-02-25,348.55,Purchase,Approved,0,Online
TXN059525,C395,CRD0595,Bash.com,2026-02-20,2419.72,Withdrawal,Declined,0,Online
TXN059526,C322,CRD0477,Makro,2026-01-12,770.34,Payment,Approved,0,Online
TXN059527,C467,CRD0711,Spur,2025-11-22,436.49,Purchase,Approved,0,POS
TXN059528,C455,CRD0695,Ster-Kinekor,2026-04-26,171.46,Purchase,Approved,0,POS
TXN059529,C391,CRD0590,Pep,2026-02-10,20.7,Refund,Approved,0,Online
TXN059530,C146,CRD0220,Debonairs,2026-04-11,97.04,Payment,Approved,0,Online
TXN059531,C038,CRD0060,Cape Union Mart,2026-02-06,375.1,Withdrawal,Approved,0,ATM
TXN059532,C450,CRD0684,McDonalds,2025-12-28,109.49,Purchase,Approved,0,POS
TXN059533,C223,CRD0326,Steers,2026-01-26,47.84,Purchase,Approved,0,Online
TXN059534,C432,CRD0658,Cape Union Mart,2026-04-25,1555.32,Purchase,Approved,0,POS
TXN059535,C283,CRD0412,Apple iTunes,2025-12-25,303.27,Purchase,Approved,0,Online
TXN059536,C359,CRD0538,Steers,2026-02-26,155.84,Purchase,Declined,0,Online
TXN059537,C239,CRD0347,Spur,2026-01-07,289.05,Purchase,Declined,0,Online
TXN059538,C299,CRD0438,Totalsports,2025-12-10,870.86,Purchase,Approved,0,POS
TXN059539,C398,CRD0599,Google Play,2026-04-26,70.68,Withdrawal,Approved,0,Online
TXN059540,C338,CRD0505,Checkers,2026-02-28,873.72,Purchase,Approved,0,POS
TXN059541,C180,CRD0264,Truworths,2026-03-02,802.44,Purchase,Approved,0,POS
TXN059542,C395,CRD0595,Apple iTunes,2025-12-29,438.39,Purchase,Approved,0,Online
TXN059543,C199,CRD0293,Apple iTunes,2025-11-28,56.15,Refund,Approved,0,Online
TXN059544,C066,CRD0101,Vida e Caffe,2026-03-07,58.31,Purchase,Approved,0,POS
TXN059545,C257,CRD0370,Bash.com,2025-11-30,1404.54,Payment,Approved,0,Online
TXN059546,C512,CRD0766,Nandos,2026-02-28,401.57,Withdrawal,Approved,1,ATM
TXN059547,C136,CRD0205,Gold Reef City,2026-02-15,502.91,Purchase,Approved,0,POS
TXN059548,C405,CRD0613,Debonairs,2026-02-06,85.88,Withdrawal,Approved,0,ATM
TXN059549,C436,CRD0663,Vida e Caffe,2026-02-16,117.39,Purchase,Approved,0,POS
TXN059550,C059,CRD0092,Mr Price,2025-12-03,318.4,Purchase,Approved,0,POS
TXN059551,C049,CRD0078,TicketPro,2026-03-13,99.56,Refund,Approved,0,POS
TXN059552,C262,CRD0379,McDonalds,2026-04-24,209.37,Purchase,Approved,0,Online
TXN059553,C452,CRD0689,Ster-Kinekor,2026-04-28,248.46,Withdrawal,Pending,1,ATM
TXN059554,C493,CRD0743,Shell,2026-04-06,767.73,Purchase,Approved,0,POS
TXN059555,C278,CRD0403,Pep,2026-03-25,350.2,Purchase,Approved,0,Online
TXN059556,C075,CRD0117,Chicken Licken,2026-03-07,322.18,Purchase,Approved,1,Online
TXN059557,C328,CRD0488,McDonalds,2026-03-26,34.1,Refund,Declined,0,POS
TXN059558,C320,CRD0472,Netflix,2026-02-14,158.97,Withdrawal,Approved,0,Online
TXN059559,C274,CRD0397,Truworths,2025-11-30,253.64,Purchase,Approved,0,POS
TXN059560,C111,CRD0169,Google Play,2026-04-06,31.82,Purchase,Approved,0,Online
TXN059561,C028,CRD0048,Apple iTunes,2026-03-17,319.2,Purchase,Declined,0,Online
TXN059562,C505,CRD0759,Samsung Store,2026-01-22,1105.28,Purchase,Approved,0,POS
TXN059563,C425,CRD0646,McDonalds,2026-03-22,103.05,Payment,Approved,0,Online
TXN059564,C006,CRD0009,Dis-Chem,2025-11-27,569.69,Purchase,Approved,0,POS
TXN059565,C453,CRD0692,BP,2026-01-09,1265.29,Purchase,Declined,0,POS
TXN059566,C018,CRD0028,Truworths,2025-12-30,266.02,Purchase,Approved,0,ATM
TXN059567,C123,CRD0186,Dis-Chem,2026-01-28,721.74,Purchase,Approved,0,POS
TXN059568,C532,CRD0786,Nandos,2026-04-26,184.76,Payment,Approved,0,Online
TXN059569,C178,CRD0262,Wimpy,2025-12-11,72.32,Withdrawal,Approved,0,ATM
TXN059570,C297,CRD0435,Debonairs,2026-04-23,261.73,Purchase,Approved,0,POS
TXN059571,C484,CRD0732,Google Play,2026-04-08,69.55,Purchase,Approved,0,Online
TXN059572,C070,CRD0110,Woolworths,2026-03-25,445.86,Purchase,Approved,0,POS
TXN059573,C320,CRD0471,Google Play,2026-04-27,50.48,Purchase,Approved,0,Online
TXN059574,C351,CRD0526,Ster-Kinekor,2026-01-26,302.41,Payment,Approved,1,Online
TXN059575,C180,CRD0265,Pick n Pay,2026-04-25,1325.28,Purchase,Approved,0,POS
TXN059576,C152,CRD0229,Romans Pizza,2026-02-24,147.84,Purchase,Approved,0,POS
TXN059577,C126,CRD0190,Pick n Pay,2026-01-07,2794.86,Payment,Declined,0,Online
TXN059578,C495,CRD0747,Clicks,2026-04-20,167.17,Refund,Approved,1,POS
TXN059579,C427,CRD0650,Takealot,2026-03-08,2177.63,Purchase,Approved,0,Online
TXN059580,C251,CRD0363,Pep,2026-01-08,90.47,Purchase,Approved,0,Online
TXN059581,C129,CRD0194,KFC,2026-02-23,181.61,Withdrawal,Approved,0,ATM
TXN059582,C267,CRD0388,Bash.com,2026-01-28,918.88,Purchase,Approved,0,Online
TXN059583,C462,CRD0704,Europcar,2026-01-29,1654.1,Purchase,Approved,0,POS
TXN059584,C322,CRD0478,Apple iTunes,2026-03-28,114.45,Purchase,Declined,0,Online
TXN059585,C062,CRD0095,Mr Price,2026-04-26,571.38,Purchase,Approved,0,Online
TXN059586,C257,CRD0371,Steers,2026-04-27,171.82,Purchase,Declined,0,POS
TXN059587,C067,CRD0103,Takealot,2026-01-31,270.25,Purchase,Approved,0,Online
TXN059588,C274,CRD0398,Netflix,2026-01-25,128.35,Purchase,Declined,0,Online
TXN059589,C014,CRD0021,Truworths,2025-11-29,2788.44,Purchase,Declined,0,Online
TXN059590,C048,CRD0074,Pep,2026-03-18,288.2,Purchase,Approved,0,Online
TXN059591,C415,CRD0629,McDonalds,2025-12-22,48.74,Purchase,Pending,0,ATM
TXN059592,C011,CRD0017,Checkers,2026-02-23,370.92,Refund,Declined,0,POS
TXN059593,C267,CRD0388,City Lodge,2026-02-08,3138.07,Purchase,Approved,0,Online
TXN059594,C452,CRD0689,Amazon.co.za,2026-03-02,938.48,Purchase,Approved,0,Online
TXN059595,C349,CRD0524,Steers,2025-12-09,147.23,Purchase,Approved,0,ATM
TXN059596,C304,CRD0445,Uber Eats,2025-12-28,76.75,Purchase,Approved,0,Online
TXN059597,C039,CRD0062,Spur,2026-04-22,581.29,Withdrawal,Declined,0,ATM
TXN059598,C033,CRD0054,Spur,2025-12-30,144.06,Purchase,Approved,0,POS
TXN059599,C377,CRD0569,Wimpy,2025-12-25,87.63,Payment,Declined,0,Online
TXN059600,C033,CRD0054,TicketPro,2026-03-03,254.45,Purchase,Approved,0,Online
TXN059601,C541,CRD0795,Apple iTunes,2026-05-05,228.59,Withdrawal,Approved,0,Online
TXN059602,C010,CRD0016,Loot.co.za,2026-02-24,364.89,Refund,Approved,0,Online
TXN059603,C190,CRD0279,Loot.co.za,2026-03-11,1176.57,Purchase,Approved,0,Online
TXN059604,C545,CRD0799,Amazon.co.za,2026-02-11,3138.46,Purchase,Approved,0,Online
TXN059605,C194,CRD0285,Bash.com,2026-02-07,2639.11,Purchase,Approved,0,Online
TXN059606,C231,CRD0337,Apple iTunes,2026-01-20,57.41,Withdrawal,Approved,0,Online
TXN059607,C487,CRD0735,Romans Pizza,2026-01-25,174.94,Purchase,Approved,0,POS
TXN059608,C089,CRD0137,Montecasino,2026-05-26,312.99,Purchase,Approved,0,POS
TXN059609,C129,CRD0193,Vida e Caffe,2026-05-11,102.17,Purchase,Approved,0,Online
TXN059610,C204,CRD0299,Netflix,2025-12-10,128.5,Withdrawal,Approved,0,Online
TXN059611,C185,CRD0272,Uber Eats,2026-02-26,100.97,Purchase,Approved,0,Online
TXN059612,C332,CRD0496,Romans Pizza,2026-05-05,89.32,Purchase,Pending,0,POS
TXN059613,C142,CRD0214,Clicks,2026-03-18,191.46,Withdrawal,Approved,0,ATM
TXN059614,C040,CRD0063,Nandos,2026-03-14,96.68,Payment,Approved,0,Online
TXN059615,C137,CRD0206,Protea Hotels,2026-02-20,1516.94,Purchase,Approved,0,POS
TXN059616,C105,CRD0161,Pep,2026-05-06,366.27,Purchase,Approved,0,POS
TXN059617,C267,CRD0387,Woolworths,2026-03-25,1646.6,Purchase,Approved,0,POS
TXN059618,C514,CRD0768,Romans Pizza,2026-04-19,16.43,Refund,Approved,0,POS
TXN059619,C253,CRD0366,Steers,2026-04-25,127.16,Purchase,Approved,0,ATM
TXN059620,C406,CRD0616,Checkers,2025-12-06,1010.96,Withdrawal,Approved,0,ATM
TXN059621,C077,CRD0120,Debonairs,2026-01-30,67.8,Withdrawal,Approved,0,ATM
TXN059622,C408,CRD0618,Zando,2025-12-15,1194.25,Purchase,Approved,0,Online
TXN059623,C115,CRD0175,Pick n Pay,2026-02-25,1249.86,Purchase,Approved,0,ATM
TXN059624,C180,CRD0264,Debonairs,2025-12-26,290.55,Purchase,Approved,0,ATM
TXN059625,C019,CRD0031,Vida e Caffe,2026-04-14,154.31,Purchase,Approved,0,POS
TXN059626,C451,CRD0685,Amazon.co.za,2026-04-14,531.95,Purchase,Approved,0,Online
TXN059627,C194,CRD0285,Uber Eats,2026-04-24,82.9,Withdrawal,Approved,0,Online
TXN059628,C424,CRD0643,Mr Price,2025-12-13,173.75,Payment,Declined,0,Online
TXN059629,C493,CRD0743,Loot.co.za,2025-12-26,231.23,Purchase,Approved,0,Online
TXN059630,C365,CRD0546,ShowMax,2026-02-27,104.28,Purchase,Approved,0,Online
TXN059631,C200,CRD0295,Pep,2025-11-22,170.54,Purchase,Declined,0,POS
TXN059632,C435,CRD0662,Pep,2026-04-27,194.36,Withdrawal,Approved,0,ATM
TXN059633,C320,CRD0472,Truworths,2025-12-26,1139.67,Purchase,Approved,0,Online
TXN059634,C145,CRD0218,Amazon.co.za,2025-12-10,3136.36,Purchase,Declined,0,Online
TXN059635,C120,CRD0182,Game,2025-12-25,564.2,Refund,Approved,0,POS
TXN059636,C069,CRD0107,Nandos,2026-05-04,143.04,Purchase,Approved,0,POS
TXN059637,C298,CRD0436,Pep,2026-03-25,746.49,Payment,Approved,1,Online
TXN059638,C486,CRD0734,Pick n Pay,2026-01-27,2117.01,Purchase,Approved,0,Online
TXN059639,C346,CRD0517,Nu Metro,2026-04-21,331.44,Withdrawal,Approved,1,ATM
TXN059640,C274,CRD0398,McDonalds,2026-04-05,58.31,Withdrawal,Declined,0,ATM
TXN059641,C526,CRD0780,Truworths,2026-01-23,268.91,Purchase,Approved,0,POS
TXN059642,C388,CRD0586,McDonalds,2025-12-26,51.59,Purchase,Declined,0,Online
TXN059643,C078,CRD0121,Checkers,2026-03-26,394.2,Withdrawal,Approved,0,ATM
TXN059644,C106,CRD0162,Pep,2026-01-29,168.87,Withdrawal,Approved,0,ATM
TXN059645,C502,CRD0756,Kulula,2026-01-24,1843.41,Purchase,Declined,0,Online
TXN059646,C270,CRD0392,Pep,2026-01-10,76.25,Purchase,Approved,0,POS
TXN059647,C220,CRD0322,Amazon.co.za,2026-05-06,3324.85,Purchase,Approved,0,Online
TXN059648,C120,CRD0183,Steers,2026-04-02,160.4,Purchase,Approved,0,POS
TXN059649,C369,CRD0555,Loot.co.za,2026-01-26,804.82,Purchase,Approved,0,Online
TXN059650,C038,CRD0059,KFC,2026-01-05,43.23,Withdrawal,Approved,0,ATM
TXN059651,C364,CRD0545,Dis-Chem,2026-01-02,356.39,Withdrawal,Approved,0,ATM
TXN059652,C260,CRD0377,Zando,2026-01-26,1800.37,Purchase,Approved,0,Online
TXN059653,C405,CRD0613,Apple iTunes,2026-02-26,121.74,Purchase,Approved,0,Online
TXN059654,C272,CRD0395,Woolworths,2026-04-28,516.14,Purchase,Approved,0,POS
TXN059655,C003,CRD0003,Romans Pizza,2026-05-01,107.32,Purchase,Approved,0,Online
TXN059656,C469,CRD0713,Google Play,2026-01-28,132.29,Purchase,Approved,0,Online
TXN059657,C269,CRD0390,Nu Metro,2026-01-08,286.12,Purchase,Approved,1,Online
TXN059658,C283,CRD0412,Romans Pizza,2026-03-20,301.05,Purchase,Approved,0,Online
TXN059659,C453,CRD0692,Pep,2026-03-08,32.72,Payment,Approved,0,Online
TXN059660,C453,CRD0691,Makro,2025-12-06,5484.46,Purchase,Approved,0,POS
TXN059661,C175,CRD0258,Spotify,2026-01-04,87.79,Purchase,Approved,1,Online
TXN059662,C159,CRD0237,Mugg and Bean,2026-04-07,98.21,Payment,Approved,0,Online
TXN059663,C158,CRD0236,Debonairs,2025-12-26,203.68,Withdrawal,Approved,0,ATM
TXN059664,C298,CRD0437,Clicks,2025-12-10,999.31,Withdrawal,Approved,1,ATM
TXN059665,C445,CRD0676,Foschini,2026-05-04,736.05,Purchase,Approved,0,Online
TXN059666,C215,CRD0315,Superbalist,2026-04-25,1250.37,Purchase,Approved,0,Online
TXN059667,C200,CRD0294,Loot.co.za,2026-03-26,484.26,Payment,Declined,0,Online
TXN059668,C138,CRD0209,Superbalist,2025-11-30,997.14,Payment,Approved,0,Online
TXN059669,C166,CRD0247,Faithful to Nature,2026-04-27,760.02,Purchase,Declined,0,Online
TXN059670,C537,CRD0791,Clicks,2025-12-11,227.21,Purchase,Approved,0,POS
TXN059671,C237,CRD0343,Vida e Caffe,2025-12-27,97.05,Purchase,Approved,0,POS
TXN059672,C084,CRD0128,Wimpy,2025-12-19,89.78,Withdrawal,Approved,0,ATM
TXN059673,C082,CRD0126,Amazon.co.za,2026-01-23,520.53,Refund,Declined,0,Online
TXN059674,C017,CRD0026,Totalsports,2026-01-27,950.09,Purchase,Approved,0,POS
TXN059675,C190,CRD0278,Google Play,2026-01-24,188.1,Withdrawal,Approved,0,Online
TXN059676,C464,CRD0706,Mugg and Bean,2025-11-30,23.65,Refund,Approved,0,POS
TXN059677,C473,CRD0719,Apple iTunes,2026-04-26,438.81,Purchase,Approved,0,Online
TXN059678,C127,CRD0191,Google Play,2026-01-12,58.67,Purchase,Approved,0,Online
TXN059679,C535,CRD0789,TicketPro,2025-12-28,865.35,Purchase,Approved,0,POS
TXN059680,C286,CRD0416,Pep,2026-04-12,260.04,Purchase,Approved,0,Online
TXN059681,C411,CRD0623,Clicks,2025-11-28,36.54,Purchase,Approved,0,ATM
TXN059682,C541,CRD0795,Dis-Chem,2026-03-28,706.2,Payment,Approved,0,Online
TXN059683,C069,CRD0107,Wimpy,2026-04-27,154.92,Payment,Approved,0,Online
TXN059684,C168,CRD0249,Makro,2026-02-23,4632.04,Purchase,Approved,0,POS
TXN059685,C488,CRD0737,KFC,2026-03-27,192.1,Purchase,Approved,0,ATM
TXN059686,C439,CRD0669,Pep,2026-01-01,292.03,Withdrawal,Declined,0,ATM
TXN059687,C134,CRD0202,Loot.co.za,2026-04-03,1910.06,Purchase,Approved,0,Online
TXN059688,C266,CRD0384,Amazon.co.za,2026-05-02,3483.97,Purchase,Approved,0,Online
TXN059689,C095,CRD0146,Spur,2026-04-19,121.19,Withdrawal,Approved,0,ATM
TXN059690,C436,CRD0663,TicketPro,2026-01-20,339.02,Purchase,Approved,0,Online
TXN059691,C351,CRD0526,Debonairs,2026-04-05,428.14,Purchase,Declined,0,Online
TXN059692,C415,CRD0629,Mr Price,2025-12-28,358.78,Purchase,Approved,0,Online
TXN059693,C320,CRD0471,Vida e Caffe,2026-03-31,68.39,Purchase,Approved,0,ATM
TXN059694,C420,CRD0637,Ocean Basket,2026-04-12,407.82,Purchase,Approved,0,POS
TXN059695,C442,CRD0673,Builders Warehouse,2026-02-24,22261.83,Purchase,Approved,1,POS
TXN059696,C355,CRD0534,McDonalds,2025-12-28,67.65,Purchase,Approved,0,POS
TXN059697,C274,CRD0397,McDonalds,2026-01-13,197.19,Withdrawal,Approved,1,ATM
TXN059698,C400,CRD0603,KFC,2026-04-14,44.61,Withdrawal,Declined,0,ATM
TXN059699,C182,CRD0269,Google Play,2025-12-26,95.04,Withdrawal,Approved,0,Online
TXN059700,C188,CRD0275,Debonairs,2025-12-26,68.54,Purchase,Approved,0,POS
TXN059701,C404,CRD0610,Spur,2026-05-25,596.35,Payment,Approved,0,Online
TXN059702,C211,CRD0311,Steers,2026-05-25,179.24,Purchase,Approved,0,POS
TXN059703,C115,CRD0175,Steers,2026-03-11,164.39,Purchase,Approved,0,POS
TXN059704,C411,CRD0623,Dis-Chem,2026-04-27,197.22,Refund,Approved,0,POS
TXN059705,C258,CRD0373,Vida e Caffe,2026-01-29,151.6,Purchase,Declined,0,Online
TXN059706,C453,CRD0691,McDonalds,2026-05-05,97.28,Purchase,Approved,0,POS
TXN059707,C297,CRD0435,Loot.co.za,2026-01-27,1396.64,Purchase,Approved,0,Online
TXN059708,C475,CRD0721,Checkers,2025-12-20,1858.21,Purchase,Approved,0,Online
TXN059709,C518,CRD0772,Apple iTunes,2025-12-30,293.56,Purchase,Approved,0,Online
TXN059710,C400,CRD0604,Ocean Basket,2026-01-03,546.45,Purchase,Approved,0,POS
TXN059711,C173,CRD0255,McDonalds,2026-04-12,144.06,Withdrawal,Approved,0,ATM
TXN059712,C390,CRD0588,Steers,2026-03-20,79.69,Purchase,Approved,0,POS
TXN059713,C425,CRD0645,Apple iTunes,2026-04-26,114.91,Purchase,Declined,0,Online
TXN059714,C218,CRD0320,Mugg and Bean,2026-04-25,263.79,Purchase,Approved,0,POS
TXN059715,C006,CRD0009,Google Play,2026-02-07,68.23,Refund,Approved,0,Online
TXN059716,C481,CRD0729,ShowMax,2026-02-02,92.96,Payment,Approved,0,Online
TXN059717,C317,CRD0468,Clicks,2025-11-30,314.45,Purchase,Approved,0,POS
TXN059718,C278,CRD0402,Dis-Chem,2025-12-21,200.91,Purchase,Approved,0,Online
TXN059719,C051,CRD0080,Takealot,2025-12-30,1103.6,Purchase,Approved,0,Online
TXN059720,C474,CRD0720,McDonalds,2026-03-05,56.14,Purchase,Approved,0,POS
TXN059721,C065,CRD0099,Amazon.co.za,2026-04-11,2397.21,Purchase,Approved,0,Online
TXN059722,C499,CRD0753,Dis-Chem,2026-03-30,661.0,Purchase,Approved,0,ATM
TXN059723,C093,CRD0144,Pep,2026-04-12,74.61,Purchase,Approved,0,Online
TXN059724,C067,CRD0103,Apple iTunes,2025-11-22,198.78,Purchase,Approved,0,Online
TXN059725,C304,CRD0446,Checkers,2026-03-21,1746.65,Purchase,Approved,0,POS
TXN059726,C198,CRD0291,KFC,2026-05-13,91.9,Withdrawal,Approved,0,ATM
TXN059727,C158,CRD0236,Vida e Caffe,2026-01-28,65.01,Purchase,Approved,0,ATM
TXN059728,C358,CRD0537,Zando,2026-02-12,708.44,Purchase,Declined,0,Online
TXN059729,C223,CRD0326,Loot.co.za,2026-04-07,475.46,Purchase,Pending,0,Online
TXN059730,C443,CRD0674,Nu Metro,2026-02-26,167.62,Purchase,Approved,0,Online
TXN059731,C152,CRD0229,Cape Union Mart,2026-03-22,883.72,Withdrawal,Approved,0,ATM
TXN059732,C176,CRD0259,Mr Price,2026-03-04,307.52,Purchase,Declined,0,POS
TXN059733,C271,CRD0393,Amazon.co.za,2026-05-13,4569.53,Withdrawal,Approved,0,Online
TXN059734,C245,CRD0354,Spur,2026-03-07,175.62,Purchase,Approved,0,POS
TXN059735,C257,CRD0370,Google Play,2026-03-28,25.56,Purchase,Approved,0,Online
TXN059736,C206,CRD0302,Vida e Caffe,2026-01-27,142.5,Purchase,Approved,0,Online
TXN059737,C309,CRD0453,Game,2026-04-14,5351.34,Payment,Approved,0,Online
TXN059738,C333,CRD0497,Apple iTunes,2026-04-26,61.69,Purchase,Approved,0,Online
TXN059739,C134,CRD0202,Wimpy,2026-01-08,250.14,Purchase,Approved,0,Online
TXN059740,C036,CRD0057,McDonalds,2026-04-05,145.62,Purchase,Approved,0,Online
TXN059741,C370,CRD0556,Nu Metro,2026-01-27,294.49,Withdrawal,Approved,1,ATM
TXN059742,C535,CRD0789,Vida e Caffe,2026-01-25,53.27,Withdrawal,Approved,0,ATM
TXN059743,C111,CRD0169,Steers,2026-01-03,172.94,Purchase,Approved,0,POS
TXN059744,C501,CRD0755,Debonairs,2025-11-30,67.35,Purchase,Approved,0,Online
TXN059745,C193,CRD0283,Google Play,2026-02-27,120.75,Purchase,Approved,0,Online
TXN059746,C366,CRD0549,Loot.co.za,2026-01-05,1575.88,Purchase,Approved,0,Online
TXN059747,C284,CRD0413,Zando,2026-05-12,2549.3,Purchase,Approved,0,Online
TXN059748,C283,CRD0412,Nandos,2026-01-24,147.26,Purchase,Approved,0,POS
TXN059749,C529,CRD0783,Google Play,2025-11-26,115.19,Purchase,Approved,0,Online
TXN059750,C247,CRD0357,Apple iTunes,2025-12-07,417.87,Purchase,Approved,1,Online
TXN059751,C263,CRD0381,Clicks,2026-03-24,495.91,Purchase,Approved,0,ATM
TXN059752,C451,CRD0685,TicketPro,2026-03-17,278.45,Payment,Declined,0,Online
TXN059753,C415,CRD0630,Chicken Licken,2026-02-05,73.04,Purchase,Approved,0,ATM
TXN059754,C387,CRD0585,Google Play,2026-04-16,168.24,Purchase,Approved,0,Online
TXN059755,C158,CRD0236,Spotify,2025-12-17,50.87,Purchase,Approved,0,Online
TXN059756,C509,CRD0763,Google Play,2026-05-08,269.56,Payment,Approved,1,Online
TXN059757,C204,CRD0299,Spotify,2026-02-22,57.34,Purchase,Approved,0,Online
TXN059758,C188,CRD0276,Nandos,2025-12-03,277.6,Purchase,Approved,0,POS
TXN059759,C429,CRD0653,Vida e Caffe,2026-04-04,159.85,Purchase,Declined,0,POS
TXN059760,C235,CRD0341,Vida e Caffe,2026-02-17,104.28,Purchase,Approved,0,POS
TXN059761,C096,CRD0148,McDonalds,2026-03-28,127.19,Purchase,Approved,0,Online
TXN059762,C547,CRD0801,Spotify,2026-05-04,55.59,Purchase,Approved,0,Online
TXN059763,C101,CRD0155,Apple iTunes,2026-03-25,35.81,Purchase,Approved,0,Online
TXN059764,C132,CRD0198,KFC,2025-12-05,156.68,Purchase,Approved,0,POS
TXN059765,C382,CRD0575,ShowMax,2026-02-17,77.4,Purchase,Approved,0,Online
TXN059766,C112,CRD0172,Nandos,2026-01-23,299.31,Purchase,Approved,0,Online
TXN059767,C047,CRD0073,Totalsports,2026-03-28,727.66,Purchase,Approved,0,Online
TXN059768,C251,CRD0363,Pep,2026-04-26,47.33,Refund,Approved,0,POS
TXN059769,C290,CRD0423,Pick n Pay,2026-04-28,581.86,Purchase,Approved,0,Online
TXN059770,C335,CRD0501,KFC,2025-12-28,64.77,Purchase,Approved,0,POS
TXN059771,C119,CRD0180,Pick n Pay,2026-03-19,130.6,Purchase,Approved,0,POS
TXN059772,C185,CRD0272,Takealot,2026-03-02,304.56,Refund,Approved,0,Online
TXN059773,C494,CRD0745,Superbalist,2025-12-02,1595.82,Purchase,Pending,0,Online
TXN059774,C152,CRD0229,McDonalds,2026-03-11,39.3,Refund,Approved,0,POS
TXN059775,C457,CRD0697,Debonairs,2026-03-10,86.18,Purchase,Approved,0,POS
TXN059776,C101,CRD0155,Apple iTunes,2026-01-26,136.95,Purchase,Declined,0,Online
TXN059777,C358,CRD0537,Uber Eats,2026-04-30,105.08,Purchase,Approved,0,Online
TXN059778,C021,CRD0034,City Lodge,2025-12-15,2170.6,Purchase,Approved,0,POS
TXN059779,C277,CRD0401,Steers,2026-04-22,74.1,Purchase,Approved,0,ATM
TXN059780,C003,CRD0003,Nandos,2026-01-12,92.97,Purchase,Declined,0,Online
TXN059781,C425,CRD0644,DStv,2026-03-01,335.91,Purchase,Approved,0,POS
TXN059782,C448,CRD0681,Apple iTunes,2026-01-12,388.55,Withdrawal,Approved,0,Online
TXN059783,C356,CRD0535,McDonalds,2025-11-24,164.58,Purchase,Approved,0,POS
TXN059784,C120,CRD0181,Vida e Caffe,2025-11-22,128.13,Withdrawal,Approved,0,ATM
TXN059785,C162,CRD0240,Debonairs,2025-12-28,84.15,Purchase,Approved,0,Online
TXN059786,C182,CRD0269,Vida e Caffe,2025-11-25,10.8,Refund,Approved,0,Online
TXN059787,C367,CRD0552,Avis SA,2026-01-28,551.82,Purchase,Approved,0,Online
TXN059788,C177,CRD0260,Gold Reef City,2026-05-06,155.67,Purchase,Approved,0,POS
TXN059789,C497,CRD0750,KFC,2026-01-14,195.85,Purchase,Approved,0,POS
TXN059790,C069,CRD0107,Google Play,2026-04-25,158.43,Withdrawal,Approved,0,Online
TXN059791,C072,CRD0113,Cape Union Mart,2026-03-11,634.6,Purchase,Approved,0,POS
TXN059792,C058,CRD0091,Pick n Pay,2026-01-22,735.45,Purchase,Approved,0,Online
TXN059793,C449,CRD0682,Chicken Licken,2026-03-21,101.21,Purchase,Approved,0,POS
TXN059794,C495,CRD0746,Wimpy,2026-04-11,330.87,Purchase,Approved,0,Online
TXN059795,C490,CRD0739,Nandos,2026-04-30,224.36,Purchase,Declined,0,POS
TXN059796,C109,CRD0166,Wimpy,2026-02-16,109.9,Purchase,Approved,0,Online
TXN059797,C547,CRD0801,Google Play,2026-03-25,125.8,Purchase,Approved,0,Online
TXN059798,C313,CRD0463,Sportsmans Whouse,2026-05-18,3988.32,Withdrawal,Approved,0,ATM
TXN059799,C527,CRD0781,Clicks,2025-11-25,108.52,Purchase,Approved,0,Online
TXN059800,C423,CRD0642,Takealot,2026-04-25,4993.0,Purchase,Declined,0,Online
TXN059801,C184,CRD0271,Steers,2025-12-09,95.17,Withdrawal,Approved,0,ATM
TXN059802,C339,CRD0508,Foschini,2026-03-19,1279.89,Purchase,Approved,0,Online
TXN059803,C356,CRD0535,BP,2026-04-11,659.11,Purchase,Approved,0,Online
TXN059804,C290,CRD0423,Pep,2026-01-27,321.51,Withdrawal,Declined,0,ATM
TXN059805,C366,CRD0549,ShowMax,2026-03-28,96.53,Purchase,Approved,0,Online
TXN059806,C371,CRD0559,Debonairs,2026-03-14,168.81,Purchase,Approved,0,Online
TXN059807,C058,CRD0091,Bash.com,2026-03-25,1289.13,Purchase,Approved,0,Online
TXN059808,C237,CRD0343,Steers,2026-04-20,132.98,Payment,Approved,0,Online
TXN059809,C311,CRD0457,Uber Eats,2026-02-27,111.37,Withdrawal,Approved,0,Online
TXN059810,C072,CRD0112,Woolworths,2026-05-06,1839.93,Purchase,Approved,0,POS
TXN059811,C339,CRD0509,Game,2026-01-26,4920.34,Payment,Approved,0,Online
TXN059812,C304,CRD0446,Clicks,2026-03-09,375.45,Purchase,Approved,0,Online
TXN059813,C399,CRD0602,Foschini,2025-12-27,2431.59,Purchase,Approved,0,POS
TXN059814,C323,CRD0479,Takealot,2026-01-26,612.09,Purchase,Pending,0,Online
TXN059815,C473,CRD0719,Ocean Basket,2026-04-26,403.15,Purchase,Approved,0,POS
TXN059816,C430,CRD0654,Google Play,2026-02-03,26.22,Payment,Approved,0,Online
TXN059817,C336,CRD0503,Totalsports,2026-01-11,3223.43,Withdrawal,Approved,1,ATM
TXN059818,C040,CRD0063,Uber Eats,2025-12-14,113.69,Purchase,Approved,0,Online
TXN059819,C065,CRD0099,Pep,2025-12-25,285.97,Purchase,Approved,0,Online
TXN059820,C477,CRD0725,Pep,2026-01-25,673.47,Purchase,Approved,1,Online
TXN059821,C410,CRD0622,Nandos,2026-01-13,252.51,Purchase,Approved,0,POS
TXN059822,C010,CRD0015,Clicks,2025-12-24,136.73,Refund,Approved,0,POS
TXN059823,C137,CRD0207,Faithful to Nature,2026-02-28,1116.1,Withdrawal,Approved,0,Online
TXN059824,C181,CRD0266,KFC,2026-01-31,134.64,Purchase,Approved,0,POS
TXN059825,C271,CRD0394,Nu Metro,2026-04-23,250.07,Purchase,Approved,0,POS
TXN059826,C138,CRD0210,KFC,2026-04-26,115.0,Purchase,Approved,0,Online
TXN059827,C505,CRD0759,Romans Pizza,2026-04-18,23.43,Refund,Approved,0,ATM
TXN059828,C229,CRD0332,Foschini,2026-05-01,668.37,Purchase,Approved,0,POS
TXN059829,C326,CRD0485,Europcar,2026-04-01,1217.09,Purchase,Approved,0,Online
TXN059830,C530,CRD0784,Romans Pizza,2026-02-28,68.24,Withdrawal,Approved,0,ATM
TXN059831,C453,CRD0690,DStv,2026-01-05,264.06,Withdrawal,Approved,0,ATM
TXN059832,C268,CRD0389,Edgars,2025-11-26,1315.28,Purchase,Approved,0,POS
TXN059833,C229,CRD0333,Romans Pizza,2025-12-25,89.31,Purchase,Declined,0,POS
TXN059834,C499,CRD0753,TicketPro,2026-03-26,657.98,Purchase,Approved,0,Online
TXN059835,C482,CRD0730,BP,2026-01-25,1346.67,Payment,Approved,0,Online
TXN059836,C425,CRD0644,Steers,2026-05-14,116.13,Payment,Approved,0,Online
TXN059837,C021,CRD0035,Spotify,2026-04-11,69.05,Purchase,Pending,0,Online
TXN059838,C406,CRD0616,Uber Eats,2026-01-29,197.45,Purchase,Approved,0,Online
TXN059839,C239,CRD0346,Nandos,2025-12-10,280.33,Payment,Approved,0,Online
TXN059840,C255,CRD0368,Google Play,2025-12-17,415.98,Purchase,Approved,1,Online
TXN059841,C320,CRD0473,Checkers,2026-04-09,2354.1,Withdrawal,Approved,0,ATM
TXN059842,C247,CRD0357,Pick n Pay,2025-12-06,59.7,Withdrawal,Approved,0,ATM
TXN059843,C342,CRD0512,Loot.co.za,2026-02-23,1060.13,Purchase,Approved,0,Online
TXN059844,C308,CRD0451,Google Play,2025-11-26,167.81,Purchase,Approved,0,Online
TXN059845,C111,CRD0169,Spotify,2026-02-01,52.35,Withdrawal,Approved,0,Online
TXN059846,C403,CRD0607,Chicken Licken,2026-05-06,196.39,Purchase,Approved,0,Online
TXN059847,C450,CRD0683,Pep,2026-02-02,289.05,Purchase,Approved,0,Online
TXN059848,C404,CRD0610,Pick n Pay,2026-02-27,1509.44,Purchase,Approved,0,POS
TXN059849,C438,CRD0667,Edgars,2026-05-18,226.06,Withdrawal,Approved,0,ATM
TXN059850,C330,CRD0492,Amazon.co.za,2025-12-14,364.19,Purchase,Approved,0,Online
TXN059851,C006,CRD0009,Faithful to Nature,2026-02-25,1456.58,Purchase,Approved,0,Online
TXN059852,C036,CRD0057,Spur,2025-12-12,203.63,Payment,Pending,0,Online
TXN059853,C058,CRD0090,TicketPro,2025-12-28,457.47,Purchase,Approved,0,Online
TXN059854,C137,CRD0206,McDonalds,2026-05-04,76.34,Purchase,Approved,0,Online
TXN059855,C363,CRD0542,Pep,2026-05-05,683.78,Purchase,Approved,1,Online
TXN059856,C055,CRD0085,Truworths,2026-03-25,899.4,Purchase,Approved,0,POS
TXN059857,C173,CRD0256,Vida e Caffe,2026-04-11,147.53,Purchase,Approved,0,ATM
TXN059858,C463,CRD0705,BP,2026-04-25,1139.28,Purchase,Approved,0,POS
TXN059859,C531,CRD0785,Loot.co.za,2025-12-25,2278.3,Purchase,Approved,1,Online
TXN059860,C021,CRD0036,Chicken Licken,2026-04-18,124.91,Purchase,Approved,0,POS
TXN059861,C540,CRD0794,Ster-Kinekor,2026-03-26,213.88,Payment,Approved,0,Online
TXN059862,C256,CRD0369,Checkers,2026-02-27,290.94,Purchase,Approved,0,Online
TXN059863,C417,CRD0633,Gold Reef City,2025-11-28,364.37,Purchase,Approved,0,Online
TXN059864,C543,CRD0797,Wimpy,2025-12-11,120.61,Purchase,Approved,0,POS
TXN059865,C041,CRD0064,KFC,2026-03-28,110.44,Withdrawal,Approved,0,ATM
TXN059866,C130,CRD0196,Clicks,2026-03-18,70.45,Payment,Approved,0,Online
TXN059867,C192,CRD0282,Debonairs,2026-02-25,152.75,Payment,Approved,0,Online
TXN059868,C043,CRD0068,Mr Price,2026-04-21,697.21,Purchase,Approved,0,Online
TXN059869,C267,CRD0387,Google Play,2025-12-06,233.75,Purchase,Approved,0,Online
TXN059870,C440,CRD0671,ShowMax,2026-03-27,40.92,Purchase,Approved,0,Online
TXN059871,C321,CRD0476,City Lodge,2026-01-17,2506.05,Purchase,Approved,0,ATM
TXN059872,C181,CRD0266,Takealot,2026-01-27,2742.9,Purchase,Approved,0,Online
TXN059873,C072,CRD0113,Google Play,2026-03-28,51.01,Payment,Approved,0,Online
TXN059874,C149,CRD0224,Bash.com,2026-05-09,852.94,Purchase,Approved,0,Online
TXN059875,C390,CRD0589,Avis SA,2026-01-26,1278.53,Purchase,Declined,0,Online
TXN059876,C001,CRD0001,Vida e Caffe,2026-05-08,92.49,Purchase,Approved,0,POS
TXN059877,C249,CRD0359,Dis-Chem,2025-12-03,775.13,Withdrawal,Approved,0,ATM
TXN059878,C321,CRD0474,Woolworths,2026-05-06,502.08,Purchase,Approved,0,POS
TXN059879,C478,CRD0726,Truworths,2026-01-08,268.76,Purchase,Approved,0,POS
TXN059880,C464,CRD0707,Wimpy,2026-03-13,84.5,Purchase,Approved,0,Online
TXN059881,C399,CRD0602,Debonairs,2025-12-26,139.06,Purchase,Approved,0,Online
TXN059882,C030,CRD0050,Mr Price,2026-04-29,606.8,Payment,Approved,0,Online
TXN059883,C033,CRD0054,Dis-Chem,2025-12-25,319.77,Withdrawal,Approved,0,ATM
TXN059884,C059,CRD0092,Clicks,2026-02-16,279.83,Purchase,Approved,0,POS
TXN059885,C192,CRD0282,Vida e Caffe,2026-01-24,61.06,Purchase,Approved,0,POS
TXN059886,C230,CRD0336,Uber Eats,2026-01-02,88.54,Withdrawal,Approved,0,Online
TXN059887,C096,CRD0149,Nu Metro,2026-03-29,188.82,Purchase,Approved,0,Online
TXN059888,C087,CRD0132,Woolworths,2026-03-21,335.15,Purchase,Declined,0,POS
TXN059889,C251,CRD0363,KFC,2026-03-06,83.49,Purchase,Approved,0,POS
TXN059890,C379,CRD0571,Foschini,2026-04-17,271.98,Purchase,Approved,0,POS
TXN059891,C096,CRD0148,Apple iTunes,2026-01-11,278.39,Purchase,Declined,0,Online
TXN059892,C182,CRD0268,Truworths,2026-03-30,2083.44,Purchase,Approved,1,POS
TXN059893,C172,CRD0254,Spotify,2026-03-01,59.71,Purchase,Approved,0,Online
TXN059894,C453,CRD0691,Mr Price,2026-03-27,439.79,Purchase,Approved,0,ATM
TXN059895,C427,CRD0651,Google Play,2026-01-31,59.19,Purchase,Declined,0,Online
TXN059896,C248,CRD0358,Chicken Licken,2026-03-15,142.22,Purchase,Approved,0,POS
TXN059897,C346,CRD0517,Google Play,2026-05-14,92.32,Purchase,Approved,0,Online
TXN059898,C071,CRD0111,KFC,2026-05-03,49.34,Withdrawal,Approved,0,ATM
TXN059899,C372,CRD0560,Romans Pizza,2026-04-27,234.27,Purchase,Approved,0,ATM
TXN059900,C379,CRD0571,Dis-Chem,2026-05-28,1091.17,Purchase,Approved,0,POS
TXN059901,C259,CRD0374,Spur,2026-05-03,199.48,Purchase,Approved,0,Online
TXN059902,C385,CRD0582,Clicks,2025-12-26,91.0,Purchase,Declined,0,POS
TXN059903,C057,CRD0089,Pep,2026-03-29,95.95,Purchase,Approved,0,POS
TXN059904,C170,CRD0251,DStv,2025-12-03,323.7,Withdrawal,Approved,0,ATM
TXN059905,C105,CRD0160,Cape Union Mart,2026-01-26,395.58,Refund,Approved,0,POS
TXN059906,C010,CRD0016,Checkers,2026-03-14,524.79,Withdrawal,Approved,0,ATM
TXN059907,C047,CRD0073,Uber Eats,2026-02-15,168.99,Purchase,Approved,0,Online
TXN059908,C327,CRD0486,Apple iTunes,2025-11-28,30.4,Purchase,Approved,0,Online
TXN059909,C420,CRD0638,Clicks,2026-04-25,692.72,Purchase,Approved,0,Online
TXN059910,C257,CRD0371,Pep,2026-04-18,64.06,Purchase,Approved,0,POS
TXN059911,C252,CRD0364,Bash.com,2026-02-26,2232.3,Purchase,Approved,0,Online
TXN059912,C239,CRD0346,Pick n Pay,2025-12-27,1744.1,Purchase,Approved,0,ATM
TXN059913,C090,CRD0138,Loot.co.za,2026-05-18,444.39,Purchase,Approved,0,Online
TXN059914,C436,CRD0663,Vida e Caffe,2026-02-07,94.94,Purchase,Approved,0,POS
TXN059915,C413,CRD0625,Google Play,2026-03-11,64.09,Purchase,Approved,0,Online
TXN059916,C199,CRD0292,Montecasino,2026-02-01,479.02,Purchase,Approved,0,POS
TXN059917,C372,CRD0560,Romans Pizza,2026-01-26,43.21,Refund,Approved,0,POS
TXN059918,C278,CRD0402,Takealot,2025-11-25,1687.11,Purchase,Approved,0,Online
TXN059919,C535,CRD0789,Nu Metro,2026-02-25,169.62,Purchase,Approved,0,Online
TXN059920,C414,CRD0628,Steers,2026-01-19,166.12,Purchase,Approved,0,POS
TXN059921,C033,CRD0054,Dis-Chem,2025-11-21,360.92,Purchase,Declined,0,POS
TXN059922,C433,CRD0660,Pep,2025-12-26,152.1,Payment,Approved,0,Online
TXN059923,C482,CRD0730,Debonairs,2025-11-30,84.91,Purchase,Approved,0,POS
TXN059924,C171,CRD0253,Takealot,2026-05-01,2712.19,Purchase,Approved,0,Online
TXN059925,C042,CRD0067,Mugg and Bean,2025-11-27,45.22,Refund,Approved,0,Online
TXN059926,C165,CRD0244,Steers,2026-04-01,182.76,Purchase,Approved,0,POS
TXN059927,C224,CRD0327,Romans Pizza,2025-12-26,118.65,Purchase,Approved,0,Online
TXN059928,C275,CRD0399,Pep,2026-01-18,183.14,Payment,Declined,0,Online
TXN059929,C209,CRD0307,Chicken Licken,2026-03-25,134.22,Purchase,Approved,0,Online
TXN059930,C426,CRD0649,Pep,2025-11-23,340.94,Purchase,Approved,0,Online
TXN059931,C359,CRD0538,Google Play,2025-12-28,96.56,Purchase,Approved,0,Online
TXN059932,C258,CRD0372,Takealot,2026-02-26,2643.99,Purchase,Pending,0,Online
TXN059933,C042,CRD0067,Nu Metro,2026-02-28,83.16,Purchase,Approved,0,POS
TXN059934,C405,CRD0613,Mr Price,2025-11-23,359.05,Purchase,Approved,0,POS
TXN059935,C496,CRD0748,Apple iTunes,2026-03-27,384.22,Purchase,Declined,0,Online
TXN059936,C103,CRD0158,Nandos,2026-02-25,118.95,Purchase,Approved,0,POS
TXN059937,C398,CRD0599,Steers,2026-02-16,17.41,Refund,Approved,0,POS
TXN059938,C087,CRD0132,Gold Reef City,2026-02-18,289.04,Purchase,Approved,0,POS
TXN059939,C097,CRD0150,Apple iTunes,2026-04-27,210.03,Purchase,Approved,0,Online
TXN059940,C375,CRD0565,Mr Price,2026-02-28,738.95,Payment,Approved,0,Online
TXN059941,C266,CRD0386,Checkers,2025-12-27,462.02,Refund,Approved,0,Online
TXN059942,C439,CRD0668,Google Play,2026-04-06,299.46,Withdrawal,Approved,0,Online
TXN059943,C365,CRD0546,Bash.com,2026-02-11,2261.19,Purchase,Declined,0,Online
TXN059944,C105,CRD0161,Spur,2025-12-23,762.71,Purchase,Approved,1,Online
TXN059945,C031,CRD0051,Mugg and Bean,2026-01-03,133.03,Payment,Approved,0,Online
TXN059946,C521,CRD0775,Uber Eats,2026-05-05,234.17,Purchase,Approved,0,Online
TXN059947,C406,CRD0615,Chicken Licken,2025-12-03,130.68,Purchase,Approved,0,POS
TXN059948,C330,CRD0492,Pep,2026-03-06,70.67,Withdrawal,Approved,0,ATM
TXN059949,C348,CRD0520,Spur,2026-04-11,143.35,Purchase,Approved,0,POS
TXN059950,C403,CRD0607,Netflix,2026-01-07,188.78,Purchase,Approved,0,Online
TXN059951,C063,CRD0097,Steers,2026-03-14,53.19,Withdrawal,Declined,0,ATM
TXN059952,C120,CRD0181,BP,2026-01-21,537.18,Purchase,Approved,0,POS
TXN059953,C171,CRD0252,Pep,2025-11-25,105.68,Purchase,Declined,0,POS
TXN059954,C249,CRD0361,Pick n Pay,2026-01-25,539.17,Refund,Approved,0,ATM
TXN059955,C365,CRD0546,Uber Eats,2026-03-28,89.3,Refund,Approved,1,Online
TXN059956,C218,CRD0320,Samsung Store,2026-03-18,5332.5,Withdrawal,Approved,0,ATM
TXN059957,C332,CRD0495,Google Play,2025-11-28,79.48,Purchase,Approved,0,Online
TXN059958,C215,CRD0315,Game,2026-04-26,4215.16,Purchase,Approved,0,Online
TXN059959,C356,CRD0535,Takealot,2025-12-25,2896.9,Purchase,Approved,0,Online
TXN059960,C491,CRD0741,Loot.co.za,2025-11-29,485.63,Refund,Approved,0,Online
TXN059961,C436,CRD0663,Vida e Caffe,2026-01-30,169.28,Purchase,Approved,0,POS
TXN059962,C289,CRD0421,Gold Reef City,2026-04-25,342.32,Purchase,Approved,0,POS
TXN059963,C348,CRD0520,Ster-Kinekor,2025-12-15,83.14,Purchase,Approved,0,POS
TXN059964,C230,CRD0335,Incredible Connect,2025-11-22,2445.71,Payment,Declined,0,Online
TXN059965,C393,CRD0592,Gold Reef City,2026-05-26,486.84,Purchase,Approved,0,POS
TXN059966,C011,CRD0018,Bash.com,2025-12-25,2642.54,Purchase,Approved,0,Online
TXN059967,C162,CRD0241,Google Play,2026-05-15,44.99,Refund,Approved,0,Online
TXN059968,C464,CRD0706,McDonalds,2026-01-26,49.66,Purchase,Approved,0,POS
TXN059969,C546,CRD0800,Spotify,2026-05-08,13.68,Refund,Approved,0,Online
TXN059970,C347,CRD0519,Amazon.co.za,2026-05-17,2142.7,Purchase,Approved,0,Online
TXN059971,C342,CRD0512,Ster-Kinekor,2025-12-13,136.37,Purchase,Approved,0,POS
TXN059972,C303,CRD0443,Edgars,2026-03-15,297.81,Purchase,Approved,0,Online
TXN059973,C018,CRD0029,Mugg and Bean,2026-05-09,272.51,Purchase,Approved,0,POS
TXN059974,C291,CRD0425,Google Play,2025-12-19,208.95,Purchase,Approved,0,Online
TXN059975,C330,CRD0491,Apple iTunes,2026-04-02,331.93,Purchase,Approved,0,Online
TXN059976,C400,CRD0604,Truworths,2026-04-18,430.88,Purchase,Approved,0,ATM
TXN059977,C495,CRD0747,Apple iTunes,2025-11-27,153.23,Purchase,Approved,0,Online
TXN059978,C479,CRD0727,Mugg and Bean,2026-03-15,406.6,Withdrawal,Approved,0,ATM
TXN059979,C199,CRD0293,Nandos,2026-02-27,330.26,Purchase,Approved,0,POS
TXN059980,C353,CRD0531,Pep,2026-04-25,628.33,Withdrawal,Approved,1,ATM
TXN059981,C043,CRD0068,Netflix,2026-03-26,158.46,Purchase,Approved,0,Online
TXN059982,C201,CRD0296,Ster-Kinekor,2026-04-06,179.66,Purchase,Approved,0,POS
TXN059983,C466,CRD0709,Wimpy,2025-12-25,156.31,Purchase,Approved,0,Online
TXN059984,C472,CRD0717,Clicks,2026-04-02,189.43,Purchase,Approved,0,ATM
TXN059985,C062,CRD0095,Checkers,2025-12-09,868.43,Purchase,Approved,0,POS
TXN059986,C466,CRD0710,Google Play,2026-02-07,23.25,Purchase,Declined,0,Online
TXN059987,C298,CRD0437,Dis-Chem,2026-04-15,269.02,Purchase,Approved,0,POS
TXN059988,C539,CRD0793,Google Play,2025-12-27,197.66,Purchase,Approved,0,Online
TXN059989,C247,CRD0357,McDonalds,2026-05-03,61.85,Purchase,Approved,0,Online
TXN059990,C332,CRD0496,Pep,2026-03-25,162.08,Purchase,Approved,0,POS
TXN059991,C542,CRD0796,Dis-Chem,2026-02-27,758.37,Purchase,Approved,0,POS
TXN059992,C067,CRD0103,Google Play,2025-12-13,190.15,Purchase,Approved,0,Online
TXN059993,C451,CRD0685,Steers,2026-01-27,154.9,Withdrawal,Approved,0,ATM
TXN059994,C019,CRD0030,Mugg and Bean,2026-02-25,135.28,Withdrawal,Approved,0,ATM
TXN059995,C405,CRD0613,Nandos,2026-02-10,85.94,Purchase,Approved,0,POS
TXN059996,C342,CRD0512,Kulula,2026-01-29,1945.6,Purchase,Declined,0,Online
TXN059997,C102,CRD0156,Google Play,2026-04-16,278.35,Purchase,Approved,1,Online
TXN059998,C291,CRD0425,Clicks,2026-02-15,112.4,Purchase,Approved,0,Online
TXN059999,C327,CRD0487,Wimpy,2026-01-24,186.73,Purchase,Approved,0,POS
TXN060000,C370,CRD0557,McDonalds,2026-01-10,32.22,Refund,Approved,0,POS
